gene	log2fc	pval	qval	n_pairs
A1BG	-1.20178125	1.950201391356052e-15	1.4521532890796618e-14	96
A1CF	-0.18371149425287364	0.04010059193961199	0.05125450015676449	87
A2M	-1.330426041666667	3.899636697534763e-17	9.947780457703697e-16	96
AAAS	0.22716770833333336	1.6845847649749698e-07	3.7189467549249994e-07	96
AACS	0.23937083333333342	4.064285692665597e-05	7.08425375736386e-05	96
AAGAB	0.31098437500000004	7.474809220388576e-10	2.126738552145333e-09	96
AAK1	-0.20698229166666682	5.728827775249068e-10	1.6489046910124291e-09	96
AAMDC	-0.8538177083333331	6.0952924677524596e-15	3.891096846696374e-14	96
AAMP	0.0937364583333334	0.011723735012292355	0.015925195018722294	96
AAR2	0.07588749999999998	0.031080278128913626	0.04021554213440338	96
AARS	0.1293395833333333	3.608607473214076e-05	6.321187346682307e-05	96
AARS2	-0.0015677083333333279	0.4151230783119896	0.4530764165275969	96
AASDHPPT	0.04746354166666667	0.3401974850993411	0.37725370702999667	96
AASS	-0.39874189189189174	8.899507107909589e-10	2.512912171168579e-09	74
AATF	0.5766250000000002	1.2514236978313506e-15	1.0139856991244602e-14	96
ABAT	-0.20826770833333322	0.010416840027093576	0.014233519295676334	96
ABCA8	-1.8907645833333335	1.781293897222056e-17	9.541570874547247e-16	96
ABCB1	-0.4242864583333334	1.3953316614797295e-07	3.0997616281018233e-07	96
ABCB10	0.03209487179487179	0.7385977053899009	0.765171711775918	78
ABCB6	-0.2057	0.00034542691077335785	0.0005530952611881761	70
ABCB7	0.07566145833333336	0.0892704351811798	0.10869704640305612	96
ABCB8	-0.022185000000000017	0.7154713644359418	0.7431641715436962	80
ABCC1	0.22790625	6.760371288225606e-08	1.5501574791689943e-07	96
ABCC3	-0.5479562500000001	6.399716467482832e-13	2.691893277764409e-12	96
ABCC4	-0.2868376811594204	1.4201353624594386e-05	2.5939798929323096e-05	69
ABCD1	-0.14969347826086948	0.27745830540786187	0.312956921819325	46
ABCD3	0.05238645833333333	0.4182675528330816	0.4562856930011617	96
ABCE1	0.4137135416666668	1.302058794530649e-16	1.928816173110901e-15	96
ABCF1	0.16686041666666665	2.4093170779895304e-09	6.494217869116818e-09	96
ABCF2	0.3429124999999999	2.857264463458396e-14	1.5385496017927631e-13	96
ABCF3	0.17698124999999995	5.670340613345654e-11	1.8333645867439034e-10	96
ABHD10	0.06975833333333332	0.16717767591874133	0.19529775861724458	96
ABHD11	0.27829583333333324	2.357383949840714e-05	4.2096590150336305e-05	96
ABHD12	0.28910312500000007	2.519679353597722e-07	5.463648604811609e-07	96
ABHD14B	-0.3416999999999999	4.899454094025943e-09	1.2701096412990749e-08	96
ABHD16A	-0.04750208333333334	0.30620956749386696	0.3424504064538012	96
ABHD17C	-0.21054878048780484	0.001459773243368545	0.002193419639363845	41
ABHD6	-0.36602280701754386	4.6253817128527206e-07	9.789175366412903e-07	57
ABI1	-0.056592708333333325	0.003564696710098835	0.0051342958840818135	96
ABI2	-0.7151882352941175	1.9219125684634783e-06	3.81934580030257e-06	34
ABI3	-0.30216145833333347	2.9140272431338756e-11	9.741378279011238e-11	96
ABI3BP	-2.0064104166666676	1.7810758177901125e-17	9.541570874547247e-16	96
ABL1	-0.4529854838709679	6.566043062726119e-09	1.6800756257753444e-08	62
ABLIM1	-0.2757447916666667	2.6053434141400263e-09	6.9972974241254755e-09	96
ABO	-0.41150322580645143	0.00806064996868372	0.01113651166390014	31
ABR	-0.079359375	0.005543606605378041	0.00782167333658912	96
ABRACL	0.61530625	7.507072969187764e-11	2.3869645758426877e-10	96
ACAA1	0.01038333333333334	0.6114880757345884	0.6455514530748631	96
ACAA2	-0.4009708333333333	5.220346236782239e-10	1.5096749538788893e-09	96
ACACA	0.07408854166666667	0.04522410766529657	0.05730095152530211	96
ACAD10	-0.2698666666666667	4.757717778545978e-06	9.088704036521915e-06	96
ACAD8	-0.3300885416666666	2.3292869128684135e-11	7.880577861035899e-11	96
ACAD9	0.17985416666666665	4.0089280141110753e-07	8.535670595579563e-07	96
ACADM	-0.5105947916666668	4.117471029220958e-15	2.765320997097439e-14	96
ACADS	-1.030370833333333	1.0504453234193363e-16	1.677961351147697e-15	96
ACADSB	-0.2054739583333333	6.8446146067970295e-06	1.28701007278591e-05	96
ACADVL	-0.46709374999999986	2.1937947833077017e-15	1.6017125190248598e-14	96
ACAN	0.19653170731707326	0.06574129915275284	0.08151143522746605	41
ACAP1	-0.19766216216216212	0.016591070889262483	0.022146735892571028	37
ACAP2	-0.12709166666666663	6.636898081481036e-07	1.3823951949287882e-06	96
ACAT1	-0.7300364583333332	1.957519470477668e-17	9.541570874547247e-16	96
ACAT2	-0.3091625	5.139586813145928e-07	1.082281479265412e-06	96
ACBD3	0.21941666666666673	1.1428574041385971e-08	2.8503458454891627e-08	96
ACBD5	0.2490125	2.1128376180906926e-07	4.6157693193651766e-07	96
ACE	-0.5282562499999999	3.8704721278156035e-10	1.1354174685402224e-09	80
ACE2	0.3660682926829268	0.005424272336624279	0.007664583636565352	82
ACIN1	0.3011020833333334	1.950097083440405e-15	1.4521532890796618e-14	96
ACLY	0.3674020833333333	1.3999851313902164e-13	6.57277833904616e-13	96
ACO1	-0.41026041666666674	2.5040619429864356e-15	1.8006164603961413e-14	96
ACO2	-0.5799218750000003	1.7189604343636677e-15	1.3149949320576792e-14	96
ACOT1	-0.6828489583333329	1.840864346306569e-14	1.0343684170327278e-13	96
ACOT11	-0.2918364583333333	9.609838469386258e-08	2.1693272641693274e-07	96
ACOT13	-0.13470937499999996	0.03482666919377247	0.044812451787690735	96
ACOT7	0.0126125	0.6557229978069776	0.6881347712008468	96
ACOT8	0.24403854166666658	0.00013215419705397478	0.00022060774024262671	96
ACOT9	0.10036770833333335	0.04929582232446195	0.062237389308557566	96
ACOX1	-0.3028572916666668	8.549102119708622e-06	1.593662854157409e-05	96
ACOX2	-0.26771379310344834	0.029064036905765533	0.037752298857847234	29
ACOX3	0.029568749999999994	0.8349980762678727	0.8546151172663856	96
ACP1	-0.1688291666666667	0.0013686777561949803	0.0020630103496544873	96
ACP2	-0.04211666666666667	0.21813489131767294	0.25050787159367816	96
ACP5	-0.3311734693877552	0.00027346385010673657	0.00044251542941777514	49
ACP6	0.1205177083333333	0.023696267006038628	0.031147777300845055	96
ACSF2	-0.6176208333333332	4.659957436619263e-11	1.5243127470638048e-10	96
ACSF3	-0.05091354166666668	0.12084029071319694	0.14428145762499345	96
ACSL1	-0.24201979166666668	0.011505524982995606	0.01564462243836999	96
ACSL3	0.29207604166666673	3.139327920031706e-11	1.0426609413610257e-10	96
ACSL4	0.5699291666666667	5.587672016698306e-15	3.601309493894111e-14	96
ACSL5	0.21105104166666666	0.00542025603159212	0.0076605219540660475	96
ACSM3	-0.4136979166666667	1.608548109664915e-08	3.937157704393256e-08	96
ACSS1	0.14428958333333328	0.13501543965580776	0.15972819337873642	96
ACSS2	-0.4085895833333331	6.9272871964267616e-12	2.5041504356635865e-11	96
ACTA2	-0.2466263157894737	0.2933771514290129	0.32963780086036637	38
ACTBL2	-0.31094062499999986	8.551620870727496e-05	0.00014510467510136913	96
ACTG1	0.8418854166666664	9.385596097353852e-07	1.9193299539800698e-06	96
ACTG2	-1.7024406250000002	9.512260893248574e-14	4.60178632649022e-13	96
ACTL6A	0.36496979166666677	2.2781312396402462e-14	1.2507350643818666e-13	96
ACTN1	-1.2908270833333335	7.010016560460194e-14	3.4708635501201067e-13	96
ACTN2	0.0804875	0.04180550194660346	0.053342166709730424	96
ACTN4	0.07146666666666664	0.04107622747307572	0.052441562343837296	96
ACTR10	-0.37253125000000004	2.3979985110994164e-16	2.8836774580884603e-15	96
ACTR1A	-0.4825531250000002	1.2145611078019984e-15	9.903109851059257e-15	96
ACTR1B	-0.3389260416666666	2.4008212028746862e-12	9.294350519380422e-12	96
ACTR2	0.11834375000000004	2.065072369676337e-06	4.096561362554271e-06	96
ACTR3	0.09162604166666666	2.069364399510127e-05	3.715109916059257e-05	96
ACTR5	-0.11086785714285714	0.04931509102884686	0.06224928423566013	56
ACY1	0.096059375	0.22855192622885578	0.26153178969069324	96
ACYP1	-0.4486937499999999	2.842797267704123e-10	8.454045597972944e-10	80
ACYP2	-0.20893333333333325	0.00031349732529896386	0.0005044983342362073	87
ADA	-0.21637241379310337	0.00012364633737482698	0.00020686864774257214	87
ADA2	-0.5746237500000002	5.308569222576042e-12	1.9536583057741452e-11	80
ADAM10	-0.34741770833333335	8.513638242936567e-14	4.148591246847948e-13	96
ADAM15	-0.17268484848484844	0.11380159048842094	0.13648460325112907	33
ADAM17	0.14150340909090905	0.01980196775387646	0.02625002996655941	88
ADAM9	0.08983541666666667	0.01329381330753506	0.017941700559294452	96
ADAMDEC1	-0.5326666666666665	3.866660357761827e-06	7.437334959926634e-06	72
ADAMTSL4	-0.9810556818181823	1.2731705307823173e-15	1.0303620133918658e-14	88
ADAP1	0.22316770833333335	1.564547030225007e-05	2.845363520135422e-05	96
ADAR	0.5391677083333335	1.9577585447302082e-17	9.541570874547247e-16	96
ADCK5	0.1524857142857143	0.9186935424804688	0.9296402679489388	21
ADCY6	-0.6903054054054053	3.5952960364520498e-12	1.3604535312214778e-11	74
ADD1	-0.6281354166666665	1.8381851679476562e-17	9.541570874547247e-16	96
ADD2	-0.9644858974358973	1.5950128737539828e-13	7.415759785180506e-13	78
ADD3	-0.6377510416666665	3.662488769314172e-17	9.793023480830454e-16	96
ADGRE5	0.1595187499999999	7.786797208864963e-07	1.6089877537989921e-06	96
ADGRG1	0.6170438356164383	5.722501072438794e-09	1.4737911591167702e-08	73
ADH1B	-2.7225937499999997	1.9576390041525702e-17	9.541570874547247e-16	96
ADH1C	-2.1276749999999995	1.8966367946962143e-17	9.541570874547247e-16	96
ADH4	-1.461171052631579	1.0186340659856796e-10	3.18157167071598e-10	38
ADH5	-1.1458541666666664	1.838072737468209e-17	9.541570874547247e-16	96
ADI1	-0.08920898876404491	0.2996668025342477	0.3358611056134761	89
ADIPOQ	-0.9066454545454546	8.670613169670105e-07	1.7805676080598939e-06	33
ADIRF	-1.3434145833333329	3.682806355953502e-14	1.9303084251634412e-13	96
ADK	0.025178125	0.5130334438218604	0.5508869037453364	96
ADNP	0.5056833333333334	6.819300620699582e-17	1.3418999201962731e-15	96
ADO	-0.24025833333333343	3.306682359445832e-07	7.085446167206031e-07	96
ADPGK	0.2367572916666666	1.4772368446353952e-08	3.630423150194419e-08	96
ADPRH	-0.31771333333333335	7.802810082607691e-08	1.781185874250255e-07	90
ADPRHL2	-0.3805802083333334	1.643734672940938e-10	5.028819295627918e-10	96
ADRM1	0.6354697916666667	3.777828059781794e-16	3.954492482619797e-15	96
ADSL	-0.2550864583333333	1.2517567697969984e-09	3.4718071078622567e-09	96
ADSS	-0.0005666666666666875	1.0	1.0	96
ADTRP	-0.5826000000000001	0.0007674097903588073	0.0011857559381661074	37
AEBP1	0.4117104166666666	6.903793433586207e-06	1.2977738903314616e-05	96
AES	-0.39430370370370377	7.289648056030273e-05	0.00012431685004551883	27
AFAP1	-0.04063448275862071	0.4103938763130134	0.4482794718632378	87
AFAP1L2	-0.2875781609195402	1.7302824871936638e-06	3.45695807224011e-06	87
AFDN	0.07041874999999999	0.04463097294793487	0.05662428092051722	96
AFF4	0.2999068965517242	0.06551516801118851	0.08124607434141658	29
AFG1L	-0.2657909090909091	0.011472702026367188	0.015606317496937847	22
AFG3L2	-0.09517500000000002	0.00806407166792418	0.011138945196644705	96
AFM	-1.2948052083333335	6.438658451546985e-16	6.02724797378804e-15	96
AFTPH	-0.09198125000000001	0.029408055980149384	0.038169597131132174	96
AGAP1	-0.1415558139534884	0.1610298235452774	0.188509699208736	43
AGAP3	-0.12326296296296296	0.3705375945164521	0.4085627268236294	54
AGFG1	0.2187979166666668	1.0336065844700388e-13	4.971410707179854e-13	96
AGFG2	-0.4697729166666668	5.940579383176949e-12	2.1672293138517753e-11	96
AGK	0.07251562500000001	0.03530149150412784	0.04539729854345288	96
AGL	-0.6933312499999998	1.9571609108652048e-17	9.541570874547247e-16	96
AGMAT	0.26314895833333335	0.0005499790877795899	0.0008636956369233276	96
AGO1	-0.4235489583333336	1.7640848308895666e-14	9.953948806087554e-14	96
AGO2	-0.1377989583333334	0.00028280605072418443	0.0004569715304211352	96
AGO3	-0.4332362500000001	1.0594866246758628e-10	3.3014843311427605e-10	80
AGPAT1	-0.23385208333333338	7.934408270199648e-07	1.6363954837002592e-06	96
AGPAT2	0.15534431818181815	0.0015880497005437244	0.0023781753216401444	88
AGPAT3	0.06875208333333334	0.11441324095825936	0.13707151111593707	96
AGPAT5	0.19315312499999993	0.0001852223223091272	0.0003047220599244567	96
AGPS	0.18299270833333336	2.7773550212551476e-07	6.002988027577573e-07	96
AGR2	-0.06671979166666663	0.32711982065416456	0.3644987338928401	96
AGR3	-0.8191385416666663	1.9685828714838925e-09	5.357899588148249e-09	96
AGRN	-0.34334687499999994	4.659957436619263e-11	1.5243127470638048e-10	96
AGT	-1.0707697916666667	2.364022713906771e-17	9.541570874547247e-16	96
AGTRAP	-0.08337746478873241	0.21581373432967166	0.24809704311476477	71
AHCTF1	0.15860729166666668	1.1185802963352445e-08	2.793952050675039e-08	96
AHCY	0.29689375000000007	1.0888633248722383e-06	2.211772683338832e-06	96
AHCYL1	-0.4933895833333333	5.026807329501352e-13	2.1521921106333486e-12	96
AHCYL2	-1.0212354166666666	1.1446992822455048e-15	9.4583805363459e-15	96
AHNAK	-1.0510656250000006	1.9577585447302082e-17	9.541570874547247e-16	96
AHNAK2	-1.2674593749999998	7.770388001212067e-16	6.9419973973775235e-15	96
AHR	0.09933999999999996	0.04379707918125639	0.055629421474261476	65
AHSA1	0.23613750000000003	2.2139329795112598e-10	6.666641094946607e-10	96
AHSG	-1.1398447916666672	3.2477861092796733e-16	3.5378387111037558e-15	96
AHSP	-1.342810810810811	5.400915026866163e-06	1.0273529604549216e-05	37
AIDA	-0.32613541666666673	1.852167685703106e-10	5.622906863760228e-10	96
AIF1	-0.07193863636363639	0.2972747139992834	0.33362597126483645	88
AIFM1	0.19605520833333326	3.1736330954769086e-06	6.1448497655280175e-06	96
AIFM2	-0.38013859649122816	4.820145694079188e-06	9.205339442521286e-06	57
AIG1	0.09746521739130438	0.975734716867293	0.9786521476248571	23
AIM1	0.3326947916666666	9.254766323148469e-08	2.09128417857875e-07	96
AIMP1	0.28185208333333345	9.131097725465409e-15	5.5792836648585995e-14	96
AIMP2	0.3584885416666666	7.0432820270338885e-15	4.412760289542459e-14	96
AIP	-0.04762812499999997	0.07977421380935291	0.09773652309111554	96
AK1	-1.0551760416666667	4.848841191360182e-17	1.1065582788653538e-15	96
AK2	0.14382083333333337	0.0006685396697840735	0.00103945136606752	96
AK3	-0.2432697916666666	5.961787241536555e-07	1.249145240583034e-06	96
AK4	-0.19552604166666668	0.03165528961369634	0.040927989596895115	96
AKAP1	0.1603645833333334	3.637566860724637e-05	6.36692827252846e-05	96
AKAP12	-1.2844531249999995	1.5649629053483515e-16	2.138480918970842e-15	96
AKAP13	-0.04760000000000001	0.05232635586575289	0.06577806286365677	96
AKAP17A	0.18782380952380956	0.0011742862379643248	0.0017821392682829656	63
AKAP5	-0.7846062499999998	7.36233980740977e-05	0.00012546085285220255	32
AKAP8	0.30607499999999993	1.6967724727952292e-13	7.850790703436685e-13	96
AKAP8L	0.2949072916666667	6.751529277940419e-13	2.8327711022953265e-12	96
AKAP9	-0.09637395833333336	0.0005574809107791199	0.000873456195800354	96
AKR1A1	-0.28590625000000003	3.359276557776703e-09	8.901021495309598e-09	96
AKR1B1	-0.7230135416666665	2.467690073214028e-15	1.776366169655892e-14	96
AKR1B10	-1.638278125	7.541962760960495e-16	6.810098003133777e-15	96
AKR1C2	-1.5797095890410955	2.1927062865990825e-13	1.0014204545128145e-12	73
AKR1C3	-0.6088593750000001	4.395863891563691e-08	1.0279487922098572e-07	96
AKR1D1	-0.5572013888888887	9.503107023683536e-05	0.00016064552708016457	72
AKR7A2	-0.6948541666666669	1.8793014370409875e-16	2.420700276693723e-15	96
AKR7A3	-0.3063864583333332	0.00010407585056448712	0.0001750495821618088	96
AKT1	-0.325340625	1.341132631625775e-11	4.6814041756385666e-11	96
AKT1S1	-0.3894051282051282	5.2219257600656505e-09	1.349533895388307e-08	78
AKT2	-0.14499218750000004	0.005292178280337203	0.007492134222996896	64
AKTIP	-0.24741842105263162	0.00010579609079286456	0.00017784664824087404	38
ALAD	-0.651360416666667	1.3678619886415848e-15	1.0927095855126882e-14	96
ALB	-1.6810062499999996	3.1512900002407938e-16	3.471789634165016e-15	96
ALCAM	-0.4962750000000002	3.011934489057469e-09	8.01549721820173e-09	96
ALDH16A1	-0.27754270833333333	3.580605537571945e-14	1.8885442257523727e-13	96
ALDH18A1	0.6132458333333334	3.45057087459856e-16	3.686494303056014e-15	96
ALDH1A1	-2.0511479166666677	2.0202061895772765e-17	9.541570874547247e-16	96
ALDH1A3	0.2420270833333333	0.005008124878459802	0.007104992558593109	96
ALDH1B1	-0.08084791666666669	0.6729707803115772	0.70456088089719	96
ALDH1L1	-0.6242187500000002	2.03067875135841e-08	4.9112558553942226e-08	96
ALDH1L2	-0.412425	5.3333336235054155e-11	1.7285669217438566e-10	96
ALDH2	-0.12393750000000003	0.020914390673370146	0.02765910645133852	96
ALDH3A2	-0.5947281250000002	8.006506895147542e-16	7.077161364893921e-15	96
ALDH4A1	0.241525	0.0033026682193807127	0.004772259548530089	96
ALDH5A1	0.17686458333333335	0.03626694320031604	0.046523129363310524	96
ALDH6A1	-0.6511416666666664	5.587961220962542e-15	3.601309493894111e-14	96
ALDH7A1	-0.2710500000000002	5.625754824941847e-08	1.3010406453131627e-07	96
ALDH9A1	-0.6117166666666666	3.45057087459856e-16	3.686494303056014e-15	96
ALDOA	-0.13026979166666666	0.0011299627869711993	0.0017186398408047556	96
ALDOB	0.17265624999999993	0.029680810783493865	0.03850871389411339	96
ALDOC	-0.06092812499999998	0.1840644252348389	0.21368587731323554	96
ALG1	0.2648739583333332	2.1633394029580818e-08	5.2151793224742265e-08	96
ALG11	0.06073625000000001	0.23899990730518372	0.2725565830546452	80
ALG12	-0.309843076923077	6.817652478043835e-06	1.2826592954345511e-05	65
ALG13	-0.17996075949367096	0.012343128839495269	0.01673268365006542	79
ALG14	-0.11005	0.045679688453674316	0.05785633940640004	24
ALG2	0.007787499999999999	0.9286601647486212	0.9384517314804187	96
ALG5	0.3372083333333333	6.0170244282821794e-12	2.1939248309426705e-11	96
ALG8	0.11800000000000002	0.21616744995117188	0.24846109674874287	20
ALG9	-0.13874482758620693	0.03657813229283339	0.046904183782992964	58
ALKBH5	-0.17831739130434784	0.14740098861048523	0.17325039113310184	46
ALOX15	-0.3489093749999999	2.3008831870456982e-06	4.5295262036061e-06	96
ALOX5	0.14215104166666662	0.03435791081941746	0.04426021960204911	96
ALOX5AP	-0.0928090909090909	0.42435701200144826	0.46232724805419234	88
ALPL	0.02193793103448275	0.9229010474478536	0.9331941412701809	58
ALYREF	0.28268437499999993	2.013164661555053e-10	6.086670443611019e-10	96
AMACR	0.6693166666666669	8.451235662537253e-08	1.9187593928921298e-07	96
AMBP	-1.3440718749999998	2.0200829402503628e-17	9.541570874547247e-16	96
AMDHD2	-0.1327084507042253	0.05139771308242954	0.06473197992679178	71
AMPD2	0.20337083333333342	1.8398320514270688e-09	5.0299238928379e-09	96
AMPD3	0.24772187500000006	1.5409784009290528e-07	3.412021152420137e-07	96
AMT	-0.6659093749999999	9.407402195863986e-12	3.3464613643717646e-11	96
AMY2A	-1.07775641025641	2.7831338229589164e-05	4.9214667417584e-05	39
ANAPC1	-0.11473939393939393	0.03209694123078004	0.04145906405800987	66
ANAPC16	-0.29419999999999996	0.008009910583496094	0.01106869003185897	21
ANAPC2	-0.19514999999999996	0.11398696899414062	0.13666676941580466	20
ANAPC4	-0.43273142857142843	4.3821174334129955e-08	1.0250915572094765e-07	70
ANAPC5	0.14356111111111114	0.00011042456501162515	0.00018520960166574826	72
ANAPC7	0.42149062499999973	1.997818792694332e-16	2.5197181734799374e-15	96
ANG	-0.591623958333333	4.1363291638698835e-16	4.2497139908733616e-15	96
ANGPTL2	-0.5711239583333333	2.2450421041068314e-10	6.754254473745619e-10	96
ANK1	-1.172507291666667	9.672850305883073e-15	5.872864497933895e-14	96
ANK2	-1.5194770833333342	1.7811848543493422e-17	9.541570874547247e-16	96
ANK3	-0.6226270833333336	2.219852824242089e-17	9.541570874547247e-16	96
ANKFY1	-0.33160104166666654	1.714629492839566e-14	9.723963877819653e-14	96
ANKHD1	-0.011579166666666668	0.6877027749373991	0.7168737684257733	96
ANKLE2	0.035636842105263154	0.6592426438298021	0.6911796995552653	57
ANKMY2	-0.2884124999999999	6.094433481864151e-12	2.2163061364788082e-11	96
ANKRD13A	-0.49193333333333306	1.2147588522623013e-15	9.903109851059257e-15	96
ANKRD17	0.18818227848101265	2.776458990035672e-06	5.419168191300574e-06	79
ANKRD22	0.7517510416666665	3.894297489797384e-16	4.050673156441961e-15	96
ANKRD27	-0.5762090909090909	1.759268343448639e-06	3.510687482509494e-06	33
ANKRD28	0.055150574712643695	0.04263001759233761	0.05423948189398692	87
ANKRD44	-0.3635552083333334	2.3292869128684135e-11	7.880577861035899e-11	96
ANKRD54	-0.060424000000000005	0.18444897927691706	0.2140207889949562	50
ANKS1A	-0.26247499999999996	8.451235662537253e-08	1.9187593928921298e-07	96
ANKS4B	-0.340525	1.988239935383938e-08	4.81208575991733e-08	96
ANLN	0.8906857142857143	4.0978193283081055e-07	8.711112127255729e-07	28
ANO1	0.010283582089552233	0.9800656654244342	0.9822618089830488	67
ANO10	-0.47733125000000004	6.214454061446515e-17	1.2868900889260009e-15	96
ANO6	-0.3722385416666669	9.831035441023015e-09	2.4712033261080334e-08	96
ANP32A	0.39090729166666666	9.672358412280642e-15	5.872864497933895e-14	96
ANP32B	0.495090625	6.493271514505173e-16	6.02724797378804e-15	96
ANP32E	0.48706145833333364	1.0002317022818913e-14	6.045544586134423e-14	96
ANPEP	-0.6637156250000003	3.71348054137864e-10	1.0919429757024171e-09	96
ANTXR1	0.3737000000000002	0.004085188270660565	0.0058500593613365496	54
ANTXR2	-0.7942454545454548	1.5586414314606968e-15	1.21169471189685e-14	88
ANXA1	-0.3126677083333334	4.946957483169759e-05	8.553901483140699e-05	96
ANXA11	-0.20403645833333336	1.5251525017174242e-08	3.741224180629689e-08	96
ANXA13	-0.5559666666666666	2.4709911839028807e-07	5.363273973731617e-07	96
ANXA2	-0.10059166666666668	0.020314423005954006	0.02689215942125995	96
ANXA3	0.7868302083333337	4.741357927030867e-14	2.424642146463314e-13	96
ANXA4	0.30078333333333335	2.1059014592388096e-09	5.71309862112138e-09	96
ANXA5	-0.3659489583333333	6.655608114657071e-09	1.7016949253519164e-08	96
ANXA6	-0.8752333333333335	1.7144583344043245e-14	9.723963877819653e-14	96
ANXA7	-0.4618729166666667	6.6482413725730314e-15	4.188295508985099e-14	96
AOC1	-0.8040062499999999	7.620057639342884e-14	3.7480180866826546e-13	96
AOC3	-2.17884375	2.084618494063428e-17	9.541570874547247e-16	96
AOX1	-0.917091304347826	1.6689300537109375e-06	3.339353334430862e-06	23
AP1B1	-0.13095104166666668	1.0788300562770527e-06	2.1932941962311353e-06	96
AP1G1	0.01978020833333333	0.4203715119918586	0.4583577240380421	96
AP1G2	0.015821874999999996	0.5356487981718485	0.572787342514334	96
AP1M1	0.028674999999999996	0.5320444428935982	0.5692059895895325	96
AP1M2	0.009091666666666663	0.8378523031043097	0.8572748362859255	96
AP1S1	0.049585416666666667	0.2859449021638445	0.32187992426463635	96
AP1S2	-0.1983708333333334	0.0005198003694104614	0.0008176648718346508	48
AP2A1	0.10762708333333339	1.8777765022431206e-07	4.118340161343281e-07	96
AP2A2	-0.37957812500000015	5.662583519405807e-17	1.2062550249635281e-15	96
AP2B1	-0.025126041666666654	0.6166232145751882	0.6502554458637123	96
AP2M1	-0.17148750000000004	2.9632526271311968e-08	7.060009750087139e-08	96
AP2S1	-0.12610937500000002	0.0012204164772513665	0.00184867332261897	96
AP3B1	0.08952916666666667	5.468276390120903e-06	1.0393197810886703e-05	96
AP3D1	0.13607083333333328	7.583431374113179e-09	1.9278984876440057e-08	96
AP3M1	-0.04419687499999999	0.028868479363780383	0.037527345098159776	96
AP3M2	-0.1378746835443038	0.01286364561855927	0.0173926236305752	79
AP3S1	0.020227083333333336	0.12527963347644486	0.14928970887983456	96
AP5B1	-0.4270887323943663	2.8181988049959824e-09	7.535789470991647e-09	71
AP5Z1	-0.03510357142857142	0.973184622824192	0.9763863667605062	28
APAF1	-0.02396562500000002	0.8236032499666509	0.8439826186079519	96
APBB1IP	-0.3567583333333333	1.9114656693465165e-07	4.188119913666159e-07	96
APBB2	-0.0990138888888889	0.28559634322300553	0.3215415114420447	36
APCS	-1.701520833333334	4.7001234215024505e-17	1.106491511106878e-15	96
APEH	-0.24757708333333325	8.623574487985594e-08	1.9559496486333788e-07	96
APEX1	0.24893749999999992	6.565611207145966e-11	2.1025625579351924e-10	96
API5	0.45010416666666675	1.4717271733313914e-16	2.092514524373062e-15	96
APIP	-0.20536354166666662	7.291943167610786e-07	1.513196619594827e-06	96
APLP2	0.02034895833333333	0.6282460724170453	0.6616802040574501	96
APMAP	0.4325687499999999	3.833260800010859e-12	1.4383303527557524e-11	96
APOA1	-1.2074385416666666	1.8798402804552536e-16	2.420700276693723e-15	96
APOA2	-1.310889583333333	1.0850215696987053e-14	6.522768558341052e-14	96
APOA4	-1.1792750000000005	8.732313701098553e-17	1.5060435120994909e-15	96
APOB	-0.8303291666666667	5.686899065999046e-14	2.8579330212574984e-13	96
APOBEC3C	-0.377005	0.0019440584341867799	0.0028804523045404384	20
APOBEC3F	-0.23161538461538456	0.07957255840301514	0.09752508117022808	26
APOBEC3G	0.0173258064516129	0.3519269028077203	0.38935976103842274	31
APOBR	-0.5513500000000001	4.9753308173775875e-15	3.2533620325327714e-14	96
APOC1	-0.7516583333333334	6.893773824264653e-11	2.2003809726046326e-10	96
APOC2	-0.920855172413793	7.130457183004728e-11	2.271521236504213e-10	87
APOC3	-0.8914291666666666	3.735000815304918e-12	1.4079330850165573e-11	96
APOD	-0.5643854166666669	2.576551584495108e-09	6.922741121496868e-09	96
APOE	-0.5732656250000002	2.382419672459492e-09	6.432053755545565e-09	96
APOF	-0.29362222222222223	0.07700053814915009	0.09458011908506919	36
APOH	-0.7974187500000002	2.1624590435227076e-12	8.444666893477209e-12	96
APOL1	-0.8273057471264365	4.433614306073319e-13	1.9178026034458996e-12	87
APOL2	0.18759583333333343	0.0024207304323303714	0.003551428049530825	96
APOL3	-0.08178854166666667	0.19203247877373086	0.22224355702828366	96
APOM	-0.6949041666666664	6.070640581526165e-10	1.7442367306834705e-09	96
APOO	-0.03968541666666666	0.13741676408868003	0.16232795092300456	96
APOOL	-0.30218854166666675	2.0616222932820813e-10	6.227565945803459e-10	96
APP	0.28392395833333334	1.0902143065195273e-12	4.419485064918132e-12	96
APPL1	-0.4533020833333334	2.2909584079656233e-17	9.541570874547247e-16	96
APPL2	-0.4374281250000002	3.611305354218105e-15	2.4697500123801493e-14	96
APRT	0.13595312499999998	0.007977129353996545	0.011028150446766432	96
APTX	0.044444736842105266	0.5562649055791553	0.5922587497673892	38
AQP1	-1.2067436781609198	3.24183805995197e-13	1.4346630306212248e-12	87
AQP8	-2.5507913793103443	6.21649054606266e-11	1.9974346299585434e-10	58
AQR	0.14992187500000007	2.4709343451039123e-07	5.363273973731617e-07	96
ARAF	-0.18563611111111106	2.789174315755009e-06	5.4397007222094065e-06	72
ARAP1	0.08111874999999999	0.07046904972904966	0.08698746175385356	96
ARCN1	0.2375020833333333	6.001077316246884e-10	1.7249883339631682e-09	96
ARF1	0.23034827586206888	0.02991486033385212	0.038804871999190624	87
ARF3	0.6148615384615385	0.0004383921104502172	0.0006948199076330042	65
ARF4	0.14324374999999998	0.0011819261434041508	0.001792797308636321	96
ARF5	0.038827083333333345	0.4760991251488331	0.5136939579645419	96
ARF6	-0.278715625	1.0668101203187455e-10	3.3166029180808454e-10	96
ARFGAP1	0.42220833333333313	1.4016579247194865e-12	5.607467511593939e-12	96
ARFGAP2	0.18719999999999992	2.0739964702052863e-08	5.0069961563898045e-08	96
ARFGAP3	0.1717270833333333	0.00015544108235472791	0.00025813223304897763	96
ARFGEF1	0.12056250000000002	0.029956698899721017	0.03884430080766308	96
ARFGEF2	0.1934833333333333	1.396317884346762e-06	2.8123376421742496e-06	96
ARFGEF3	0.11922686567164174	0.009360351150723133	0.012852762151085039	67
ARFIP1	-0.03453645833333333	0.3552049050402125	0.3927273744091605	96
ARFIP2	0.05263103448275859	0.13406417913678487	0.15879883083133645	87
ARFRP1	0.034864556962025325	0.3381305189126167	0.3752717372017776	79
ARG1	0.194465625	0.030320697484294924	0.03929332807072332	96
ARGLU1	0.45207604166666693	2.857264463458396e-14	1.5385496017927631e-13	96
ARHGAP1	-0.001495833333333341	0.5649163882106127	0.6006377255950873	96
ARHGAP10	-1.1383656250000003	1.0831837854418467e-16	1.7140337954765985e-15	96
ARHGAP12	-0.029171875	0.45385436427387893	0.49220406376877784	64
ARHGAP15	-0.1987944444444444	0.062117590656271204	0.07734723751167845	36
ARHGAP17	-0.21196354166666662	2.400720838214444e-12	9.294350519380422e-12	96
ARHGAP18	0.143428125	4.246175314785571e-06	8.143965176356887e-06	96
ARHGAP21	-0.24137837837837842	0.004577640313073061	0.00651769712657198	37
ARHGAP25	-0.09711354166666668	0.05597829889026282	0.07017160075761832	96
ARHGAP26	0.05179444444444445	0.21078399243779056	0.24256428906777647	72
ARHGAP27	-0.08084687500000001	0.06658514294559052	0.08245103802546454	96
ARHGAP30	-0.11295476190476189	0.1955963560035343	0.22609509862641483	42
ARHGAP32	0.024124137931034476	1.0	1.0	29
ARHGAP35	-0.23945862068965515	7.83436273767354e-08	1.7871723769823796e-07	87
ARHGAP4	0.0013135416666666764	0.9461002291847517	0.953205181836085	96
ARHGAP45	-0.18387499999999993	0.0011372234461961034	0.0017285074989872354	96
ARHGAP5	-0.322815625	1.0670420207600987e-09	2.9815847218990014e-09	96
ARHGAP6	-1.1743583333333332	5.820766091346741e-11	1.8801887196362678e-10	36
ARHGAP9	-0.1976918918918919	0.020975199041107676	0.027717669956035335	74
ARHGDIA	-0.339159375	0.0009548606136649373	0.0014636104302367032	96
ARHGDIB	-0.012349999999999967	0.9069092279090939	0.9193795723847251	96
ARHGEF1	0.19442083333333338	1.2451884788590446e-08	3.09062874756394e-08	96
ARHGEF10L	-0.09981562499999996	0.014276834575292491	0.019191200794557668	96
ARHGEF11	-0.31446666666666667	4.199814580064987e-08	9.838182967058659e-08	57
ARHGEF12	-0.11970104166666663	1.409176649809496e-06	2.8366480658851078e-06	96
ARHGEF16	0.022502083333333357	0.5320444428935982	0.5692059895895325	96
ARHGEF17	-0.642773958333334	1.0923474098373493e-13	5.231438844678934e-13	96
ARHGEF18	0.09878437499999998	0.051009246980462435	0.06427893275580812	96
ARHGEF2	0.13537395833333335	0.000104080009426659	0.0001750495821618088	96
ARHGEF37	-1.2118177215189871	4.672015417025996e-14	2.3945417442954476e-13	79
ARHGEF40	-0.03629523809523808	0.45967411330609953	0.4978937078092705	63
ARHGEF5	0.18743142857142858	0.004790941942671405	0.006811279824832053	70
ARHGEF6	-0.18350833333333336	9.385833756385154e-06	1.744309104476122e-05	96
ARHGEF7	-0.020789583333333347	0.47046234635038486	0.5081841702889602	96
ARID1A	0.05851494252873563	0.031718322819482885	0.04099393365985047	87
ARID1B	-0.0465814814814815	0.3798924789106569	0.4180250354291615	81
ARID2	0.03940169491525423	0.3377638461235728	0.3749268106623179	59
ARID3A	0.6777042857142855	7.842252809819237e-07	1.6193805509719073e-06	70
ARIH1	-0.19180729166666657	3.1010243029984113e-05	5.469182978132582e-05	96
ARIH2	-0.18990684931506852	0.00015366697499711183	0.0002553124653926754	73
ARL1	-0.018141666666666657	0.43635197858984287	0.47431714587803886	96
ARL15	-0.18529687499999994	2.24510042431601e-05	4.014493269385957e-05	96
ARL2	-0.10001979166666668	0.14684631381543406	0.17265894135782459	96
ARL2BP	-0.3369203703703703	1.5743322138836719e-07	3.4812771334692e-07	54
ARL3	-0.4376302083333335	4.845772375562788e-09	1.2576513295029302e-08	96
ARL6	-0.842077142857143	9.837094694375992e-09	2.471800311032529e-08	35
ARL6IP1	0.1719760416666666	3.7548391291485616e-05	6.563827088804977e-05	96
ARL6IP4	0.011016666666666676	0.2257398195752771	0.25853336454942544	96
ARL6IP5	-0.3342260416666667	5.428178215578526e-15	3.511827159914786e-14	96
ARL6IP6	-0.14636428571428575	0.001783114427506285	0.0026560645413276347	56
ARL8A	-0.19752469135802475	0.00045606686807217353	0.0007209596177889284	81
ARL8B	0.02176249999999998	0.6863585598187781	0.7158059346843125	96
ARMC1	-0.17358541666666658	1.3835719964201989e-06	2.789178042062234e-06	96
ARMC10	0.40175624999999987	4.5932552375168565e-12	1.7034908451354666e-11	96
ARMC6	0.2242906250000001	6.043129070398437e-08	1.3927637558675065e-07	96
ARMC8	-0.23098505747126447	9.029308294793517e-07	1.8508288832804676e-06	87
ARMCX2	-0.6671471428571426	6.532013170453496e-12	2.3688257492201354e-11	70
ARMCX3	0.4158854166666666	6.230623008939491e-13	2.6306639249197633e-12	96
ARMT1	0.03497395833333333	0.3894633918179796	0.42757484793107925	96
ARPC1A	-0.6955489583333332	2.943785808093072e-17	9.541570874547247e-16	96
ARPC1B	0.4442218750000002	2.194028625702558e-15	1.6017125190248598e-14	96
ARPC2	0.06174479166666665	0.06058757388507671	0.07556832742052047	96
ARPC3	0.17004999999999995	3.2554106515831412e-09	8.63945809393643e-09	96
ARPC4	-0.03651874999999997	0.35806382217293575	0.39582306524274613	96
ARPC5	0.2554604166666666	1.1524109304506698e-11	4.06067485945039e-11	96
ARPC5L	-0.1630729166666667	2.479338801755445e-05	4.414512744420722e-05	96
ARPP19	-0.5776098765432096	9.905899924264886e-09	2.4881573415160282e-08	81
ARR3	-0.9284250000000003	6.45597596827032e-16	6.02724797378804e-15	88
ARRB1	-0.8663583333333332	2.1511874056686433e-17	9.541570874547247e-16	96
ARRB2	-0.015863541666666658	0.7134261745612845	0.7412693518865817	96
ARRDC1	0.31896666666666673	2.2237042805605565e-07	4.84692398254736e-07	72
ARSA	-0.6841624999999998	9.296819021225645e-13	3.801039813236273e-12	96
ARSB	-0.303653086419753	4.537035918051583e-07	9.61736934414157e-07	81
ARSD	-0.4199875	0.005330443382263184	0.007539941946363841	24
ARSE	0.1431333333333333	0.07546897984010593	0.092783834661402	87
ARVCF	-0.2691210526315789	0.0020785838671288272	0.003070281630243792	57
ASAH1	-0.12520312500000005	0.02324821679239164	0.030588799070436462	96
ASAP1	0.018743859649122823	0.796237692287054	0.8191931724511341	57
ASAP2	-0.2790291666666665	1.792157245255033e-06	3.573130151089455e-06	72
ASCC1	0.16545535714285714	0.036778569667387816	0.04715219260433878	56
ASCC2	-0.05923541666666666	0.13597198255671042	0.16077515385925129	96
ASCC3	0.1712989583333333	1.946398807701748e-08	4.7148593339916076e-08	96
ASF1A	-0.06534615384615385	0.30870273186883423	0.3450660826571158	39
ASH2L	0.29612604166666673	1.5625735965861773e-13	7.280073791317128e-13	96
ASL	-0.18675416666666667	0.0007005041098255714	0.0010864029245578751	96
ASMTL	-0.17893020833333342	3.917703798218325e-06	7.529038894943208e-06	96
ASNA1	-0.10008541666666669	3.467950490901542e-05	6.082831465713033e-05	96
ASNS	0.6294614583333334	1.0773112051928304e-13	5.173715730593199e-13	96
ASPH	0.29772187499999986	1.1194661739061152e-10	3.475720555534627e-10	96
ASPN	-1.5009635416666667	1.04700930670279e-15	8.769519898463193e-15	96
ASPSCR1	0.04438645833333333	0.3002026817503819	0.33634933063849565	96
ASRGL1	-0.18145818181818182	0.044784694989224855	0.056808568478485456	55
ASS1	0.2809041666666667	0.0009424997686541251	0.0014456403630316703	96
ATAD1	0.06748333333333333	0.019442529573017127	0.025783738071826826	96
ATAD2	0.5953692307692305	6.940899766050279e-07	1.4439223730366302e-06	39
ATAD3A	0.6468197916666665	3.6633683123689886e-17	9.793023480830454e-16	96
ATE1	-0.5027666666666666	1.0923474098373493e-13	5.231438844678934e-13	96
ATF1	0.11882499999999999	0.09974115854711106	0.12063519608663568	32
ATF7IP	0.1158965517241379	0.5647306069731712	0.6006305710499376	29
ATG12	-0.2156818181818182	0.0408780377254061	0.05219846880467254	44
ATG16L1	-0.10430729166666665	0.00023333087055065052	0.00037995553653502774	96
ATG3	0.03344479166666667	0.13693407886563289	0.1618267985044092	96
ATG4B	0.0053156249999999974	0.9083915077825921	0.9206040220110893	96
ATG5	-0.1668770833333333	1.5747061912349257e-08	3.8585477856081503e-08	96
ATG7	-0.1279395833333333	1.7562583910129323e-05	3.175940039165974e-05	96
ATG9A	-0.004813461538461532	0.8199005280077706	0.8412161863288167	52
ATIC	0.12083020833333331	0.0004638069457856314	0.0007328499291747059	96
ATL1	-0.847763541666667	5.589176477972361e-16	5.3876127860224965e-15	96
ATL2	-0.2776447916666667	9.416230030684174e-09	2.3740506304344277e-08	96
ATL3	-0.544960416666667	2.122222130329087e-14	1.1718508866154603e-13	96
ATM	-0.08013124999999997	0.0180622716440483	0.024024540138762894	96
ATOX1	-0.08702499999999996	0.2603654734680537	0.2948669752696105	96
ATP11B	-1.3493281249999998	5.58855563185269e-16	5.3876127860224965e-15	96
ATP11C	-0.18650508474576277	0.0038417113666304953	0.00551670410075428	59
ATP12A	0.2172388888888889	0.024349331765690114	0.03196862364305576	54
ATP13A1	0.21330416666666663	9.92124014074771e-11	3.103437417718671e-10	96
ATP1A1	-0.09211770833333333	0.08858512987257507	0.1079399993307494	96
ATP1A2	-1.914957471264368	7.460968778039026e-16	6.76427561241403e-15	87
ATP1A3	-0.7896823529411764	2.9453076422214508e-08	7.024553491526383e-08	34
ATP1B1	-0.20681562500000003	0.0031316070396137908	0.004538766824102165	96
ATP1B3	-0.10096666666666665	0.061344092057473855	0.07644084576775485	96
ATP2A1	-0.694218181818182	9.481495661572546e-14	4.592877573537199e-13	88
ATP2A2	0.12538333333333335	3.889044831372653e-06	7.476780377632617e-06	96
ATP2A3	-0.5688895833333333	1.1544198837524604e-13	5.489273801595421e-13	96
ATP2B1	-0.2856666666666666	1.8133681175394626e-11	6.237158882147759e-11	96
ATP2B2	-0.42228124999999994	4.209578037261963e-07	8.940189633425295e-07	32
ATP2B4	-1.8063406250000007	7.717795458902494e-17	1.4382969370493566e-15	96
ATP2C1	0.31812386363636364	9.61732797544844e-13	3.924735607499001e-12	88
ATP5A1	-0.45445312499999996	2.1890989814271578e-16	2.680201366477361e-15	96
ATP5B	-0.5215479166666666	8.208409798906251e-17	1.480556103538025e-15	96
ATP5C1	-0.29945104166666664	3.546269229132741e-12	1.342880263293893e-11	96
ATP5D	-0.42740937499999987	1.8384020034693666e-15	1.3843434295524861e-14	96
ATP5E	-0.4206552083333334	1.7241781915629704e-10	5.258142823195325e-10	96
ATP5F1	-0.4557666666666665	6.612280025645093e-17	1.3282756477231894e-15	96
ATP5G1	0.057436458333333336	0.967935655132704	0.971846879471452	96
ATP5H	-0.5284531250000001	4.022863260648843e-17	1.0146387073568828e-15	96
ATP5I	-0.4107968749999999	3.1197044865026015e-15	2.1851156177318043e-14	96
ATP5J	-0.62274375	6.094433481864151e-12	2.2163061364788082e-11	96
ATP5J2-PTCD1	-0.3338718750000001	5.303355982849203e-14	2.683274154520008e-13	96
ATP5L	-0.39110208333333335	2.7777808197724057e-14	1.5029138322462153e-13	96
ATP5O	-0.42120625000000017	3.248152716846292e-16	3.5378387111037558e-15	96
ATP5S	-0.0021322916666666465	0.8321460211750145	0.8520860280926698	96
ATP5SL	0.1370034090909091	0.08199197545635219	0.10023399477708944	88
ATP6AP1	0.24864479166666661	5.345667028966682e-06	1.0174207119812049e-05	96
ATP6AP2	0.26484375	8.875883292229485e-07	1.819935849864536e-06	96
ATP6V0A1	-0.06557083333333333	0.006233173942615887	0.008726703668825123	96
ATP6V0A2	0.21787656249999998	9.84998557462852e-06	1.827531892151071e-05	64
ATP6V0C	-0.03381400000000002	0.5984627102635613	0.6331944997883981	50
ATP6V0D1	0.1968020833333333	1.2504078879129523e-07	2.7907473453120416e-07	96
ATP6V1A	0.031432291666666674	0.1781040087665099	0.2072679609392047	96
ATP6V1B2	0.004366666666666667	0.9868798376319221	0.988648175402802	96
ATP6V1C1	0.23945625000000006	5.30439972183906e-13	2.2552102492913976e-12	96
ATP6V1D	-0.06328020833333335	0.06210732159111935	0.07734723751167845	96
ATP6V1E1	0.055611458333333336	0.06631347043731924	0.08216012431467679	96
ATP6V1F	0.025586458333333336	0.5514072881493098	0.5877647753723737	96
ATP6V1G1	0.2462520833333333	1.7988601771602858e-09	4.9219220752725764e-09	96
ATP6V1H	-0.10792291666666663	8.950129257799083e-05	0.00015163236664286373	96
ATP8A1	-0.37275151515151517	0.0003265216766357006	0.000524075102523664	66
ATP8B1	-0.6149812500000001	8.815914499927118e-13	3.62192102755732e-12	96
ATP9A	-0.17173333333333338	0.010047829488851138	0.013748906392148132	96
ATPAF1	-0.10813437499999999	0.012227663526724124	0.016586209988029142	96
ATPAF2	-0.03576582278481012	0.27795290784188076	0.3133041093264748	79
ATPIF1	0.037989583333333306	0.6478228198529727	0.6804827459517135	96
ATRAID	0.21516351351351362	0.001863665389068788	0.0027656118326172307	74
ATRN	-0.541578873239437	1.9045463503578547e-07	4.1743225954102735e-07	71
ATRX	0.27124270833333336	3.387072688004199e-10	9.997303415670993e-10	96
ATXN10	0.0030104166666666764	0.8794598202030814	0.8945150039119172	96
ATXN2	0.06228333333333335	0.05836678006692473	0.07300199990100635	96
ATXN2L	0.45020937499999986	1.1168629839543456e-16	1.7510144891372497e-15	96
ATXN3	-0.39676849315068496	1.4802061271264318e-10	4.544944122147016e-10	73
ATXN7L3B	-0.28312380952380944	4.0508048186893575e-06	7.775922611898969e-06	42
AUH	-0.29803229166666667	2.9632526271311968e-08	7.060009750087139e-08	96
AUP1	0.12438541666666665	0.00031438342411100565	0.0005053182540394673	96
AVEN	0.13442528735632187	0.0070726465471587134	0.009826130810703625	87
AVL9	0.21891250000000007	8.543133237836032e-09	2.1612323111855934e-08	96
AZGP1	-1.0925749999999999	2.5963245326759927e-12	1.0005020844183362e-11	96
AZU1	0.9063270833333336	6.233900306128187e-09	1.5994053048877965e-08	96
B2M	-0.2152135416666667	0.0022781133955895897	0.003356197205637647	96
B3GALT5	-1.3845528301886791	3.6262899558524193e-09	9.536957786677334e-09	53
B3GAT3	-0.04464590163934427	0.513345828648161	0.5511341277645243	61
B3GLCT	-0.031284615384615376	0.2460687124208556	0.2799991505480869	65
B3GNT3	0.12479895833333338	0.005928752209146478	0.008328307908535117	96
B3GNT6	-0.8155287356321835	5.687663943474405e-13	2.4120440832344996e-12	87
B3GNT7	-0.9121743589743588	1.5941524907248095e-05	2.8984197995319097e-05	39
B4GALNT2	-0.9867837209302326	5.603169483947568e-09	1.4436122913903315e-08	43
B4GALT1	0.5272072916666665	4.483074009807496e-14	2.304746630789156e-13	96
B4GALT4	-0.21752916666666666	3.3059630270196646e-05	5.8153397871722416e-05	96
B4GALT7	0.25180476190476186	0.05950736999511719	0.07430391686157477	21
B4GAT1	-0.083892	0.4273178024548051	0.46525075246174735	25
BABAM1	-0.141528125	4.388733187985302e-09	1.1452357432202798e-08	96
BACH1	0.10397666666666666	0.18396909348666668	0.21364871874710867	30
BAD	-0.4500875	6.389617919921875e-05	0.00010952464646079678	24
BAG1	-0.11328020833333335	0.00860276168782995	0.011851319951468405	96
BAG2	-1.3326718749999993	7.834775971529692e-14	3.839555295324522e-13	96
BAG3	-1.0198145833333332	3.611305354218105e-15	2.4697500123801493e-14	96
BAG5	-0.08441250000000007	0.006479668132623878	0.009051029252919758	96
BAG6	0.13220729166666664	4.974157827157038e-08	1.1587369743887697e-07	96
BAIAP2	0.24812916666666665	0.0010189981855400143	0.001557989705284402	96
BAIAP2L1	0.5292677083333331	7.834404469354759e-14	3.839555295324522e-13	96
BAK1	-0.43205185185185196	4.455036753366524e-08	1.0414230515099654e-07	54
BANF1	-0.06581979166666665	0.07755836735737068	0.09521300761218662	96
BASP1	-0.12123541666666666	0.2976534889149085	0.3339393406572109	96
BAX	0.20681458333333344	3.9706290460957105e-07	8.456809609605118e-07	96
BAZ1A	0.23569803921568624	0.00020571505132861947	0.0003367843531878253	51
BAZ1B	0.4145104166666668	2.853238441876248e-17	9.541570874547247e-16	96
BAZ2A	-0.01434827586206897	0.7362736004826318	0.7632354118723697	58
BCAM	-1.5521875000000005	2.2908191154248807e-17	9.541570874547247e-16	96
BCAP29	-0.43499886363636386	5.3252252232818594e-12	1.9587135977520832e-11	88
BCAP31	0.44549374999999986	3.3481374414169604e-16	3.61135917917466e-15	96
BCAR1	0.026404166666666666	0.39679130766919246	0.4348371256374734	72
BCAS1	-1.2417302083333335	1.976821049810974e-14	1.0997091561510634e-13	96
BCAS2	0.3237583333333333	2.395990848120609e-15	1.7336039568384795e-14	96
BCAS3	-0.23065384615384626	0.0001753946918867778	0.00028969054354219405	52
BCAT1	0.05949032258064517	0.7062525749206543	0.7342706532066744	31
BCAT2	-0.3571364583333334	8.374771572661124e-11	2.647801247925706e-10	96
BCCIP	0.3692375000000001	1.7999389885562169e-12	7.099230261154414e-12	96
BCHE	-1.7529712499999994	1.666223731821299e-14	9.505693041487326e-14	80
BCKDHA	-0.04588125000000002	0.1638335145444867	0.19155827970171097	96
BCKDHB	-0.21573854166666673	1.538870572103729e-05	2.8017049303239937e-05	96
BCKDK	-0.036819791666666664	0.4026833125204108	0.44050258335226417	96
BCL10	0.027222916666666677	0.182860311533812	0.21243545141068124	96
BCL2L1	0.4016413793103448	5.753317602830408e-09	1.480591016393909e-08	87
BCL2L13	-0.2027020833333332	6.096388369602305e-07	1.2741916130173618e-06	96
BCL2L14	-0.08099500000000001	0.09449897358172166	0.11470845191962559	40
BCL2L15	-0.6000072916666667	1.852167685703106e-10	5.622906863760228e-10	96
BCL7C	0.1473275862068966	0.025833535939455032	0.03379820448865129	29
BCLAF1	0.5765645833333332	3.7796819000407493e-17	9.90542416694273e-16	96
BCR	-0.1324895833333333	0.0029335746350345145	0.004265572654193013	96
BCS1L	-0.04318333333333333	0.09970823077128503	0.1206171150819602	96
BDH1	-0.26266875	0.0006168636293779705	0.0009617797093880558	96
BDH2	-0.6447447916666665	1.950201391356052e-15	1.4521532890796618e-14	96
BECN1	-0.2264888888888889	4.5632457105920084e-05	7.910805031618032e-05	63
BET1	0.16299687500000004	0.0034730102486339644	0.005007613530643729	64
BET1L	0.2069645833333332	4.6831400441108765e-05	8.108177175726418e-05	96
BGN	-0.8115666666666668	1.8597682887032547e-11	6.36940543721952e-11	96
BICD2	-0.1690418918918919	0.023824380929801676	0.031310043419792245	74
BID	0.358553125	1.3070643721670901e-14	7.678717051549043e-14	96
BIN1	-0.5933166666666666	3.7796819000407493e-17	9.90542416694273e-16	96
BIN2	-0.23430689655172407	1.2308058327444992e-05	2.262322282707629e-05	87
BIN3	-0.6424022988505748	2.0920018060990072e-15	1.5372661683590622e-14	87
BIRC6	0.09625416666666664	0.00042123441410095257	0.0006687320596789613	96
BLMH	-0.28009375000000003	1.7001494532966061e-09	4.65943737016623e-09	96
BLOC1S1	0.07726145833333335	0.06236405428295755	0.07762531357780375	96
BLOC1S2	0.08800735294117648	0.030771508360054475	0.03986214512214819	68
BLOC1S3	-0.1446847222222222	0.016566146236335667	0.02211786569145791	72
BLOC1S4	-0.0012280898876404502	0.7527374616728063	0.7780181220709995	89
BLOC1S5	0.01741733333333332	0.48203438156745304	0.5197635271514051	75
BLOC1S6	0.06958860759493674	0.07851892129115462	0.09630410291450757	79
BLVRA	-0.6624125	2.3437645061173544e-14	1.2825706420506796e-13	96
BLVRB	-1.0175718749999998	2.8523762999026685e-17	9.541570874547247e-16	96
BMP2K	-0.15068020833333337	1.65773652956259e-05	3.0083187386625415e-05	96
BMS1	0.49155729166666645	3.45057087459856e-16	3.686494303056014e-15	96
BNIP1	-0.1726853658536585	0.0017792565076888422	0.0026509064868053393	41
BOD1L1	0.09551562499999999	0.005669363932287164	0.007990706433133316	96
BOK	-0.5875890410958904	1.7505268389484996e-08	4.265888882006575e-08	73
BOLA2	0.3147104166666666	5.597168340875474e-10	1.6130858078342575e-09	96
BOLA3	-0.052161538461538474	0.6358139413574304	0.6691256051085491	52
BOP1	0.6287979166666667	3.442059759542229e-17	9.764418690273611e-16	96
BORCS5	-0.022822222222222213	0.9528931677341461	0.9587522888914797	27
BORCS6	-0.21136153846153843	0.0005035850576369495	0.0007929012325008905	52
BORCS7	-0.3333190476190476	6.743903213646263e-10	1.9269525834903227e-09	42
BPGM	-0.9200614583333331	4.559722473766646e-15	3.0136104778265625e-14	96
BPHL	0.08481875	0.1152546073553187	0.1380298394764072	96
BPI	0.8107218750000005	4.1746903017707166e-08	9.78334003134292e-08	96
BPNT1	-0.4088562499999999	2.838419891461296e-10	8.445632628603712e-10	96
BPTF	0.08173538461538463	0.0975982171943233	0.11820101590510906	65
BRAP	0.22666329113924039	0.00016460272493978647	0.00027253694018287945	79
BRAT1	0.06298749999999997	0.2906824269828968	0.3268837416406729	64
BRCC3	-0.28715937500000005	2.5962163281043724e-12	1.0005020844183362e-11	96
BRD2	0.2226354430379746	0.00021601472652241427	0.00035295733079368665	79
BRD3	0.1395256756756757	0.004264092852512656	0.006097143850704903	74
BRD4	0.1543072916666666	2.1973978131204792e-07	4.792698936354127e-07	96
BRD7	0.05300980392156861	0.2810566549174276	0.31658984181346905	51
BRD8	0.058426086956521746	0.41003966331481934	0.4480384529607692	23
BRE	-0.2040677083333333	1.52119700605424e-11	5.2853995459595717e-11	96
BRI3	0.19405806451612911	0.060623603872954845	0.07559921159547474	31
BRI3BP	0.08509655172413794	0.03468967540204714	0.04465330626867503	87
BRIX1	0.5860052083333336	2.4389408955562175e-17	9.541570874547247e-16	96
BRK1	-0.23270104166666664	2.6642747168874458e-09	7.138426148401708e-09	96
BROX	0.06216458333333332	0.3696469903359072	0.4077543009147651	96
BRPF1	-0.05090344827586206	0.7172092758119106	0.7448540296319053	29
BSDC1	-0.07874285714285714	0.1516328242850003	0.17791266494020058	70
BSG	-0.4701531249999998	5.930435137052909e-14	2.971418172851977e-13	96
BSPRY	0.273271875	2.033122049384967e-05	3.657874987751071e-05	96
BST1	-0.07887499999999997	0.39451697321925094	0.4326273902137879	96
BST2	-0.4304697916666668	2.4200998816997604e-08	5.8091055836578504e-08	96
BTAF1	-0.07158	0.11904530163207255	0.14231556105658852	80
BTD	-0.7605916666666666	2.0202061895772765e-17	9.541570874547247e-16	96
BTF3	0.12856145833333335	0.0005103782626352379	0.000803220212061884	96
BTF3L4	0.06629895833333337	0.03930005435425995	0.05027918853217581	96
BTK	-0.3770023255813953	0.00032021954818315393	0.0005143291713576203	43
BTN2A1	-0.30714545454545444	0.2221074104309082	0.25463407665429993	22
BTN3A3	-0.5434985915492958	1.8709376414893627e-10	5.677123761534209e-10	71
BUB3	0.3964510416666666	2.679659236819448e-17	9.541570874547247e-16	96
BUD13	0.17750370370370372	0.11105082929134369	0.13333745521567256	27
BUD23	0.5966457142857141	4.1575874691271306e-11	1.3659771954149813e-10	70
BUD31	0.543371875	3.3360036935579033e-17	9.764418690273611e-16	96
BYSL	0.6570052083333334	3.5510135955121307e-17	9.764418690273611e-16	96
BZW1	0.42675833333333335	2.626672091999963e-16	3.0495408837561495e-15	96
BZW2	0.4674947916666669	4.1363291638698835e-16	4.2497139908733616e-15	96
C10ORF11	-0.3425161290322581	0.007560359314084053	0.010469030059481922	31
C10ORF35	0.14731538461538457	0.2078540325164795	0.2395623954909914	26
C10ORF76	-0.29161875	1.5996357996069432e-11	5.549528060104568e-11	96
C10ORF99	-1.2674760563380285	4.047233048463143e-13	1.766395646586008e-12	71
C11ORF54	-0.7255291666666671	8.754318030487012e-14	4.262171238500535e-13	96
C11ORF58	0.17037291666666665	0.0006251978092733617	0.0009743210458571392	96
C11ORF68	-0.4439531250000001	2.928182814679861e-13	1.3044607240164133e-12	96
C11ORF96	-0.4710777777777777	3.1362682278267035e-07	6.735346843946657e-07	72
C11ORF98	0.2672916666666667	1.6430509547507746e-08	4.0186762141534624e-08	96
C12ORF10	0.030355208333333338	0.26036467779803996	0.2948669752696105	96
C12ORF4	-0.30529677419354834	0.0002152901142835617	0.000351859044270016	31
C12ORF45	-0.1944	0.34881019592285156	0.3860784566861761	20
C12ORF57	-0.27707499999999996	0.0016236099216939692	0.0024281763184674184	44
C14ORF1	-0.25149620253164556	0.0033126648950126416	0.004785673725374637	79
C14ORF159	-0.8149697916666668	8.731802012074331e-17	1.5060435120994909e-15	96
C14ORF166	0.01866562500000001	0.4068053861622247	0.44457685873307795	96
C14ORF2	-0.13500520833333332	0.11274591275125134	0.135291062179958	96
C15ORF38-AP3S2	-0.5684822916666666	1.957519470477668e-17	9.541570874547247e-16	96
C15ORF40	-0.2331296296296296	0.007585808634757996	0.010502102792115433	27
C15ORF48	-1.1510552083333332	2.411256753706431e-14	1.315213135009467e-13	96
C15ORF52	-1.3359531249999996	1.2514236978313506e-15	1.0139856991244602e-14	96
C16ORF58	-0.11030625000000001	0.000705208592126769	0.0010929185596161915	96
C16ORF62	-0.6106343749999998	3.037166969284374e-17	9.56751750798849e-16	96
C16ORF91	0.4694571428571429	0.02157115936279297	0.028465953612308817	21
C17ORF49	0.24952395833333327	3.539977314537402e-13	1.5573578887364871e-12	96
C17ORF58	-1.7464551724137927	6.060441105672326e-16	5.742867143779045e-15	87
C17ORF62	0.028227083333333337	0.3985879387606549	0.4365208098506748	96
C17ORF75	0.41012187499999975	3.4451390075762483e-13	1.5176255812100493e-12	96
C18ORF32	-0.09549375	0.09784225882918288	0.11844527507848934	96
C18ORF8	-0.08422045454545452	0.008705129346935264	0.011972675848419165	88
C19ORF25	-0.08454375000000001	0.007977286349404903	0.011028150446766432	96
C19ORF33	-0.12326444444444444	0.5448031349985021	0.5810944726081002	90
C19ORF43	0.44554270833333337	4.418550429117104e-12	1.6441516821379175e-11	96
C19ORF53	0.18891410256410263	0.0001033895266538168	0.00017410650961858858	78
C19ORF66	-0.1691010416666666	0.00181492519853833	0.0027016492471696597	96
C19ORF70	-0.15278645833333337	0.00014124889816116693	0.00023497120202411827	96
C1D	0.2916607142857144	0.011838570237159729	0.01607467470574876	28
C1ORF116	0.25982405063291136	0.0011947642657128227	0.0018114516290773622	79
C1ORF123	-0.8695760416666669	4.808846115393102e-16	4.76578265563281e-15	96
C1ORF174	-0.08972857142857138	0.20980393886566162	0.24151932495705625	28
C1ORF198	-0.4683448275862071	1.055111865014941e-12	4.285202946094386e-12	87
C1ORF27	-0.09828020833333333	0.0010662423157833678	0.0016265165294658058	96
C1ORF35	0.3388886363636364	7.801058312200631e-08	1.781185874250255e-07	88
C1ORF50	-0.3158142857142857	7.676515504115205e-06	1.4394002939382033e-05	70
C1QA	-0.5532135416666669	1.3710044445497757e-09	3.7898923850368544e-09	96
C1QB	-0.5135072916666664	2.945436105350295e-09	7.849984438855751e-09	96
C1QBP	0.37888437499999994	3.639959629321427e-12	1.3742537508788665e-11	96
C1QC	-0.4948770833333334	1.905878479529118e-08	4.622879940379635e-08	96
C1R	-0.27967187499999996	3.5236721310928195e-05	6.175631224530231e-05	96
C1RL	-0.5019791666666668	9.891140756224104e-06	1.8346603078105477e-05	48
C1S	-0.33532812500000003	6.689086206630619e-07	1.3928330031125023e-06	96
C2	-0.18603437499999995	0.006772178328021476	0.009430166957803255	96
C20ORF24	0.5405954545454547	4.234834705130197e-10	1.2374349319128264e-09	44
C20ORF27	-0.3896151898734176	2.65969139235057e-07	5.75980295393156e-07	79
C21ORF33	-0.5979510416666668	7.8713753102464e-12	2.825524716770631e-11	96
C21ORF59	0.07100000000000001	0.1346854169610569	0.15950652469403898	63
C2CD5	-0.047455208333333325	0.04386756075271161	0.05570839770773087	96
C2ORF49	0.2657507246376811	5.598275003890508e-06	1.0618837150438627e-05	69
C2ORF69	-0.3567129032258065	0.0023254938423633575	0.0034214338132490716	31
C2ORF72	-0.5895272727272727	0.0006937980651855469	0.0010767270921419926	22
C2ORF88	-1.399097435897436	3.637978807091713e-12	1.3742537508788665e-11	39
C3	-0.9485489583333333	4.1783367405668594e-15	2.794861534642379e-14	96
C3ORF38	-0.02599178082191781	0.842094166739002	0.8607404820936183	73
C3ORF58	0.0071863636363636435	0.2615199089050293	0.2960744294370303	22
C4A	-0.764622916666667	4.876049361565899e-14	2.487712179980655e-13	96
C4B	-0.6815354166666668	4.381852905400738e-11	1.4365020217740038e-10	96
C4BPA	-0.4794114583333335	3.150529527256447e-07	6.761645105042707e-07	96
C4BPB	-0.37374999999999997	1.0301169860874852e-05	1.908603938044998e-05	96
C4ORF3	0.1510622641509434	0.021602093958293444	0.028501169786861496	53
C4ORF32	-0.22801666666666673	0.003434768866434097	0.00495566974729169	42
C5	-0.5478156249999999	1.1929572068720975e-08	2.967657883664809e-08	96
C5AR1	0.42319999999999997	0.07186333944264334	0.08858225818034904	38
C5ORF24	0.15440799999999996	0.0067255496978759766	0.009371072258161979	25
C5ORF51	-0.06447818181818178	0.21188326053420758	0.2437456781419751	55
C6	-0.3774406249999998	1.3030468874242396e-05	2.3885632698713726e-05	96
C6ORF203	-2.9166666666670393e-05	0.9679357353746076	0.971846879471452	96
C6ORF47	-0.22862941176470591	0.0006675562532329614	0.0010384036408393087	51
C6ORF89	-0.3080041666666667	0.026927709579467773	0.0351543108715021	24
C7	-0.8219406250000003	2.96806689921727e-13	1.3213510834007076e-12	96
C7ORF26	-0.24546956521739127	0.0009691156313920146	0.0014844284865317412	46
C7ORF50	0.5422895833333334	2.3268388656053533e-15	1.685827424335455e-14	96
C8A	-0.5054593750000002	3.5576395940353234e-09	9.374785560244693e-09	96
C8B	-0.3959708333333333	2.17987516099926e-06	4.310364733695707e-06	96
C8G	-0.4623000000000001	6.760540973942489e-08	1.5501574791689943e-07	96
C8ORF33	0.3258471698113209	1.7233277475267754e-05	3.118911750244709e-05	53
C8ORF82	-0.02236145833333333	0.31142014628430403	0.3478138440854663	96
C9	-0.4042697916666667	2.190954856132793e-05	3.920809850572128e-05	96
C9ORF142	0.07724270833333335	0.010146103301607512	0.01387206175881084	96
C9ORF64	-0.17389062500000005	8.262652040871566e-06	1.542863752669433e-05	96
C9ORF78	0.18200298507462687	0.0008898353994942481	0.0013676759897381238	67
CA1	-2.0759312500000004	5.322455477842176e-17	1.1632076692450645e-15	96
CA12	-1.2445114583333332	1.9980475008068664e-16	2.5197181734799374e-15	96
CA13	0.3045569444444445	0.0005409465369010376	0.0008503304395663218	72
CA2	-2.1573270833333336	2.290679830891315e-17	9.541570874547247e-16	96
CA3	-0.973795652173913	6.031990051269531e-05	0.00010357978309180262	23
CA4	-1.7375625000000001	2.5171167001560145e-17	9.541570874547247e-16	96
CA9	0.2777444444444444	0.3864929676055908	0.4245916685223365	27
CAAP1	0.3307872340425532	4.7497710058970764e-08	1.1072346656901837e-07	47
CAB39	-0.3746552083333332	4.2193677629664784e-13	1.8334027410454732e-12	96
CAB39L	-1.0156010416666668	1.6195329062381263e-14	9.287170626444624e-14	96
CACNA2D1	-1.3304302083333324	5.934673079453423e-16	5.631956054260559e-15	96
CACTIN	0.17235555555555557	0.03768750009528759	0.04828980865914523	27
CACUL1	-0.2609409090909091	0.017200946807861328	0.02291524069379302	22
CACYBP	0.5024927083333334	8.866931038465247e-17	1.5214383717919013e-15	96
CAD	0.46581458333333353	4.281464974138939e-17	1.0407994743733164e-15	96
CADM1	-1.4169864197530866	1.3236960221468056e-13	6.236430205465533e-13	81
CADM3	-2.052761458333333	1.7811848543493422e-17	9.541570874547247e-16	96
CADPS	-0.05207666666666668	0.6701805889606476	0.7019893163679913	30
CALB2	-1.412577083333333	2.7000747168652838e-14	1.463375014831027e-13	96
CALCOCO1	-0.42598125	5.178163751421857e-10	1.5000129796325233e-09	80
CALCOCO2	-0.25305104166666664	7.786961903441912e-07	1.6089877537989921e-06	96
CALD1	-1.5014614583333339	5.1568164856062215e-14	2.6112261229973747e-13	96
CALM2	-0.7211666666666668	6.2747062535329306e-15	3.9864587362644345e-14	96
CALML4	-0.2750425287356321	0.00038689304388251787	0.0006165476084104067	87
CALR	0.20749479166666676	8.548954213890883e-06	1.593662854157409e-05	96
CALU	0.12466666666666666	0.015556662982899318	0.02083226585873683	96
CAMK1	-0.44202708333333335	1.154473890900453e-13	5.489273801595421e-13	96
CAMK1D	-0.4544843750000001	5.9403398557245745e-12	2.1672293138517753e-11	96
CAMK2D	-0.5645062500000001	5.841637512214592e-17	1.2324385556430094e-15	96
CAMK2G	-1.359185416666666	8.467111538347762e-17	1.490967226004597e-15	96
CAMKK2	-0.2673068965517241	6.702865264158755e-10	1.916042737845807e-09	87
CAMP	1.0449656249999995	1.1824509795527635e-09	3.2930940729844296e-09	96
CAMSAP3	-0.15448229166666663	0.0007339217458429201	0.0011358433662883856	96
CAND1	-0.06470729166666665	0.0016949328130004735	0.0025308934436724185	96
CAND2	-1.0247055555555555	3.5845890902721695e-09	9.438386266340653e-09	54
CANT1	0.15175937499999995	0.014132737267472025	0.019005118125369775	96
CANX	0.339015625	2.3437645061173544e-14	1.2825706420506796e-13	96
CAP1	-0.033651041666666666	0.24743898292885336	0.2812721342713787	96
CAP2	-1.7104614583333333	5.841291340815736e-17	1.2324385556430094e-15	96
CAPG	0.5621927083333332	2.2920392835167134e-13	1.0421211044317248e-12	96
CAPN1	-0.29871979166666657	2.7772350809970038e-14	1.5029138322462153e-13	96
CAPN15	-0.2308464285714285	0.042608387768268585	0.0542222446011597	28
CAPN2	-0.3695364583333332	1.2168946602769017e-14	7.205777825064197e-14	96
CAPN5	-0.5096385416666664	8.281815766016266e-14	4.0409237799420455e-13	96
CAPN7	-0.118346875	5.5520481980179336e-05	9.565662907165464e-05	96
CAPN9	-1.1731370370370373	7.987022399902344e-06	1.494281463495394e-05	27
CAPNS1	-0.40607604166666667	5.490573764849888e-17	1.1844456394976817e-15	96
CAPRIN1	0.6463052083333335	1.8377354850512496e-17	9.541570874547247e-16	96
CAPS	-0.4166212121212123	0.029283775947988033	0.038023002290507396	33
CAPZA1	-0.07481458333333334	0.0005845006190412307	0.0009134438977748932	96
CAPZA2	-0.6907010416666668	5.321190700704854e-17	1.1632076692450645e-15	96
CAPZB	-0.2021291666666666	1.3401622805352265e-09	3.706161887926972e-09	96
CARD16	0.02184861111111109	0.6697517767805385	0.7016496986915417	72
CARD19	-0.1846528735632184	1.1611608068356461e-05	2.1407606081506868e-05	87
CARHSP1	0.47641145833333326	2.5963245326759927e-12	1.0005020844183362e-11	96
CARM1	0.15393333333333328	1.9917619708416437e-06	3.954640740567206e-06	96
CARMIL1	-0.01110416666666665	0.7120636178576889	0.7399682175042185	96
CARNMT1	0.6457242424242422	7.790117681944242e-07	1.609110207147904e-06	33
CARS	-0.20367291666666662	2.519511348553169e-09	6.777626959680518e-09	96
CARS2	0.5235333333333335	5.121986005743504e-15	3.3233466259703254e-14	96
CASC3	0.23612040816326524	0.0005468205522716722	0.0008591613782647891	49
CASC4	0.01574204545454545	0.6803939564916027	0.7105795538764264	88
CASD1	-1.2674142857142856	1.33514404296875e-05	2.4460626390708203e-05	21
CASK	0.0873	0.02369580045147964	0.031147777300845055	96
CASKIN2	-0.5265954545454545	5.245208740234375e-05	9.05328156373358e-05	22
CASP1	0.0023031249999999996	0.8207602450156196	0.8418407711068325	96
CASP10	-0.09639479166666665	0.027045669108391856	0.0353014385307784	96
CASP2	0.361693670886076	1.6938411896713293e-06	3.38717750864529e-06	79
CASP3	-0.017527083333333335	0.9359231256988421	0.9446530715158071	96
CASP4	-0.018049019607843147	0.9775661231776971	0.9801065535531626	51
CASP6	-0.11870937499999996	0.08892711692962409	0.10833703059394371	96
CASP7	-0.3921583333333334	5.220518546726819e-10	1.5096749538788893e-09	96
CASP8	0.1514681818181819	0.001037682461095826	0.0015847511111977913	88
CASQ2	-1.6482145833333333	4.6910031414881814e-11	1.532973213650473e-10	48
CAST	-0.3580281250000002	4.162091945056451e-13	1.812359866180089e-12	96
CAT	-0.6748583333333333	5.6072091420397043e-14	2.820403294731272e-13	96
CAV1	-2.421964583333334	2.2199879170192926e-17	9.541570874547247e-16	96
CAV2	-1.2200703125	4.885450079458951e-10	1.4195099429662237e-09	64
CBFB	0.45102083333333337	8.87243688826165e-15	5.4363666408722395e-14	96
CBL	-0.27271875	1.826933035636489e-08	4.440903527567103e-08	96
CBLB	0.028450000000000013	0.8792931246571243	0.8944924296170806	34
CBR1	-0.8762687500000004	1.8385005153245864e-15	1.3843434295524861e-14	96
CBR3	-0.6305614583333333	5.1570645595044286e-14	2.6112261229973747e-13	96
CBR4	-0.17009062500000002	0.00023000961227225185	0.000374642658205215	96
CBWD1	0.1552609375	0.019079015324929584	0.025321684236390224	64
CBX1	-0.23191666666666663	8.262795443942873e-06	1.542863752669433e-05	96
CBX3	0.6829125	8.004747197532884e-16	7.077161364893921e-15	96
CBX5	0.17630937500000002	0.0008051942620307986	0.001242135733263883	96
CBX8	0.45224050632911417	5.549195140835258e-12	2.036627472640249e-11	79
CC2D1A	-0.17221666666666668	1.4092335673863562e-06	2.8366480658851078e-06	96
CC2D1B	-0.11396145833333333	1.1403916462852924e-06	2.312843879966151e-06	96
CCAR1	0.31114375000000016	4.057902502480555e-15	2.7336661390366098e-14	96
CCAR2	0.20001979166666664	1.1615817253262543e-06	2.354396312753426e-06	96
CCDC115	-0.1558225	0.008622652698250022	0.011876283504939314	40
CCDC12	0.14110303030303034	0.024741420868765004	0.03244530739025497	66
CCDC124	0.09868229166666663	0.003040152938434586	0.0044100648642497456	96
CCDC127	-0.29037910447761184	3.178629186499748e-05	5.600163658673006e-05	67
CCDC134	0.46481645569620256	2.9049256348545327e-11	9.725122796526477e-11	79
CCDC186	-0.00695000000000001	0.9418443019543234	0.9499924211743526	72
CCDC22	-0.24110729166666664	9.864945994908218e-16	8.335961833523904e-15	96
CCDC25	-0.144271875	0.00723307412357972	0.010028248459412345	96
CCDC28A	-0.35583200000000004	7.946967700789287e-06	1.4876173634094678e-05	50
CCDC43	-0.011081250000000008	0.8272488357550918	0.8475889491571336	80
CCDC47	0.09785833333333338	0.0014580558769224368	0.002191329945849603	96
CCDC50	-0.48134999999999994	7.613319726626047e-13	3.164669271743132e-12	96
CCDC51	-0.02160833333333334	0.6957889152715198	0.7242898111026573	96
CCDC58	0.38754895833333336	3.4114154501402643e-12	1.2937923264551177e-11	96
CCDC6	-0.173203125	2.1799176541108266e-06	4.310364733695707e-06	96
CCDC61	-0.7240699999999999	0.001017794509228971	0.0015565040716702	20
CCDC80	0.27319655172413787	0.24702516570687294	0.2808703989905746	29
CCDC86	0.7409968750000001	7.483009635165628e-17	1.4141834265444e-15	96
CCDC88B	0.092325	0.49079859256744385	0.5284493271601638	24
CCDC9	-0.028871875	0.2673938357918165	0.30236730900510655	96
CCDC90B	0.09689027777777776	0.08697658398126568	0.10607633192697899	72
CCDC91	-0.4992213483146066	3.5891631733965434e-14	1.8915707565056882e-13	89
CCDC93	-0.22729687499999995	7.3077408834333e-14	3.6076257238376756e-13	96
CCDC94	0.002572727272727272	0.8305456429968162	0.8507069799794871	66
CCDC97	0.1365576923076923	0.0630297064781189	0.078410217089134	26
CCL21	-0.28576562500000013	0.004867848795325112	0.006916221424785297	96
CCL24	0.3884727272727273	0.025810928854683505	0.0337818029040327	44
CCM2	-0.16534000000000001	0.140283040702343	0.16549304027994005	30
CCNH	0.03846249999999998	0.2950702649541199	0.3313713796793263	32
CCNK	0.15347291666666674	5.23591613175408e-06	9.970979655957457e-06	96
CCNT1	0.1616071428571429	0.01681987284010291	0.022434299579373842	70
CCNY	-0.09424583333333335	0.07163985356056202	0.08835142969445048	48
CCS	-0.5318114583333332	2.8338435720369165e-16	3.2227815504162373e-15	96
CCT2	0.19608333333333336	1.8137171796264954e-11	6.237158882147759e-11	96
CCT3	0.2060281249999999	1.8598398049654258e-11	6.36940543721952e-11	96
CCT4	0.19371041666666666	4.231834405421124e-10	1.2370970381686416e-09	96
CCT5	0.18019791666666674	2.3291982024604864e-11	7.880577861035899e-11	96
CCT6A	0.25787291666666673	6.448051230117291e-14	3.221144877353455e-13	96
CCT7	0.2125	2.387934140974975e-11	8.070856499647912e-11	96
CCT8	0.26681458333333324	1.4512721585047092e-15	1.1441962913108003e-14	96
CCZ1	0.03415520833333332	0.08324778970772108	0.1016768883357492	96
CD109	-0.8487531250000001	1.49958069939594e-13	7.010931646165409e-13	96
CD14	-0.3507	1.4772775674512988e-08	3.630423150194419e-08	96
CD151	-0.8867625000000001	7.770815390416635e-16	6.9419973973775235e-15	96
CD163	-0.51125625	1.3571678345984636e-10	4.190169812388906e-10	96
CD163L1	-1.0831643835616434	1.1321403100792e-13	5.406070704855055e-13	73
CD164	-0.13138333333333327	0.36465831498891965	0.4027148370799444	42
CD177	-0.3148	0.00010099592747361878	0.0001702466526182182	96
CD180	-0.37101739130434774	0.0011184215545654297	0.001702243695458137	23
CD2	-0.13176896551724138	0.07949077398147072	0.09744264619800605	58
CD209	-1.0189771084337351	9.868532679306379e-15	5.986255492356826e-14	83
CD248	-0.57618125	6.2531977244678825e-12	2.270167940122025e-11	96
CD276	0.02986250000000001	0.33102732851012606	0.3681190696128685	96
CD2AP	-0.020079166666666644	0.46263365069988216	0.5007759216756227	96
CD2BP2	0.197440625	3.853864480894682e-10	1.1315350898171737e-09	96
CD300A	0.08329999999999996	0.8381938934326172	0.8573628344319909	21
CD34	-1.679088541666667	2.084618494063428e-17	9.541570874547247e-16	96
CD36	-1.3578000000000001	3.4063441585464777e-15	2.346320632411532e-14	96
CD38	-0.08732812500000002	0.3439107011035397	0.38099354255344253	96
CD3EAP	0.5529137931034481	8.506365036714999e-13	3.5097910843370802e-12	87
CD4	-0.3979022727272726	6.990875363044324e-07	1.4534175026546134e-06	44
CD44	-0.24819791666666677	1.0689078536730135e-06	2.1737807791125335e-06	96
CD46	0.617840625	6.097680924311535e-14	3.05080522384104e-13	96
CD47	-0.11172291666666666	0.004146297401819524	0.005933769041981055	96
CD48	-0.9484839080459767	1.591907585368704e-15	1.2318463656561286e-14	87
CD5	0.05008367346938774	0.3180278927763851	0.3547803679143279	49
CD53	-0.025451388888888878	0.6738442878311409	0.7052763380747463	72
CD55	-0.41820416666666677	5.5641577090089614e-06	1.0560094503462836e-05	96
CD58	-0.13404489795918365	0.03582640933697068	0.046028222949394154	49
CD59	-0.71879375	2.2172769751863776e-15	1.616925133317979e-14	96
CD5L	-1.0337333333333334	9.876951887422962e-17	1.6045602882427223e-15	96
CD63	0.06285312500000004	0.29343534107124936	0.32964797442180377	96
CD74	0.1744135416666667	0.009777575764179518	0.01340097156320335	96
CD81	-1.417202083333333	6.025559054656059e-17	1.2594351823502686e-15	96
CD82	0.13354137931034482	0.028968640737555666	0.03764296159369765	87
CD9	-0.6142177083333332	2.0550583913358275e-13	9.40476585775721e-13	96
CD93	-0.12033888888888887	0.02077670706554827	0.027482438427200977	72
CD99	-0.7377833333333332	3.665410951625322e-16	3.8855278443929844e-15	96
CD99L2	-0.827425	3.193133871359272e-08	7.564525121097936e-08	56
CDA	0.12763409090909097	0.30407621993220635	0.3404050324587306	88
CDC123	0.4481145161290322	2.25335819639586e-08	5.426338887157152e-08	62
CDC16	0.17445729166666676	1.059007900743566e-06	2.154345287497026e-06	96
CDC23	0.09860227272727275	0.014173742053110384	0.01905643996679711	88
CDC27	0.13507916666666672	0.00023001238771013272	0.000374642658205215	96
CDC37	0.1948645833333333	6.285730225163089e-10	1.8014081196334543e-09	96
CDC37L1	0.14180740740740744	0.02623094618320465	0.034278032322384105	27
CDC40	0.24284062500000003	3.148965755296525e-09	8.363583235266979e-09	96
CDC42	-0.23430208333333333	3.154706468777613e-08	7.476130589554575e-08	96
CDC42BPA	-0.49146477272727246	4.5700504763596317e-14	2.347662224034975e-13	88
CDC42BPB	-0.11651979166666669	1.7384516827923894e-06	3.4712120059089703e-06	96
CDC42BPG	0.11433478260869566	0.3294053077697754	0.36667997508336203	23
CDC42EP1	0.033575862068965526	0.1023213607116823	0.12348875859231455	87
CDC42EP4	-0.8695052083333334	1.781293897222056e-17	9.541570874547247e-16	96
CDC42EP5	-0.18452500000000002	0.000569835690762352	0.0008913564115935229	72
CDC42SE1	0.31202222222222215	0.00012632147991098464	0.00021123898522502392	36
CDC42SE2	-0.2650542857142858	0.0010980300139635801	0.00167348554377139	35
CDC5L	0.42491354166666656	2.2199879170192926e-17	9.541570874547247e-16	96
CDC73	0.24981458333333315	9.897790443874356e-12	3.509739750948893e-11	96
CDCP1	0.06590422535211268	0.38378961897694097	0.4218981736385871	71
CDH1	-0.049246875	0.2328163231805479	0.2658210878519905	96
CDH11	-0.012569791666666651	0.9562860828027144	0.9615892280460748	96
CDH13	-0.5618395833333335	3.176204594643433e-13	1.4066719272148876e-12	96
CDH17	-0.2850520833333334	0.00048326131103114113	0.0007619741799548592	96
CDH19	-1.749434375	4.656612873077393e-10	1.3547795214863932e-09	32
CDH2	-1.1919424242424241	4.656612873077393e-10	1.3547795214863932e-09	33
CDHR5	-0.6212494252873563	3.709687738607043e-11	1.226628636683817e-10	87
CDIPT	-0.30538125000000016	1.1802028199515598e-08	2.9402082135369527e-08	96
CDK1	0.9085322916666669	1.2629507076500393e-16	1.8914347498278047e-15	96
CDK11B	0.4172260416666664	2.0337056087259958e-14	1.1276700947739701e-13	96
CDK12	0.22479772727272715	0.0011859443967523475	0.0017984857499573914	44
CDK13	-0.012670588235294126	0.8689600826914222	0.8859959262578649	68
CDK2	0.14277323943661968	0.0006378290721899728	0.0009932181269297058	71
CDK4	-0.048803797468354455	0.13801330358962122	0.1629300112234328	79
CDK5	0.44326666666666653	3.3481374414169604e-16	3.61135917917466e-15	96
CDK5RAP3	0.0854125	0.0009181943863802842	0.0014090180904854843	96
CDK6	-0.03450444444444444	0.31348612839114065	0.35006298857792323	90
CDK7	0.36595490196078423	2.2894629284132804e-07	4.980546947705803e-07	51
CDK9	0.3630802083333334	1.4390849406369707e-13	6.732790004695563e-13	96
CDKAL1	0.2898111111111111	3.269527134638884e-07	7.008069503607754e-07	63
CDKN1B	-0.6138212500000001	6.064642125038618e-11	1.9523840699080654e-10	80
CDKN2AIP	0.04550104166666664	0.18588176879150375	0.2155714411101467	96
CDKN2AIPNL	-0.13525	0.33856552094221115	0.3756923718162909	28
CDKN2C	-0.8792320512820513	4.9436028876507685e-14	2.5202607730432374e-13	78
CDS1	-0.2850489361702127	0.002021003231604368	0.0029891778396899703	47
CDS2	-0.3517437500000001	1.7036545582758575e-10	5.200099377376127e-10	96
CDV3	-0.05706041666666665	0.582337044898163	0.6172036704931715	96
CDX1	-0.19414761904761904	0.11105823516845703	0.13333745521567256	21
CDX2	0.26230374999999995	0.0020754279809952663	0.003066295160646827	80
CDYL	0.28032592592592587	0.00023631751537322998	0.00038453897905384426	27
CEACAM1	-0.34128125000000015	4.947655510754114e-07	1.0435026979455943e-06	96
CEACAM5	1.4417020833333332	1.8406377355643417e-14	1.0343684170327278e-13	96
CEACAM6	0.2690179487179487	0.000572772527122285	0.0008957414649098858	78
CEACAM7	-1.4025927083333336	2.8997768944252507e-15	2.0565119645559203e-14	96
CEACAM8	-0.06090882352941171	0.6853143798653036	0.7148280743961943	34
CEBPB	0.8057788461538459	1.3257229430629153e-08	3.275976141808139e-08	52
CEBPZ	0.6735531249999998	1.8969845600084223e-17	9.541570874547247e-16	96
CELA2A	-1.0665999999999998	3.3243065980540595e-09	8.815325283140192e-09	73
CELA3A	-0.9591209876543215	7.23809416973545e-10	2.0620116256796233e-09	81
CELA3B	-0.7264716981132076	2.4608241403475716e-05	4.387368896516571e-05	53
CELF1	0.37875833333333314	4.610549131889374e-14	2.3648451166548785e-13	96
CELF2	0.04733229166666666	0.33376062673042006	0.37097416248084625	96
CENPB	0.3452386666666667	3.8613418138551916e-08	9.08017603545548e-08	75
CENPC	0.0730891304347826	0.32870388780955295	0.3660814049326512	46
CENPV	0.21222499999999997	8.422859564425325e-05	0.0001430244617001506	96
CENPX	-0.021017647058823533	0.9327671678038314	0.942318164251755	34
CEP170	-0.07759895833333334	0.2504394423387284	0.28434606048558686	96
CEP170B	-0.1532806818181818	0.0013657873173759027	0.002059579031754311	88
CEP41	-0.11743437500000004	0.04376983727149602	0.05560534714153887	64
CEPT1	0.038252083333333325	0.098958463895909	0.11975364792902332	96
CERS2	0.59102	1.1023114052523797e-09	3.077572708213989e-09	65
CERS6	0.6801416666666668	1.0163083308001849e-15	8.565844963993015e-15	96
CES1	-1.4153989583333333	8.249238401967553e-16	7.253491538505938e-15	96
CES2	-1.0134697916666666	1.6507255757019922e-13	7.669472221180517e-13	96
CES3	-0.6430197916666666	5.121720184838779e-15	3.3233466259703254e-14	96
CETN2	-0.24965312499999992	9.924256977914421e-07	2.0220463647970126e-06	96
CFAP20	0.21872413793103448	4.8543508911253485e-06	9.262753165119443e-06	87
CFAP36	-0.014295238095238102	0.945744514465332	0.9531320335808792	21
CFB	-0.6990416666666667	5.1568164856062215e-14	2.6112261229973747e-13	96
CFD	-1.1041322916666665	3.5510135955121307e-17	9.764418690273611e-16	96
CFDP1	-0.014449295774647888	0.7010533066430514	0.7292941964600915	71
CFH	-0.7764291666666665	3.682627163088192e-14	1.9303084251634412e-13	96
CFHR1	-0.4407624999999999	2.5692346875388466e-07	5.567505012499393e-07	96
CFHR2	-0.7077568965517239	5.358061656374044e-08	1.240843481277648e-07	58
CFHR3	-1.0233805970149257	1.0532223892737951e-08	2.638561990156046e-08	67
CFHR5	-0.3681770833333334	1.3143827635843368e-07	2.923804363689428e-07	96
CFI	-0.7593593750000002	4.006930902341932e-14	2.0790796151440077e-13	96
CFL1	-0.048965625000000006	0.29092403530904076	0.3271006121817252	96
CFL2	-2.2019218749999996	1.0829945337822904e-16	1.7140337954765985e-15	96
CFP	-0.34985520833333333	1.198458920955166e-05	2.2052827484059818e-05	96
CGGBP1	0.05653020833333333	0.20740315656929398	0.23908381055384764	96
CGN	-0.18839895833333328	0.0004097571579571874	0.0006517450859968634	96
CGREF1	-0.021643750000000038	0.977623052075982	0.9801065535531626	32
CHAMP1	0.18770729166666675	6.371435486454849e-09	1.6328188487833356e-08	96
CHCHD10	-0.404559375	4.899454094025943e-09	1.2701096412990749e-08	96
CHCHD2	0.4980249999999997	3.833260800010859e-12	1.4383303527557524e-11	96
CHCHD3	-0.005098958333333331	0.9985421405063246	0.9989888488900882	96
CHCHD4	0.027391954022988503	0.37638890725144203	0.41450971417431465	87
CHCHD6	0.033047916666666684	0.2321020218819284	0.26505063230738	96
CHCHD7	-0.16171153846153843	0.03341016173362732	0.04309724573560963	26
CHD1	0.2057122448979592	0.004511775135876682	0.006428010062985063	49
CHD1L	0.11712839506172842	0.0015190085877330205	0.002280382326046282	81
CHD2	0.07684918032786882	0.06594512315757406	0.08174904494903258	61
CHD3	0.503748275862069	1.567467413214518e-13	7.297806297887717e-13	87
CHD4	0.5608041666666667	1.8381851679476562e-17	9.541570874547247e-16	96
CHD8	-0.19326071428571429	0.1637990102171898	0.19155827970171097	28
CHDH	0.10153645833333336	0.12709024795417614	0.15120561686904907	96
CHEK2	0.2682795918367347	0.003809813482895663	0.005473241682386939	49
CHERP	0.4148114583333333	2.7651054803403183e-17	9.541570874547247e-16	96
CHGA	-2.446358333333334	1.7810758177901125e-17	9.541570874547247e-16	96
CHGB	-1.8056809523809527	6.890035462623111e-05	0.00011771135197030419	21
CHI3L1	0.38414722222222225	0.004123038903344423	0.005903002134557775	36
CHID1	-0.1786489583333333	2.6594731191192132e-06	5.203384414164713e-06	96
CHKB	-0.5075878048780486	1.6065335383702217e-11	5.570146516240733e-11	82
CHL1	-1.5020989583333337	2.019959698033919e-17	9.541570874547247e-16	96
CHM	0.026160000000000006	0.4562775982631815	0.49453415294792963	45
CHMP1A	-0.07156979166666666	0.05166409410917686	0.06500645299671184	96
CHMP1B	-0.2980625	2.4093170779895304e-09	6.494217869116818e-09	96
CHMP2A	-0.24369374999999996	9.38637886273455e-07	1.9193299539800698e-06	96
CHMP2B	-0.04694479166666668	0.08131505592460063	0.09949712022581536	96
CHMP3	-0.44082708333333337	7.206115550518908e-14	3.5607530595346045e-13	96
CHMP4A	-0.12376250000000001	0.0035026245433939156	0.005045975533955289	96
CHMP4B	0.15827916666666667	0.00017474456806352401	0.00028868783726623555	96
CHMP4C	-0.036494117647058816	0.5382339518912631	0.575185024408806	34
CHMP5	-0.045379166666666686	0.3283073488714594	0.36570048208179	96
CHMP6	-0.4284447916666665	3.717902083784176e-15	2.5325909222249073e-14	96
CHMP7	-0.17903541666666667	0.00010725139641457134	0.00018015764109798678	96
CHORDC1	0.16097187500000007	4.683071731330113e-05	8.108177175726418e-05	96
CHP1	-0.5233000000000001	2.068469489034155e-15	1.521640548457253e-14	96
CHP2	-1.210369230769231	1.8189894035458565e-11	6.248643066251486e-11	39
CHPF2	-0.20633571428571426	0.053377434611320496	0.06702399565924559	28
CHRAC1	0.5202566666666668	1.5076943763557492e-10	4.618776973045991e-10	60
CHST5	-0.5298083333333333	0.0016348300559911877	0.0024432144844735364	36
CHTF18	0.1442592592592593	0.21085703372955322	0.24260672942746914	27
CHTOP	0.20890000000000009	7.457835085064798e-06	1.398787128479165e-05	96
CHUK	0.03295000000000001	0.19833193595760834	0.22917825668956157	96
CIAO1	-0.0033874999999999977	0.6971397232414724	0.7254708241394507	96
CIAPIN1	0.34604687500000014	3.777828059781794e-16	3.954492482619797e-15	96
CIB1	0.3436645833333332	7.156171239414199e-07	1.485940973235217e-06	96
CILP	-0.6898437499999998	7.104805342628527e-09	1.8124007240948587e-08	96
CIRBP	0.029851041666666665	0.6850155848975339	0.71462751657247	96
CISD1	-0.3328541666666666	1.434643071865709e-09	3.9511577870061746e-09	96
CISD2	0.23011145833333335	3.154623390066942e-08	7.476130589554575e-08	96
CISD3	-0.49624375000000015	7.8713753102464e-12	2.825524716770631e-11	96
CIZ1	-0.3543431372549019	2.7902860708335396e-05	4.931514554589625e-05	51
CKAP4	0.33481770833333346	1.434643071865709e-09	3.9511577870061746e-09	96
CKAP5	0.18101875	1.3088544117806996e-12	5.271003608449717e-12	96
CKB	-2.176383333333333	2.853238441876248e-17	9.541570874547247e-16	96
CKMT1A	-0.48282604166666654	1.1929905071164093e-08	2.967657883664809e-08	96
CKMT2	0.2293894736842106	0.25040250266349495	0.28434606048558686	76
CLASP1	-0.07015	0.03136672403227442	0.04056271232315518	96
CLASP2	-0.29864166666666686	2.453645686737158e-13	1.1047992558603754e-12	96
CLASRP	0.2998444444444445	0.04910190403461456	0.06201518715516361	27
CLC	-0.6747156249999998	1.6993406334800844e-05	3.076329279551507e-05	96
CLCA1	-2.125638541666667	6.301893554011677e-16	5.913203336204803e-15	96
CLCA4	-1.5756217948717948	3.930177381850054e-14	2.0503545921331268e-13	78
CLCC1	-0.17048749999999993	1.7275901242789293e-05	3.1249399147444966e-05	96
CLCN3	0.16512054794520548	0.018487704692062207	0.024570921311221343	73
CLCN7	-0.36646	0.000850677490234375	0.0013086895854121582	20
CLDN3	0.06912916666666667	0.43312794163826795	0.4710415562410666	96
CLDN4	-0.01858135593220341	0.7627129620600421	0.787237117301665	59
CLDN7	-0.4697531250000004	6.64498153494231e-11	2.126964747992746e-10	96
CLEC11A	0.43067200000000017	0.013554692268371582	0.018279081493166822	25
CLEC16A	-0.10794054054054053	0.13256435086077545	0.15716102313570285	37
CLEC3B	-0.8847375	1.5859923589523526e-15	1.2287523665533758e-14	96
CLGN	0.2978	0.025833535939455032	0.03379820448865129	29
CLIC1	0.49248437499999986	8.732313701098553e-17	1.5060435120994909e-15	96
CLIC2	-0.7150614583333335	9.286444086542027e-17	1.5423277948769751e-15	96
CLIC4	-0.5147625000000001	2.9063888575293054e-10	8.624043717454272e-10	96
CLIC5	-0.4975052083333334	5.6701329069876276e-11	1.8333645867439034e-10	96
CLIC6	-0.20300229885057453	0.004423167926296741	0.0063138369398989015	87
CLINT1	0.04434166666666669	0.1832868401747999	0.21289324978059773	96
CLIP1	-0.3775874999999999	5.3990890340877236e-11	1.7481895912014739e-10	96
CLIP2	-0.1382041666666667	3.4366651030011505e-07	7.35272336044659e-07	96
CLMN	-0.3757541666666666	7.561972767117487e-10	2.148804544455367e-09	96
CLN5	0.20592291666666665	2.640288178361983e-05	4.684995488768588e-05	96
CLN6	-0.03185714285714286	0.691783364105504	0.7204555401713484	35
CLNS1A	0.1944977011494253	0.0008397306788965655	0.0012933317549855504	87
CLP1	0.266122972972973	2.8766909300008335e-07	6.20370281239974e-07	74
CLPB	0.09242187499999999	0.0005537181656281824	0.0008685749761981473	96
CLPP	0.30947395833333335	9.089164068606168e-10	2.564470860913342e-09	96
CLPTM1	0.10364583333333334	8.682359160981296e-05	0.00014725056992505724	96
CLPTM1L	-0.1155947916666667	0.009623235191790393	0.01320022181593166	96
CLPX	0.2625624999999999	2.6758545012656727e-10	7.985902068056672e-10	96
CLRN3	0.1911	0.10625291735271533	0.12786561838912416	59
CLSTN1	0.12614310344827587	0.03487646307351857	0.04486791769132044	58
CLTA	0.2119854166666667	8.623787540106625e-08	1.9559496486333788e-07	96
CLTB	-0.33861875000000013	4.688689938680086e-09	1.219241116224988e-08	96
CLTC	0.09042083333333335	2.6832533418078323e-05	4.756202174159962e-05	96
CLTCL1	-0.1107851851851852	0.03352083959566391	0.043223392820931995	81
CLU	-0.6465354166666667	8.291608637332881e-10	2.34521089156266e-09	96
CLUH	-0.002068749999999997	0.6783142195893419	0.7089593549189741	96
CLYBL	-0.34152083333333333	1.0336945344718486e-07	2.325639380205108e-07	96
CMA1	-1.960916666666666	2.1513184310660033e-17	9.541570874547247e-16	96
CMAS	-0.2021750000000001	0.000463801860891716	0.0007328499291747059	96
CMBL	-1.0419000000000003	2.688900312508762e-17	9.541570874547247e-16	96
CMC1	0.1355977011494253	0.005864092287537963	0.008244382891259889	87
CMC2	0.24632812499999993	4.5382932361269143e-05	7.869581111702111e-05	96
CMC4	-0.20699705882352942	0.2088924218762831	0.24059386409750785	34
CMIP	0.1671037037037037	0.27606897183100276	0.31144219472241425	54
CMPK1	0.077921875	0.17517894421500702	0.2038992950621933	96
CMPK2	-0.3783034090909092	1.3474441010788936e-05	2.4659035663225034e-05	88
CMSS1	0.9735370370370373	2.844702805653088e-10	8.455964166205833e-10	54
CMTM4	-0.09866049382716054	0.047195313857763696	0.05971999526658248	81
CMTM6	-0.007499999999999996	0.7643533307127655	0.7886875570212155	33
CMTR1	0.09346249999999999	0.012118027324033321	0.016447470223940837	96
CNBP	0.083703125	0.041805160386623005	0.053342166709730424	96
CNDP2	-0.28442187500000005	3.467950490901542e-05	6.082831465713033e-05	96
CNIH4	-0.6658666666666665	1.517814476194635e-16	2.1171735511991784e-15	96
CNN1	-2.5770500000000003	9.020784525021527e-16	7.799880331270176e-15	96
CNN2	0.9254458333333336	2.5168114032870984e-17	9.541570874547247e-16	96
CNN3	0.14423333333333332	0.011268294527538494	0.015343817330070177	96
CNNM3	-0.23607916666666673	9.632152110037318e-07	1.966588816379804e-06	72
CNNM4	-0.40607916666666677	1.0478464028577225e-13	5.035817705424399e-13	96
CNOT1	0.1435708333333333	5.224513155416419e-12	1.9248357363914747e-11	96
CNOT10	0.2547843749999999	8.138581338956819e-13	3.3642478252040235e-12	96
CNOT11	0.1251729166666666	2.069364399510127e-05	3.715109916059257e-05	96
CNOT2	-0.022875641025641026	0.6774884334119861	0.7083169549261359	78
CNOT3	0.10996458333333338	8.695636939325415e-06	1.619628768071466e-05	96
CNOT4	-0.15494444444444447	0.012862368501203036	0.0173926236305752	45
CNOT7	-0.07411428571428573	0.6571828199460157	0.6894510616134197	49
CNOT9	0.31675520833333337	2.876974796051258e-16	3.2392612516095467e-15	96
CNP	-0.4453604166666667	7.009015581003062e-14	3.4708635501201067e-13	96
CNPY2	0.3548739583333334	4.051994187055994e-13	1.766395646586008e-12	96
CNPY3	0.2947645833333334	4.925203901301936e-10	1.430441254278558e-09	96
CNPY4	-0.5005431818181818	2.2696750446088045e-07	4.939101483710824e-07	44
CNRIP1	-1.4122196428571432	3.5461701200907853e-10	1.0443922447624707e-09	56
CNTN1	-1.3454653846153843	5.960464477539063e-08	1.375602207767787e-07	26
COA3	0.00257083333333333	0.872258951355029	0.8882796013636095	96
COA4	-0.01993448275862068	0.8889215114135254	0.9026448342777874	87
COA5	-0.4827000000000001	4.661839465039209e-10	1.3557122224078045e-09	87
COA6	-0.15419270833333332	0.0024353876682297335	0.003572150386128833	96
COA7	0.2852583333333332	7.561727742674063e-10	2.148804544455367e-09	96
COASY	-0.06665729166666669	0.019065778731793583	0.025309123369925433	96
COBL	-0.510411111111111	1.2062606401741505e-05	2.2190300616749043e-05	36
COBLL1	-0.4420659090909091	9.707712321335313e-09	2.4438664902003235e-08	88
COG1	0.03796354166666666	0.1546331984473674	0.1812581222437382	96
COG2	0.10519166666666667	0.0023342339951152704	0.0034335399853603044	96
COG3	0.05970833333333333	0.0967364148991425	0.11727585969612343	96
COG4	0.11911979166666666	1.1589170067456319e-05	2.1372470950663532e-05	96
COG5	0.05995416666666665	0.05836656993830941	0.07300199990100635	96
COG6	0.16275104166666668	2.9633309667976423e-08	7.060009750087139e-08	96
COG7	0.19585833333333336	5.209206362965603e-07	1.0965975992825927e-06	96
COG8	0.042003124999999995	0.08004675053850802	0.09803462018306869	96
COIL	0.20304791666666666	0.000346802984358888	0.0005550336884694131	96
COL10A1	-0.5313885057471266	6.458928914817205e-05	0.00011065616468209558	87
COL11A1	0.28690919540229887	0.07829358637444138	0.09608042271558939	87
COL12A1	1.0611385416666663	5.93015122179535e-14	2.971418172851977e-13	96
COL14A1	-1.5950968750000003	4.8491300340798043e-17	1.1065582788653538e-15	96
COL15A1	-0.9664479166666667	2.6170684298496143e-15	1.8698521933824345e-14	96
COL16A1	-0.9217510416666665	2.7732158429237603e-13	1.2395968521862988e-12	96
COL17A1	-0.17929607843137263	0.11749642055143679	0.14061424999635916	51
COL18A1	-0.7418947916666668	7.905962982086809e-15	4.902637321752617e-14	96
COL1A1	-1.9031135416666665	6.819703013672534e-17	1.3418999201962731e-15	96
COL1A2	-1.6780333333333326	8.006066936668552e-16	7.077161364893921e-15	96
COL21A1	-2.2257804597701147	6.495305239303552e-16	6.02724797378804e-15	87
COL28A1	-2.0659187500000002	2.084491422630465e-17	9.541570874547247e-16	96
COL2A1	-0.8305093023255811	0.0003912290594598744	0.0006231613864948474	43
COL3A1	-1.615734374999999	1.517902039241027e-16	2.1171735511991784e-15	96
COL4A1	-0.9277760416666667	3.895888967937264e-14	2.034048177890358e-13	96
COL4A2	-1.004858333333333	1.53968779209843e-15	1.1984777849157182e-14	96
COL4A3BP	-0.039812499999999994	0.1945347471363198	0.22498424729142724	96
COL5A1	-0.8465479166666664	3.035187897540256e-12	1.1603372696012307e-11	96
COL5A2	-1.0699468749999999	5.752371905546097e-15	3.700159454871406e-14	96
COL5A3	-1.3391270833333333	7.959843003626542e-17	1.4591727944414426e-15	96
COL6A1	-1.4694947916666667	4.556178293639574e-17	1.0878727470581247e-15	96
COL6A2	-1.5665166666666657	3.550586923845957e-17	9.764418690273611e-16	96
COL6A3	-1.4393322916666669	4.848841191360182e-17	1.1065582788653538e-15	96
COL7A1	-0.28270126582278476	0.012006482369127327	0.016299370743519878	79
COL8A1	0.44722068965517253	2.0645898429549462e-05	3.710509846339334e-05	87
COLEC12	-1.8736074074074083	1.6304520965489996e-14	9.341334855463056e-14	81
COLGALT1	0.4665739583333334	1.1490980838965608e-14	6.864914554641164e-14	96
COMMD1	-0.3138697916666667	3.1099888775923923e-14	1.6585783290753068e-13	96
COMMD10	-0.09542	0.1515030570827971	0.17779150078161374	50
COMMD2	-0.18305111111111116	0.008814383384617486	0.01212045462746438	45
COMMD3	-0.09715238095238095	0.014523044681241088	0.019506527881170462	63
COMMD3-BMI1	0.16320192307692313	0.006293680966017478	0.008804067056090754	52
COMMD4	-0.15567187500000002	0.002968755781780272	0.004312988856640071	96
COMMD5	-0.19825925925925927	2.4347594782497305e-07	5.289767273179224e-07	81
COMMD6	-0.2805666666666666	1.9424905701806115e-10	5.880942795731824e-10	96
COMMD7	-0.136516049382716	0.0011497231719361086	0.0017471104780338285	81
COMMD8	-0.2181177083333333	3.518535953318349e-09	9.286610348097565e-09	96
COMMD9	-0.300003125	5.6701329069876276e-11	1.8333645867439034e-10	96
COMP	0.4872977011494252	0.0006365605994447506	0.0009915683913802721	87
COMT	0.20041979166666665	1.4957251091314255e-07	3.3161995231866273e-07	96
COMTD1	-0.2779197916666667	7.833911087242335e-09	1.9878104948679582e-08	96
COPA	0.24810625000000006	6.452004518084922e-11	2.068155676628368e-10	96
COPB1	0.24748645833333335	9.68522240879307e-11	3.0349442849412756e-10	96
COPB2	0.20766666666666675	1.2996750910708543e-08	3.213977215626378e-08	96
COPE	0.12964895833333343	0.00011998081626844773	0.00020083615178268858	96
COPG1	0.1305552083333333	0.0001341235355213675	0.0002236169979654211	96
COPG2	0.2269375000000001	6.893773824264653e-11	2.2003809726046326e-10	96
COPS2	-0.17329895833333334	8.799748385460645e-08	1.9945105377721444e-07	96
COPS3	-0.2472375	9.296819021225645e-13	3.801039813236273e-12	96
COPS4	-0.28300937500000006	1.945723357002018e-13	8.95940837482947e-13	96
COPS5	-0.35075208333333335	8.07440007090309e-12	2.8937580168637196e-11	96
COPS6	-0.44787604166666656	1.584167940217895e-13	7.370445707990192e-13	96
COPS7A	-0.4538906250000001	6.2743827024075486e-15	3.9864587362644345e-14	96
COPS7B	-0.070034375	0.014569335577274911	0.019556957260491673	96
COPS8	-0.2648312499999999	2.278585044341663e-12	8.862044673906213e-12	96
COPZ1	0.18580625000000003	7.686370222826254e-05	0.0001307833066825801	96
COPZ2	-0.21256770833333338	0.0020659327774099367	0.0030529389875866226	96
COQ10B	-0.8158269841269842	2.050862780304498e-11	6.991482923304308e-11	63
COQ3	-0.3227760416666667	7.514164653352829e-14	3.7013605476757806e-13	96
COQ5	-0.232503125	9.924669030549783e-07	2.0220463647970126e-06	96
COQ6	-0.2924822916666667	1.3832865232068775e-12	5.544125237768352e-12	96
COQ7	-0.23372291666666667	9.162157976284017e-08	2.0710551840596185e-07	96
COQ8A	-0.1289041666666667	0.009069130066572116	0.012463087590461353	96
COQ8B	0.08343932584269664	0.06742666473462475	0.08340071786589186	89
COQ9	-0.47710625000000007	3.023149594502962e-14	1.616278697924571e-13	96
CORO1A	0.26882500000000004	1.4762921594399273e-05	2.692156590835138e-05	96
CORO1B	-0.10768333333333337	0.0004799573349672235	0.0007571205643769345	96
CORO1C	-1.043563541666666	1.976624642989329e-14	1.0997091561510634e-13	96
CORO2A	-0.14847812499999993	0.002602562888849273	0.003804911515526835	96
CORO2B	-0.6772107142857143	9.395182132720947e-06	1.7455629168768993e-05	28
CORO7-PAM16	0.24643749999999998	7.314481505752118e-13	3.050164747363368e-12	96
COTL1	-0.1910166666666667	7.229870348333737e-05	0.00012336012249992634	96
COX11	-0.05654651162790693	0.2990581018732419	0.33540300994108657	43
COX15	0.2788562500000001	2.8523384574160315e-06	5.554921182727475e-06	96
COX17	-0.06563437500000006	0.2422507818459887	0.2759355679804309	96
COX18	-0.05052857142857142	0.41198158264160156	0.44994049128154073	21
COX19	-0.18243272727272727	0.0033625372035704895	0.004854586205886467	55
COX20	0.2777249999999999	5.195361768880148e-08	1.2073322517290237e-07	88
COX4I1	-0.301990625	3.518641154399167e-09	9.286610348097565e-09	96
COX5A	-0.45696250000000016	2.2942351156220663e-10	6.889894087156868e-10	96
COX5B	-0.41756562499999994	1.2750368108771776e-11	4.464799684025897e-11	96
COX6A1	0.15166666666666673	0.06287927239863687	0.07823758132834845	96
COX6B1	-0.7251364583333332	1.619289957551463e-14	9.287170626444624e-14	96
COX6C	-0.3482979166666667	9.517836258861585e-09	2.397933509193064e-08	96
COX7A2	-0.3128479166666667	1.8192607264440358e-06	3.6250134284862003e-06	96
COX7A2L	-0.2376760416666668	0.00014441418412654023	0.00024017718426002935	96
COX7B	-0.39047187499999986	2.03067875135841e-08	4.9112558553942226e-08	96
COX7C	-0.16238229166666668	0.019347913946907484	0.02566333623365012	96
COX8A	-0.18451770833333334	7.805004064141082e-05	0.00013273453045962614	96
CP	-1.1781468749999997	1.2168946602769017e-14	7.205777825064197e-14	96
CPA1	-0.615188	0.0008081197738647461	0.0012463621983582946	25
CPA3	-1.9324760416666662	2.597133656760462e-17	9.541570874547247e-16	96
CPB1	-0.9022800000000002	7.355964091397571e-07	1.526009990389187e-06	55
CPB2	-0.1835343750000001	0.05210468695134148	0.06551168379995315	96
CPD	0.2152333333333333	1.9830916468807746e-05	3.572653560398259e-05	96
CPM	-0.6704041666666664	2.708238279289353e-16	3.1219193497856134e-15	96
CPN1	-0.9683812500000002	9.220265401646019e-13	3.7764811098683236e-12	80
CPN2	-0.9851072916666666	2.9658589980801946e-16	3.3109940088195295e-15	96
CPNE1	0.24082500000000004	2.6832533418078323e-05	4.756202174159962e-05	96
CPNE2	-0.20669080459770123	4.792652257662592e-07	1.0124025187864714e-06	87
CPNE3	-0.027205208333333314	0.10160276423911031	0.122643911534009	96
CPO	-1.6250206896551727	9.313225746154785e-08	2.1037855734327425e-07	29
CPOX	0.5332656249999997	2.8530659937810055e-17	9.541570874547247e-16	96
CPPED1	-0.6969312499999999	1.3471920922137671e-12	5.4186521262962604e-12	96
CPQ	-0.9848106382978722	1.2846612662542611e-11	4.495979361137109e-11	47
CPS1	-0.3008145833333335	0.12438048489546069	0.14827090852232513	96
CPSF1	0.1641447916666667	1.3542560538814084e-07	3.009507739480082e-07	96
CPSF2	0.18111874999999997	2.619730910735817e-07	5.675096764651791e-07	96
CPSF3	0.32957291666666655	7.90555831785844e-15	4.902637321752617e-14	96
CPSF4	-0.15003125	0.8435671259622662	0.8620703500503952	96
CPSF6	0.3411458333333334	1.3645770627365345e-14	7.974692956358372e-14	96
CPSF7	0.23900000000000002	1.5997596166704777e-11	5.549528060104568e-11	96
CPT1A	-0.36981354166666663	2.0821813854640386e-09	5.657899925102566e-09	96
CPT2	-0.23760520833333332	1.8357339076351755e-06	3.6567514211176937e-06	96
CPVL	-0.5995677083333334	2.2146354143341314e-14	1.217867950390794e-13	96
CPXM2	-0.7634333333333334	2.2649765014648438e-06	4.4640797145498346e-06	24
CR2	-1.4149333333333336	1.1920928955078125e-06	2.412594641315811e-06	24
CRABP1	-1.896562745098039	5.461520578031993e-10	1.5773285216537512e-09	51
CRABP2	-0.321755	0.12810258085846726	0.15235600336455538	40
CRACR2A	-0.27743380281690144	0.0005739427443182869	0.0008973623564743386	71
CRADD	-0.6980093750000002	1.224859291705411e-16	1.8676320427390004e-15	96
CRAT	-0.2654229166666668	1.2391637890362837e-06	2.505590675299707e-06	96
CRBN	-0.3787708333333333	7.649136294830366e-10	2.1726526419143488e-09	96
CREB1	-0.23287187499999998	1.1065373531961718e-08	2.7682265186491973e-08	96
CREBBP	-0.134603125	0.10986631777815738	0.13205675618297674	32
CRELD1	-0.2958989583333333	3.597488511594958e-09	9.46492173501591e-09	96
CRELD2	-0.1999458333333333	0.002730647706943854	0.003984355316092294	96
CRIP1	-0.5818687500000002	2.725531844604016e-08	6.514283272336423e-08	96
CRIP2	-0.9563541666666673	1.4089972667938785e-15	1.1186938062627374e-14	96
CRISP3	0.5016509433962266	0.0012516861991271346	0.0018943295082210572	53
CRK	-0.5148104166666665	1.517814476194635e-16	2.1171735511991784e-15	96
CRKL	-0.06884791666666669	0.12618256919759616	0.15020561688195044	96
CRLF3	-0.13740208333333334	0.0025406021461372615	0.0037191886352653256	96
CRMP1	-0.8935375	2.467428017133246e-15	1.776366169655892e-14	96
CRNKL1	0.3369895833333334	3.198654376206327e-14	1.7033230646874427e-13	96
CROCC	-0.056387356321839076	0.24964586886932338	0.28358857674302246	87
CROT	-0.4501897727272727	1.926768324511224e-11	6.591886123990719e-11	88
CRP	-0.49313555555555555	9.686745315818987e-06	1.798239466625058e-05	90
CRTAC1	-0.3153954545454545	0.004151344299316406	0.005938458188510399	22
CRTAP	0.7304093750000001	2.8571242473390275e-14	1.5385496017927631e-13	96
CRTC1	-0.0728	0.539189338684082	0.5759203463716714	21
CRTC3	-0.5134382352941178	6.466754712164402e-06	1.220063480424943e-05	34
CRYAB	-2.2832125000000008	2.6794970021544967e-17	9.541570874547247e-16	96
CRYL1	-0.4619312499999999	1.8598398049654258e-11	6.36940543721952e-11	96
CRYM	-0.5159973333333334	3.443096535700495e-09	9.105137823419242e-09	75
CRYZ	-0.3638895833333335	1.8521034209853505e-10	5.622906863760228e-10	96
CRYZL1	-0.3544666666666667	1.262804235357213e-16	1.8914347498278047e-15	96
CS	0.02006875	0.47046234635038486	0.5081841702889602	96
CSDE1	-0.068934375	0.00869560640999607	0.011962030634542473	96
CSE1L	0.5677958333333332	5.322455477842176e-17	1.1632076692450645e-15	96
CSF1R	-0.5519633333333334	1.193903115137606e-05	2.1975023318129487e-05	30
CSK	0.03772395833333335	0.11441354333719594	0.13707151111593707	96
CSNK1A1	0.05048333333333333	0.025563198150230764	0.033470627710752966	96
CSNK1D	0.01164883720930232	0.9285865056749572	0.9384517314804187	43
CSNK1G3	0.0032517241379310404	0.4946499206125736	0.5325106414296785	29
CSNK2A1	0.1611854166666667	2.4276237460439837e-07	5.275972695888917e-07	96
CSNK2A2	0.039655208333333344	0.28265765557975175	0.31828637315954256	96
CSNK2B	0.14419999999999997	1.2187330476356835e-08	3.028579222025275e-08	96
CSPG4	-1.0853822916666664	8.866411682873254e-17	1.5214383717919013e-15	96
CSRP1	-2.2997166666666664	1.0785060285295895e-15	8.989912100574704e-15	96
CSRP2	0.002504166666666665	0.9475548945222352	0.9539534494822443	96
CSRP3	-1.8139746835443042	3.002983608107584e-11	1.0013427945722555e-10	79
CST3	-0.6489770833333331	4.713212392355629e-12	1.7450850960438147e-11	96
CSTB	0.03278750000000002	0.4990104875588818	0.5370326212756718	96
CSTF1	0.36284895833333325	6.893749679928924e-16	6.319026324357376e-15	96
CSTF2	0.44460104166666653	2.5481071550683787e-16	3.0051208833513896e-15	96
CSTF2T	0.02501406250000002	0.22102264306190755	0.2535204158492627	64
CSTF3	0.3789239583333335	1.342904690826258e-16	1.9628643944996438e-15	96
CTBP1	-0.03136041666666666	0.875138166651228	0.8908059414448625	96
CTBP2	0.25059166666666677	2.252603964654719e-09	6.096483592224146e-09	96
CTBS	-0.2629772151898734	0.023353581194159395	0.0307153844798305	79
CTCF	-0.038909375	0.05984007985195008	0.07467765917535958	96
CTDP1	-0.06192839506172839	0.061270030869920285	0.07637692997144095	81
CTDSP1	-0.13563076923076922	0.010224275178616607	0.013973245502819072	52
CTDSPL2	-0.007939393939393937	0.6432669654984432	0.6762265859493976	66
CTH	-0.22202696629213492	9.258278908468223e-05	0.00015669473561279843	89
CTHRC1	1.3532302083333334	3.0300211967314125e-15	2.1330967690315895e-14	96
CTIF	-0.5606294117647058	2.1175597794353962e-05	3.79554062522898e-05	34
CTNNA1	0.03884270833333333	0.39756743914501325	0.4355453868752276	96
CTNNB1	0.3168479166666667	2.613717871632244e-08	6.258184582719745e-08	96
CTNNBL1	0.5792166666666666	2.439236999585466e-17	9.541570874547247e-16	96
CTNND1	-0.013606249999999993	0.9591977454875057	0.9642280003709434	96
CTPS1	-0.23472187499999997	0.00020205431519854268	0.00033111441149658597	96
CTPS2	0.055703125	0.20938554802263143	0.24107905297474416	96
CTR9	0.25599270833333315	1.9995651318088366e-13	9.176264002503006e-13	96
CTRC	-0.8721283018867925	3.109889922259782e-05	5.4833775265284825e-05	53
CTSA	-0.1323416666666667	0.027814337887869404	0.036220184955301986	96
CTSB	0.12520520833333332	0.1221589740022262	0.1457781139418242	96
CTSC	-0.35992500000000005	1.671504559587305e-05	3.030844348721954e-05	96
CTSD	0.1304385416666667	0.05885449555372908	0.07352975990129765	96
CTSE	0.47587499999999994	0.36827659606933594	0.4063762636561143	20
CTSG	0.055803125000000016	0.6743056851065747	0.7055393886852966	96
CTSH	0.1223677083333334	0.05210449080800269	0.06551168379995315	96
CTSK	0.6244629032258067	2.25335819639586e-08	5.426338887157152e-08	62
CTSL	-0.5452697916666667	4.586643047657027e-09	1.1945569956029112e-08	96
CTSS	-0.13114062500000007	0.03498438456355726	0.04499812807456013	96
CTSZ	-0.47038437500000013	4.9085472625712474e-05	8.489673520131605e-05	96
CTTN	0.20438229166666666	6.2335391428117245e-09	1.5994053048877965e-08	96
CTTNBP2NL	-0.027516666666666658	0.4874821443136821	0.5250469908814406	96
CTU2	0.05185750000000004	0.34228256836432025	0.3793777880647984	80
CUEDC1	-0.7051826086956524	1.6689300537109375e-06	3.339353334430862e-06	23
CUL1	-0.07835416666666666	0.003502569767703118	0.005045975533955289	96
CUL2	-0.18636770833333338	1.926139681899027e-08	4.668522805585467e-08	96
CUL3	-0.08913229166666668	8.950007905914914e-05	0.00015163236664286373	96
CUL4A	0.34890520833333327	2.942722497686905e-15	2.0803714685965698e-14	96
CUL4B	0.0715052083333333	0.03930005435425995	0.05027918853217581	96
CUL5	-0.3423489583333335	3.290287176571422e-14	1.7491708928381672e-13	96
CUTA	-0.2815760416666668	5.3998653150900744e-08	1.2500930434416603e-07	96
CUTC	-0.264122950819672	2.2466029885714466e-06	4.433076308919364e-06	61
CUX1	0.20235	2.0550583913358275e-13	9.40476585775721e-13	96
CWC15	0.34580937500000014	3.639809944582441e-12	1.3742537508788665e-11	96
CWC22	0.27509873417721525	3.5569698572790425e-09	9.374785560244693e-09	79
CWC25	-1.286548214285714	1.4256483726287203e-09	3.934461099122207e-09	56
CWC27	-0.11863870967741938	0.05170536035146457	0.06504617712319066	62
CWF19L1	0.3453114583333334	6.750936728774982e-13	2.8327711022953265e-12	96
CXADR	0.2666979166666667	3.0088742027222755e-06	5.846086598917968e-06	96
CXCL12	-1.430747435897436	2.890786765852223e-14	1.5552757347315612e-13	78
CXCL14	0.28255102040816327	0.16820717795762263	0.1963636605042092	49
CXORF38	0.23434482758620692	0.0003212470919095406	0.0005158560889471297	87
CXORF56	0.2301061728395063	7.883999611284855e-05	0.0001340336744781484	81
CXXC1	-0.22323589743589745	0.0016351219310308807	0.0024432144844735364	39
CYB5A	-0.6062489583333334	2.626821254386507e-16	3.0495408837561495e-15	96
CYB5B	0.4712843749999999	1.5914961085313954e-08	3.898264838312206e-08	96
CYB5R1	-0.34094166666666675	8.81553148290992e-13	3.62192102755732e-12	96
CYB5R2	-0.05035795454545453	0.5435291450714355	0.5799200118136547	88
CYB5R3	-0.2948541666666667	5.290526426769335e-09	1.3662102308389325e-08	96
CYB5R4	0.03811249999999997	0.3305051326751709	0.36778220851181315	24
CYBA	0.4914677083333334	2.3291094951379338e-11	7.880577861035899e-11	96
CYBB	0.5127885416666665	1.6820313835306576e-11	5.808572316170632e-11	96
CYBRD1	-1.0398034090909092	8.782220825226261e-13	3.612502729395646e-12	88
CYC1	-0.04400937500000002	0.04845822329449528	0.061248345908584925	96
CYCS	-0.16035312499999996	0.035941984085119776	0.04614136456698595	96
CYFIP1	-0.2353427083333334	1.047744706439915e-12	4.2601934760638724e-12	96
CYFIP2	-0.22202183908045972	0.00015982066716957273	0.00026507709667259914	87
CYGB	-0.5698197916666662	3.8955105747682154e-14	2.034048177890358e-13	96
CYHR1	0.07537200000000004	0.5424043536186218	0.5789961509033148	25
CYLD	-0.3678105263157894	0.0038437370385508984	0.005518431797910973	38
CYP20A1	-0.10986041666666667	0.0051228694920956355	0.0072647075507228116	96
CYP27A1	-0.07939166666666668	0.26503696267603516	0.29985379133111634	96
CYP2S1	0.6418552083333332	4.528058130801513e-16	4.575111746919782e-15	96
CYP4F11	-0.4315	0.0039006471633911133	0.005595347833908698	24
CYP4F12	-0.8986870370370369	2.4825016788085813e-09	6.683428476375109e-09	54
CYP4F3	0.4883590909090909	0.015583038330078125	0.020863421304429083	22
CYP51A1	0.16125625000000002	0.0032447160032306544	0.004692562980313529	96
CYP7B1	0.019537500000000027	0.8377071230351185	0.8572570299637905	72
CYR61	0.5554033333333334	2.306600958091459e-05	4.121167996760479e-05	60
CYTH1	0.16274000000000005	0.2305126190185547	0.2634149482192954	20
D2HGDH	-0.33313678160919535	4.230612485078307e-08	9.906868817588258e-08	87
DAAM1	-0.36752162162162166	0.005074477914604358	0.007197605143568845	37
DAB2	-0.31236354166666663	2.240441803471278e-10	6.74343833983347e-10	96
DAB2IP	-0.2117137931034483	2.225191737391122e-06	4.392118672008543e-06	87
DACH1	0.5627307692307693	0.00468936562538147	0.006669695565122807	26
DAD1	0.22014062500000017	1.2236105331033823e-09	3.400664070667188e-09	96
DAG1	-1.1459354166666667	3.0364340211671703e-17	9.56751750798849e-16	96
DAGLB	-0.09588235294117645	0.10289385706130007	0.12415735378134211	51
DAP	0.17343333333333344	0.0012681032894476466	0.0019170132872700005	96
DAP3	0.23780729166666667	1.701357897883613e-07	3.7522715768905846e-07	96
DAPK2	-0.07236562500000007	0.11567665491167163	0.13851056180660448	96
DAPK3	-0.10912187499999998	0.05644937133285807	0.07070926666768948	96
DARS	0.3252552083333333	1.2630239498030356e-16	1.8914347498278047e-15	96
DARS2	0.2012739583333333	0.00017347475821962807	0.0002867312522531374	96
DAXX	0.42070175438596485	9.146490891402893e-08	2.0689078688611601e-07	57
DAZAP1	0.2617052083333333	7.681503778650963e-15	4.776445711411061e-14	96
DAZAP2	-0.29198297872340423	1.7859117221519227e-05	3.228693544574845e-05	47
DBI	-0.4394020833333332	0.0006126967251215428	0.0009559493788001001	96
DBN1	-0.3359166666666667	5.869962928252846e-07	1.2302899495672708e-06	96
DBNL	-0.06602187499999998	0.022807993054641113	0.03002724203367096	96
DBR1	0.23186562499999994	2.0049760389477567e-11	6.842006228535351e-11	96
DBT	-0.3613781249999999	3.933892288343308e-12	1.471973416759356e-11	96
DCAF1	0.18148160919540224	0.00013245545126955072	0.0002210556275043323	87
DCAF11	-0.12203124999999998	0.09763215372719386	0.11821225759894308	48
DCAF13	0.49605520833333316	2.1221169485869328e-14	1.1718508866154603e-13	96
DCAF7	0.13088229166666676	1.6993406334800844e-05	3.076329279551507e-05	96
DCAF8	-0.1896791666666666	2.0837194502782864e-06	4.132330414400539e-06	96
DCAKD	-0.2026865168539326	3.40540961199718e-05	5.980862064630649e-05	89
DCK	0.1443329545454546	0.0014159674136538583	0.0021309388466136687	88
DCLK1	-1.2423177083333334	3.0373502324365277e-17	9.56751750798849e-16	96
DCN	-2.449236458333334	1.7811848543493422e-17	9.541570874547247e-16	96
DCP1A	0.04790208333333331	0.09135472724450794	0.11115355076323741	96
DCP1B	-0.20918591549295776	2.178463571337408e-05	3.899496291382783e-05	71
DCPS	-0.055757291666666646	0.08259962243462923	0.10095843813334442	96
DCTD	0.4522770833333334	4.305599580350748e-12	1.6048581984207168e-11	96
DCTN1	-0.442528125	3.232977711649924e-17	9.764418690273611e-16	96
DCTN2	-0.5249010416666667	1.9577585447302082e-17	9.541570874547247e-16	96
DCTN3	-0.4201854166666667	1.04700930670279e-15	8.769519898463193e-15	96
DCTN4	-0.3614749999999998	9.876375128059748e-17	1.6045602882427223e-15	96
DCTN5	-0.48051458333333336	1.5398537048700986e-15	1.1984777849157182e-14	96
DCTN6	-0.45555729166666675	1.5017635685599341e-15	1.1742810934112584e-14	96
DCTPP1	0.2107854166666667	0.002348411017831619	0.003453636457394198	96
DCUN1D1	-0.03969999999999999	0.08163441301982977	0.0998514634366523	96
DCUN1D3	-0.20892372881355936	0.0009986118635131119	0.001528213273793218	59
DCUN1D5	0.4750843137254903	4.814748675368938e-07	1.0164301089694841e-06	51
DCXR	-0.014283333333333337	0.5501867449694049	0.5866501703750377	96
DDA1	0.26444999999999996	1.546506791783031e-05	2.8148437509691686e-05	40
DDAH1	-0.55461875	7.918085829604444e-10	2.246191874453117e-09	96
DDAH2	-0.61449375	4.1206841272380427e-14	2.1317155040866423e-13	96
DDB1	0.08430625000000003	0.0019188714382035012	0.0028443898539344432	96
DDB2	0.06865625000000003	0.297653085690347	0.3339393406572109	96
DDC	-0.7525689655172414	1.830594651014378e-11	6.28529146041733e-11	87
DDHD2	-0.39565799999999995	9.772863407420118e-09	2.4584229696431036e-08	50
DDI2	-0.21699479166666666	7.583431374113179e-09	1.9278984876440057e-08	96
DDOST	0.23317291666666665	8.93977838709251e-12	3.185560716476748e-11	96
DDR1	0.03856338028169013	0.5921377359938826	0.6269968546058963	71
DDRGK1	-0.00800520833333331	0.875138166651228	0.8908059414448625	96
DDT	-0.7212937500000004	2.9392723010333854e-14	1.5763051852624288e-13	96
DDX1	0.061758333333333366	0.0026025844305787218	0.003804911515526835	96
DDX10	0.4211937499999999	1.0235272801366605e-08	2.569926842229362e-08	80
DDX17	0.4235604166666665	2.943074790863126e-17	9.541570874547247e-16	96
DDX18	0.8685302083333336	1.780857763610672e-17	9.541570874547247e-16	96
DDX19A	0.0439510416666667	0.1990354467960883	0.22991198563274046	96
DDX19B	0.06540416666666667	0.16773921853906626	0.19585186167198076	96
DDX20	0.13575862068965522	0.0007204421065563697	0.0011157539457263815	87
DDX21	1.1280489583333335	1.781293897222056e-17	9.541570874547247e-16	96
DDX23	0.3084302083333332	1.2712114690888073e-13	6.0060265817724e-13	96
DDX24	0.39795104166666667	3.7792285297572115e-17	9.90542416694273e-16	96
DDX27	0.7696822916666664	2.2195826620055546e-17	9.541570874547247e-16	96
DDX28	0.020865624999999995	0.33102732851012606	0.3681190696128685	96
DDX31	0.3507108108108108	0.003158962179441005	0.004576436463370698	37
DDX39A	0.5316760416666665	1.3677880296147267e-15	1.0927095855126882e-14	96
DDX39B	0.25258541666666656	1.420208064528561e-12	5.672017253612271e-12	96
DDX3X	0.32587916666666655	4.694312253536014e-15	3.090690962607764e-14	96
DDX3Y	-0.33815932203389826	0.00018432643928099283	0.00030342302668082935	59
DDX41	0.3016206896551724	2.562061957139457e-10	7.666758996631854e-10	87
DDX42	0.1741302083333333	5.789599608005919e-12	2.1179929999225345e-11	96
DDX46	0.41983958333333343	5.4902478373613366e-17	1.1844456394976817e-15	96
DDX47	0.3887343750000001	6.252970982418393e-11	2.007233603877751e-10	96
DDX49	0.7634301369863016	3.3649357875711234e-10	9.9363354748304e-10	73
DDX5	0.814382291666667	1.7811848543493422e-17	9.541570874547247e-16	96
DDX50	0.28239270833333335	4.33205825743e-10	1.2647423345995593e-09	96
DDX51	0.36730128205128215	3.7291143207781374e-11	1.2318379112801833e-10	78
DDX52	0.6256427083333335	1.1517753094913196e-16	1.7888217246992375e-15	96
DDX54	0.4291302083333331	5.0846798962405825e-14	2.5862863854342735e-13	96
DDX55	0.13920980392156856	0.10093102240346627	0.12196437847709928	51
DDX56	0.5531104166666666	8.730778718885493e-17	1.5060435120994909e-15	96
DDX58	-0.048603125	0.27295046537389533	0.30818321645800467	96
DDX6	0.2337041666666666	2.3554943089294456e-13	1.0677710350410574e-12	96
DDX60	-0.27115520833333323	9.162157976284017e-08	2.0710551840596185e-07	96
DECR1	-0.02832291666666667	0.35330645565197694	0.39069276594183505	96
DECR2	0.1948697916666667	0.00020351729554277204	0.00033334900776280704	96
DEF6	-0.04188958333333331	0.8221813097018388	0.8426570778924902	96
DEFA1B	0.8386069444444444	4.2964198783979136e-05	7.469469024143976e-05	72
DEFA3	0.7161816091954026	0.00023707323354902083	0.00038558165427403173	87
DEFA4	0.06551458333333339	0.4670982655222343	0.5051196427125516	96
DEFA5	-0.4942797468354432	0.03848230844211509	0.049289386662495244	79
DEFA6	-0.5640583333333333	0.008465101033216632	0.01166886435830088	96
DEK	0.4617291666666665	6.894510760813235e-16	6.319026324357376e-15	96
DENND1A	-0.21753333333333333	0.005897641181945801	0.008289812421888618	24
DENND2D	-0.03836354166666666	0.33102732851012606	0.3681190696128685	96
DENND3	-0.27319838709677413	0.0001135747554522238	0.00019035049571045952	62
DENND4C	-0.026903125000000003	0.07046904972904966	0.08698746175385356	96
DENND6A	-0.3323333333333333	0.0012379884719848633	0.001874444743522105	24
DENR	-0.023453125000000005	0.3912020246062078	0.42934310209112514	96
DEPTOR	-0.36292413793103445	1.1190830963890853e-08	2.7941676567452077e-08	87
DERA	-0.1958624999999999	1.0339820729950305e-12	4.206783340038605e-12	96
DERL1	0.24887708333333344	4.3060639475265976e-08	1.0080035946949037e-07	96
DERL3	-0.1162222222222222	0.4506834212807007	0.48926133873336913	36
DES	-2.7913406250000015	5.263224472250726e-16	5.154886567055492e-15	96
DFFA	-0.09592500000000002	0.013499445971350195	0.018208239449495067	96
DFFB	0.12009999999999998	0.15938207093404344	0.1866458917606035	41
DFNA5	-0.08178775510204082	0.2991210193801912	0.3354175027614412	49
DGAT1	-0.12935402298850573	0.022284090997718352	0.029366326164543786	87
DGKA	-0.2406239583333333	2.463296274643977e-10	7.384385481048454e-10	96
DGUOK	-0.10300967741935482	0.17267525805430683	0.20119456517651	62
DHCR24	0.27666562499999997	2.7049426241223626e-05	4.792115300630836e-05	96
DHCR7	0.7528770833333337	1.1824586319515931e-14	7.033614033511371e-14	96
DHFR	0.2404430379746836	0.0003130927725330647	0.000503968188801423	79
DHODH	0.13197083333333334	0.0003718463801651542	0.0005934151675851616	96
DHPS	0.1923863636363637	0.00026143653012265956	0.00042387087496204034	66
DHRS1	-0.4381822916666666	5.014742644496677e-14	2.5545868186733644e-13	96
DHRS11	-1.4001145833333337	1.8968686315376683e-17	9.541570874547247e-16	96
DHRS3	0.044073239436619734	0.35328552165875027	0.39069276594183505	71
DHRS4	-0.2931425287356321	7.474813955932157e-08	1.7103863175425937e-07	87
DHRS4L2	-0.7526444444444444	0.00042723119258880615	0.0006779314264612821	27
DHRS7	-0.06966562500000002	0.005359552991712232	0.007576434136614473	96
DHRS7B	-0.21220937499999995	2.5764732435751394e-09	6.922741121496868e-09	96
DHRS9	-1.4342310344827585	2.39794972715175e-15	1.7336039568384795e-14	87
DHTKD1	-0.12803461538461539	0.000854163863765069	0.0013137221106635554	78
DHX15	0.4353208333333333	1.224788200827034e-16	1.8676320427390004e-15	96
DHX16	0.11086875000000002	0.001384948698071205	0.002086597982339931	96
DHX29	0.11891874999999995	6.492354194445878e-05	0.00011120041942950573	96
DHX30	0.3223489583333334	1.4040123919424405e-14	8.191709299684774e-14	96
DHX32	-0.13558199999999998	0.24908489906916564	0.28300316512500306	50
DHX36	0.18923854166666668	3.6780548127123156e-09	9.66551889482449e-09	96
DHX37	0.20596901408450707	7.885391461697e-05	0.0001340336744781484	71
DHX38	0.038375	0.06658514294559052	0.08245103802546454	96
DHX57	-0.10726250000000002	0.2099543111398816	0.2416509647345112	32
DHX8	0.27129999999999993	2.250565775129621e-07	4.900696457430909e-07	76
DHX9	0.48028020833333335	1.9577585447302082e-17	9.541570874547247e-16	96
DIABLO	0.0928375	0.011327123048273028	0.015414723090040891	96
DIAPH1	0.3824489583333333	1.3879044553633844e-15	1.1047403170795891e-14	96
DIAPH2	0.0879697916666667	0.025084916597903472	0.03287648084691041	96
DICER1	0.06761518987341772	0.3393635630844202	0.37645339694665586	79
DIDO1	0.31519791666666674	1.7640848308895666e-14	9.953948806087554e-14	96
DIEXF	0.33277254901960784	1.7488750623336432e-06	3.4909856570057756e-06	51
DIMT1	0.5015822916666666	2.2594127982051944e-15	1.6406068824549516e-14	96
DIP2A	-0.4483142857142856	3.448803909122944e-09	9.116637283808444e-09	42
DIP2B	-0.0010843749999999944	0.5624483295467675	0.598298056592558	96
DIP2C	-1.100564583333333	2.3447910280083306e-13	1.065078064110216e-12	48
DIS3	0.5313135416666667	4.848841191360182e-17	1.1065582788653538e-15	96
DIS3L2	-0.04669374999999998	0.1453251597894201	0.17096028353975443	96
DKC1	0.6334239583333334	3.663148407899231e-17	9.793023480830454e-16	96
DLAT	-0.03647916666666667	0.5773341819002413	0.6124818194763945	96
DLD	-0.40914374999999975	2.2942351156220663e-10	6.889894087156868e-10	96
DLG1	-0.21428958333333328	9.053626057893825e-13	3.7104934161520875e-12	96
DLG3	-0.29735999999999996	0.00018321367407200792	0.00030173401349553814	80
DLG4	-0.1596931818181818	0.19928661531321268	0.23016248960859767	44
DLGAP4	0.03137187499999999	0.3514144347228656	0.38885690954242214	96
DLST	-0.3330927083333335	1.8967854640289895e-12	7.46397102403658e-12	96
DMAP1	-0.01851358024691357	0.8591450192994714	0.8767879425737988	81
DMBT1	0.21258124999999994	0.2468231750952854	0.2807148129707187	96
DMD	-1.574646875	4.281209066511376e-17	1.0407994743733164e-15	96
DMPK	-1.3352133333333334	2.1088908397359774e-11	7.174720407600747e-11	45
DMTN	-1.0364386363636358	4.391031694961537e-15	2.919666168632007e-14	88
DNAAF5	0.136259375	0.00039308778540789576	0.0006258248581636385	96
DNAJA1	0.4643479166666667	2.8771377414649594e-16	3.2392612516095467e-15	96
DNAJA2	-0.0912354166666667	0.001860460313759891	0.0027614664258882983	96
DNAJA3	0.36834374999999997	1.2749869944418205e-11	4.464799684025897e-11	96
DNAJA4	-0.14640416666666667	0.0012440371858932488	0.0018831781318045591	96
DNAJB1	0.3836375	2.8152818867337888e-15	1.9987011828674062e-14	96
DNAJB11	0.2530697916666665	7.501108772107849e-09	1.9091403168464174e-08	96
DNAJB12	-0.1957010416666667	0.03435791081941746	0.04426021960204911	96
DNAJB14	-0.025890740740740735	0.6205367131630606	0.6541767455391221	54
DNAJB2	-0.3568647727272727	4.5143257658759085e-08	1.0549150666409429e-07	88
DNAJB4	-1.1523114583333331	1.8383034965662743e-15	1.3843434295524861e-14	96
DNAJB5	-1.922675	1.8796247256239513e-16	2.420700276693723e-15	96
DNAJB6	0.0809354166666667	0.06339800446945368	0.07882453891504165	96
DNAJC1	0.11235208333333323	0.008151701290325013	0.011255353767604552	96
DNAJC10	0.5306864583333332	4.0581146642005375e-15	2.7336661390366098e-14	96
DNAJC11	-0.031227083333333322	0.24225038879474814	0.2759355679804309	96
DNAJC13	-0.12148333333333333	2.0314734017420305e-07	4.446706379212817e-07	96
DNAJC15	0.3904083333333333	0.007920503616333008	0.010956424487005805	24
DNAJC16	-0.09577727272727272	0.3880448341369629	0.42615694749138716	22
DNAJC17	0.1242645833333333	0.005733263448189049	0.008075680133088459	96
DNAJC19	0.4900052083333333	2.849600339295157e-13	1.2711415343305323e-12	96
DNAJC2	0.5480572916666667	2.3263140656604483e-16	2.8124360258350664e-15	96
DNAJC21	-0.016319999999999984	0.5099141109240009	0.5477127393834649	40
DNAJC25	-0.011323404255319141	0.9456817019458015	0.9531320335808792	47
DNAJC3	0.22493125	2.3008385356869617e-06	4.5295262036061e-06	96
DNAJC30	0.03432894736842107	0.5815694303877283	0.6166823626475849	38
DNAJC5	0.4535739583333336	3.197090561352399e-12	1.2173257988713534e-11	96
DNAJC7	0.3546854166666665	1.3260319317773242e-14	7.776919621124621e-14	96
DNAJC8	0.25459374999999995	1.3900861255039677e-10	4.2821009108139627e-10	96
DNAJC9	0.4404093750000002	9.875798400464077e-17	1.6045602882427223e-15	96
DNASE2	0.3313864583333333	7.934408270199648e-07	1.6363954837002592e-06	96
DNM1	-0.034412500000000026	0.3096777683193036	0.3459830387434152	96
DNM1L	-0.09480520833333338	3.754951314179982e-05	6.563827088804977e-05	96
DNM2	-0.11922708333333336	6.593209040692765e-05	0.00011278388438043795	96
DNM3	-0.32430114942528754	0.00013132083529907924	0.0002192711508266607	87
DNMBP	-0.4703333333333334	9.016381018869308e-08	2.0401652700031766e-07	87
DNMT1	0.4147364583333333	9.672850305883073e-15	5.872864497933895e-14	96
DNPEP	-0.27068124999999993	6.974986672129704e-10	1.991284492907157e-09	96
DNPH1	-0.22330208333333337	7.594492152795994e-05	0.00012925278501549548	96
DNTTIP1	-0.07837812499999998	0.012825233641194905	0.01735117816067284	96
DNTTIP2	0.2198011494252873	2.984896144821207e-08	7.106036771831092e-08	87
DOCK1	-0.24506666666666663	5.182776903909981e-08	1.204825025929732e-07	96
DOCK10	-0.38515443037974684	2.6415670452355996e-09	7.0860748926372005e-09	79
DOCK11	-0.14719895833333332	0.000954851223941892	0.0014636104302367032	96
DOCK2	-0.24220312499999988	1.2188349827795858e-08	3.028579222025275e-08	96
DOCK5	-0.18642873563218385	1.8141225822039712e-05	3.2779284686254895e-05	87
DOCK6	0.06631458333333333	0.07910585898631631	0.09698852484268936	96
DOCK7	-0.05059270833333331	0.056448959431977364	0.07070926666768948	96
DOCK8	-0.16067654320987657	0.0007812363125196912	0.0012065640931617422	81
DOCK9	-0.16333854166666661	1.7182113536688126e-07	3.786951370487537e-07	96
DOHH	-0.1276057471264368	0.004664138291510711	0.006635221331158898	87
DOK1	-0.05496770833333333	0.31846033562082066	0.35514467946809936	96
DOK2	-0.1513547945205479	0.005315480014907659	0.007523534898737445	73
DOK3	0.05639642857142857	0.6295278295874596	0.6629261040185632	28
DOLPP1	-0.21272708333333334	0.001325874034044834	0.0020016401652580536	48
DOPEY2	-0.34085208333333356	7.290684553826028e-12	2.6298472341852252e-11	96
DPAGT1	-0.037234375000000014	0.5296492958976553	0.5670949770471384	96
DPCD	0.14239130434782607	0.00427738696311053	0.006112761821948071	46
DPEP1	0.8512906250000002	8.550639559877132e-07	1.7586586596534305e-06	96
DPF2	0.18521562500000002	2.405550787174091e-10	7.214501667926231e-10	96
DPH1	0.1719740740740741	0.11105082929134369	0.13333745521567256	27
DPH2	-0.16488472222222222	0.001168863782961652	0.0017745886218351941	72
DPM1	0.13805625000000007	4.096521623575138e-05	7.136734243719969e-05	96
DPM3	0.29730729166666664	3.6419722087749526e-11	1.205426322085405e-10	96
DPP3	0.11153854166666662	0.0005280340412200576	0.0008304220306013517	96
DPP4	-0.34719125	0.00017974411835283035	0.0002965092918684875	80
DPP7	-0.19146979166666664	2.1731384263555053e-05	3.891002322503092e-05	96
DPP9	0.13489687499999997	8.793473093128954e-07	1.803589452210399e-06	96
DPT	-1.7344343750000004	2.0202061895772765e-17	9.541570874547247e-16	96
DPY19L1	0.18759285714285712	0.0451183095574379	0.05718850157204815	28
DPY30	0.30855625000000003	3.5738933401968235e-08	8.419418412306097e-08	96
DPYD	-0.6675520833333334	1.4513504902451797e-15	1.1441962913108003e-14	96
DPYSL2	-0.8685916666666668	2.123454551710004e-16	2.628610808420695e-15	96
DPYSL3	-0.8301843750000003	2.772381274864404e-10	8.262952453605192e-10	96
DPYSL4	0.13050769230769232	0.3940727114677429	0.43228152734419345	26
DR1	0.12204062500000001	2.4949660756596422e-05	4.438872541937689e-05	96
DRAP1	0.16422499999999998	1.7275901242789293e-05	3.1249399147444966e-05	96
DRG1	0.4930333333333332	8.209373535789914e-17	1.480556103538025e-15	96
DRG2	-0.2788177083333333	7.197833362972451e-12	2.5990454269204615e-11	96
DSC2	-0.17684479166666664	0.005008088467165638	0.007104992558593109	96
DSCC1	0.4554055555555557	1.935995533131063e-05	3.491557535423737e-05	36
DSCR3	-0.631506329113924	1.32220685401872e-13	6.233791836691212e-13	79
DSG2	0.3118489583333334	4.245842263219567e-09	1.10967494132996e-08	96
DSN1	0.29403333333333326	0.001038169488310814	0.0015851340685200843	30
DSP	0.25127499999999986	3.93779172059313e-05	6.87090888256419e-05	96
DST	-0.45050208333333325	1.7330132142444467e-15	1.3197968003999995e-14	96
DSTN	-1.5468364583333338	4.666240941127661e-16	4.672769945846099e-15	96
DTD1	-0.07889374999999996	0.1876917076505502	0.21754269431122814	64
DTNA	-1.498797916666667	7.143557447172616e-17	1.3811563951896566e-15	96
DTNBP1	0.2308735632183907	2.2133675800803105e-07	4.825961356762692e-07	87
DTX3L	0.4631916666666667	3.290287176571422e-14	1.7491708928381672e-13	96
DTYMK	0.42816770833333334	7.25569808994239e-17	1.3868512389009543e-15	96
DUOX2	0.27188275862068967	0.02761604110120712	0.035982913138084785	58
DUS1L	0.17283043478260876	0.0448758602142334	0.056902692530200694	23
DUS2	0.09738245614035088	0.051584668935991555	0.0649186914071595	57
DUS3L	0.3003886075949368	1.9628629921742217e-08	4.752381022914779e-08	79
DUSP12	0.19195833333333334	0.003492006682790816	0.0050328405660244	36
DUSP23	0.05785624999999996	0.08790301465841603	0.10716724065842508	96
DUSP3	-0.8055041666666666	1.7439198144976713e-13	8.063375627474071e-13	96
DUT	0.0032854166666666617	0.7560922437449658	0.7808405060171438	96
DVL2	-0.18645238095238095	0.09579944610595703	0.1162239573101023	21
DVL3	-0.3294521739130435	0.00047516822814941406	0.0007502715092149727	23
DYM	-0.09340886075949367	0.08808400202859326	0.10736838110643754	79
DYNC1H1	-0.27352604166666666	1.2168332364802927e-14	7.205777825064197e-14	96
DYNC1I1	-1.2735461538461534	1.2814998626708984e-06	2.5888535316648772e-06	26
DYNC1I2	-0.1707124999999999	2.6412466614915507e-08	6.319587679010989e-08	96
DYNC1LI1	-0.12880937499999998	0.00030565552207182734	0.0004931801100480736	96
DYNC1LI2	-0.41458229166666677	9.865484715781755e-16	8.335961833523904e-15	96
DYNLL1	-0.1450041666666667	7.850046755017004e-06	1.4702949100895892e-05	96
DYNLL2	-0.5952041666666669	2.0270787472989134e-13	9.289392975156017e-13	96
DYNLRB1	-0.4672114583333333	6.432744577448839e-10	1.8412411767282097e-09	96
DYNLT1	-0.19033750000000005	7.783404290814341e-06	1.4582200331492157e-05	96
DYNLT3	-0.5983979591836736	1.0623715240853926e-09	2.9697710646203744e-09	49
DYRK1A	-0.23828181818181815	0.00031562685035169125	0.0005071953386849093	33
DYSF	-0.6426395833333333	2.698843427501499e-13	1.2095217471681735e-12	96
E2F4	0.23025901639344265	0.00019037022359091933	0.000312884328777922	61
EAPP	0.06722000000000002	0.8408222198486328	0.8596580726858393	20
EARS2	-0.02847083333333333	0.5106821130890163	0.5484498634087098	96
EBAG9	-0.03564571428571429	0.5609241861506711	0.5967713867562404	35
EBNA1BP2	0.7651635416666669	1.780857763610672e-17	9.541570874547247e-16	96
EBP	0.3101121212121212	0.004284561611711979	0.006121193324739282	33
ECE1	-0.3876270833333335	1.785037440175343e-15	1.3531995690549578e-14	96
ECH1	-0.46938645833333353	7.326333653745552e-11	2.332813122115753e-10	96
ECHDC1	-0.47772083333333315	5.758892992703821e-16	5.512225603731869e-15	96
ECHDC2	-0.8043458333333334	6.556510925292969e-06	1.23595481308768e-05	24
ECHDC3	-0.8749	1.4474727817270985e-08	3.565012809327131e-08	64
ECHS1	-0.3311875	1.6845449721501133e-07	3.7189467549249994e-07	96
ECI1	-0.6147031249999999	1.972237413422379e-13	9.075268042970329e-13	96
ECI2	-0.628023958333333	3.1201978861038433e-15	2.1851156177318043e-14	96
ECM1	-0.31045104166666665	3.129876834818404e-06	6.065379458346815e-06	96
ECSIT	-0.19227395833333338	1.6016973778128467e-06	3.2105729631748997e-06	96
ECT2	0.605642105263158	4.17494447901845e-08	9.78334003134292e-08	38
EDC3	0.26326770833333335	4.199516091775026e-09	1.0980275815942474e-08	96
EDC4	0.15459791666666667	4.131769071907851e-08	9.692321224975444e-08	96
EDEM3	-0.06194545454545453	0.39470287767198897	0.43276051745405686	44
EDF1	0.225096875	8.392352184579503e-07	1.7276554405137737e-06	96
EEA1	-0.08727916666666667	0.008329521621666926	0.011489054391398726	96
EED	0.2883474999999999	3.1316465920139322e-06	6.067056594230861e-06	80
EEF1A1	0.2937875	6.816893508826668e-14	3.3855586195252145e-13	96
EEF1A2	0.5127093749999999	4.194753295356163e-05	7.296499833690562e-05	96
EEF1B2	0.5368875000000001	7.959375364440522e-17	1.4591727944414426e-15	96
EEF1D	0.4171333333333335	9.864407301667013e-16	8.335961833523904e-15	96
EEF1E1	0.4321302083333333	1.6634871824583105e-12	6.584268735759767e-12	96
EEF1G	0.5918770833333334	1.8968686315376683e-17	9.541570874547247e-16	96
EEF2	0.4139625000000002	1.4511938307323612e-15	1.1441962913108003e-14	96
EEF2K	-0.4793958333333334	9.260751287124477e-09	2.336607009602035e-08	48
EEFSEC	-0.12782187499999997	4.161722742346336e-05	7.242801006070446e-05	96
EEPD1	0.22742083333333327	0.0011743684163182278	0.0017821392682829656	96
EFEMP1	0.49502187499999994	2.9439184919044087e-07	6.340529426063139e-07	96
EFEMP2	0.008818749999999993	0.7367226207418938	0.7634649463326174	96
EFHD2	-0.0096239583333333	0.8809013094599598	0.8954703074558215	96
EFL1	-0.14480833333333337	1.805141586325341e-07	3.966911113838233e-07	96
EFNA5	-1.0131128205128208	9.204086381942034e-10	2.5934571833871947e-09	39
EFNB1	-0.6770544303797472	7.04587794690402e-14	3.4860468396592236e-13	79
EFNB2	-0.5136916666666667	1.4872214624629658e-10	4.5643956046038596e-10	96
EFR3A	-0.3712510416666668	9.92230326577217e-11	3.103437417718671e-10	96
EFTUD2	0.37021458333333346	2.363735496837886e-17	9.541570874547247e-16	96
EGFL7	-0.8006416666666669	0.00027811527252197266	0.00044982530456844614	24
EGFR	-0.43759895833333334	1.0902143065195273e-12	4.419485064918132e-12	96
EGLN1	-0.18006091954022987	5.530880633507245e-07	1.1617619965623077e-06	87
EHBP1L1	-0.6406375000000001	2.627268789403867e-16	3.0495408837561495e-15	96
EHD1	-0.8501510416666666	4.700403646824567e-17	1.106491511106878e-15	96
EHD2	-2.115077083333333	2.1511874056686433e-17	9.541570874547247e-16	96
EHD3	-0.5947045977011495	2.2926974961115307e-13	1.0421211044317248e-12	87
EHD4	-0.282615625	4.358855219522109e-14	2.2460491296293261e-13	96
EHHADH	-0.4270104166666668	4.382816354770403e-10	1.2790045639040727e-09	96
EHMT1	-0.052242253521126734	0.3357420618283731	0.37286765317109005	71
EHMT2	-0.0018750000000000062	0.8774070739746094	0.8928445410732071	24
EI24	0.05537746478873236	0.34884596876309426	0.3860784566861761	71
EIF1	0.019385416666666672	0.8521546113827478	0.8700511499141652	96
EIF1AD	-0.40148965517241386	0.0004079751670360565	0.000649064594651388	29
EIF1AX	0.6601206896551723	2.296308568643936e-12	8.925801962359308e-12	87
EIF1AY	-0.2556868421052631	0.17950050481886137	0.20882068438178272	38
EIF1B	0.11318837209302329	0.29951492753389175	0.33580308302554807	43
EIF2A	0.2740083333333334	8.358722554667677e-13	3.4509950534932586e-12	96
EIF2AK2	0.4383614583333331	3.120033411445221e-15	2.1851156177318043e-14	96
EIF2B1	0.12434166666666664	2.0097727271612023e-06	3.989220481220268e-06	96
EIF2B2	0.170771875	1.6067745631683266e-09	4.4071343190091175e-09	96
EIF2B3	0.09262291666666668	9.508472023182791e-05	0.00016064552708016457	96
EIF2B4	0.018360416666666653	0.5785833154514002	0.6137099546819673	96
EIF2B5	0.07283750000000001	0.0030582514001773428	0.004435323961044054	96
EIF2D	-0.12794270833333338	5.0249256347404736e-05	8.686479279431548e-05	96
EIF2S1	0.26118020833333316	2.9855060775817278e-15	2.1064011572432686e-14	96
EIF2S2	0.36146145833333326	1.663441845295056e-16	2.2367366055356416e-15	96
EIF2S3	0.42607500000000015	1.1791525954221772e-15	9.690782719986241e-15	96
EIF3A	0.14818229166666666	8.1030099632649e-10	2.294769685248806e-09	96
EIF3B	0.28509375	4.974813935159891e-15	3.2533620325327714e-14	96
EIF3C	0.14329374999999997	2.071673038413255e-07	4.5304764572381944e-07	96
EIF3D	0.21626354166666664	8.791059621342307e-11	2.7702780178292877e-10	96
EIF3E	0.20448333333333338	1.3807964832484948e-13	6.496327914526053e-13	96
EIF3F	0.09949895833333329	0.00019771227999405193	0.00032423654032757136	96
EIF3G	0.20321562500000004	2.5100747604922517e-11	8.449940232881609e-11	96
EIF3H	0.11535937499999994	2.2408172120573345e-07	4.88105281678333e-07	96
EIF3I	0.24044270833333328	4.276653382234698e-13	1.8535754642849427e-12	96
EIF3J	0.24529583333333307	6.285730225163089e-10	1.8014081196334543e-09	96
EIF3K	0.034388541666666654	0.1786938678609119	0.20791834191447414	96
EIF3L	0.10569791666666661	4.6723023123502615e-07	9.882677760882557e-07	96
EIF3M	0.243465625	4.43444995985356e-10	1.2935097730720667e-09	96
EIF4A1	0.5026843750000001	6.183561445100949e-15	3.9434898987815845e-14	96
EIF4A2	-0.35532395833333325	1.4390849406369707e-13	6.732790004695563e-13	96
EIF4A3	0.4907583333333336	1.8232449475240183e-16	2.375174825813328e-15	96
EIF4B	0.19579687499999995	1.5408685352438186e-07	3.412021152420137e-07	96
EIF4E	0.01589375	0.8150808750785384	0.8367831049582118	96
EIF4E2	0.17227395833333334	0.00020499022465519687	0.00033567962343463895	96
EIF4E3	-1.1069461538461538	2.9802322387695312e-08	7.097755800463183e-08	26
EIF4EBP1	0.013308695652173934	1.0	1.0	23
EIF4EBP2	-0.21226774193548387	0.033809719607234	0.04357913714600056	31
EIF4ENIF1	-0.07814693877551018	0.08531289735078573	0.10410407936093515	49
EIF4G1	0.4325604166666668	3.134036108514737e-17	9.689515323513995e-16	96
EIF4G2	0.014048958333333328	0.4320568440817927	0.47002908495942064	96
EIF4G3	-0.08709885057471263	0.2549058890124346	0.2892461117035831	87
EIF4H	-0.019825	0.6127706775280571	0.6465993198389014	96
EIF5	0.043301041666666644	0.1632807965373293	0.19104479664613572	96
EIF5A	0.09099062499999994	0.14992408711829558	0.17600012256809186	96
EIF5B	0.3575458333333335	1.7849417063800943e-15	1.3531995690549578e-14	96
EIF6	0.41103958333333335	4.476109919919523e-12	1.66103131932615e-11	96
ELAC2	-0.11086250000000002	0.005797770784828485	0.008156268441059825	96
ELANE	0.9530812500000002	9.215127630160217e-09	2.3259703262131262e-08	96
ELAVL1	0.39196145833333323	1.1166076312986534e-14	6.688679105698809e-14	96
ELF1	0.06773580246913578	0.3697569160100884	0.4078085072351937	81
ELF3	0.03961176470588237	0.7612636568956077	0.7859830523411253	34
ELMO1	-0.3536010416666666	3.639959629321427e-12	1.3742537508788665e-11	96
ELMO2	-0.10339062499999997	0.009471129802962224	0.012996892994083364	96
ELMO3	0.05613333333333334	0.30276801021110045	0.3391102805519654	96
ELMOD2	0.03331666666666666	0.1307734751774619	0.1552848221178039	96
ELMSAN1	-0.3110016949152542	4.5832471946872334e-05	7.943426873974851e-05	59
ELN	-1.557146875	4.556450170268789e-17	1.0878727470581247e-15	96
ELOA	-0.01553611111111108	0.8136723560910827	0.8354649276117346	72
ELOB	0.06342604166666668	0.10547745588033336	0.1269779744304964	96
ELOC	0.14105937500000001	4.852215637617965e-05	8.398739605980116e-05	96
ELOF1	-0.04125600000000001	0.7254700874015003	0.7527341194520053	75
ELOVL1	0.31226250000000005	3.5973810828322173e-09	9.46492173501591e-09	96
ELP2	-0.3104111111111111	2.330558957362209e-06	4.5825800101762736e-06	81
ELP3	0.18528426966292136	1.4866562940211459e-05	2.7103198577684425e-05	89
ELP4	-0.32015492957746483	2.1875865093286812e-07	4.774403998401471e-07	71
ELP6	-0.12963333333333335	0.002628090565110597	0.0038396906797314883	45
EMC1	0.09319062500000001	4.363285076794745e-05	7.581786993062922e-05	96
EMC10	0.06652405063291142	0.008681290474411324	0.01194968768831054	79
EMC2	0.040219791666666636	0.09895874558332171	0.11975364792902332	96
EMC3	0.014351898734177217	0.3344458104897887	0.37155107510779806	79
EMC4	0.18182499999999993	2.1973468509290453e-07	4.792698936354127e-07	96
EMC6	-0.07938874999999998	0.5173091896977361	0.5546791359568661	80
EMC7	0.13305520833333337	1.526121028315899e-05	2.7800016233970587e-05	96
EMC8	0.25242291666666666	5.36038791388769e-12	1.9705667131108226e-11	96
EMD	-0.013740625000000015	0.8693814225777835	0.886156288195797	96
EMG1	0.7046979166666666	6.409945293316653e-17	1.3152723877117e-15	96
EMILIN1	-0.6054520833333331	2.1623682729830118e-12	8.444666893477209e-12	96
EMILIN2	-0.3826541666666668	1.5718300074629573e-07	3.4768900494787275e-07	96
EMILIN3	-1.966375	1.9073486328125e-06	3.7926502600886375e-06	20
EML1	-1.8125114583333344	1.9576390041525702e-17	9.541570874547247e-16	96
EML2	-0.38277812500000025	3.491770981941325e-13	1.5371582360790256e-12	96
EML3	-0.07228854166666666	0.041989352292932935	0.05354620120381811	96
EML4	0.2513093750000001	1.2805742337476612e-09	3.5458702215862508e-09	96
ENAH	-0.5236520833333332	7.304359828502968e-10	2.0800063705189478e-09	96
ENDOD1	-0.5407802083333334	3.6015991587247857e-16	3.835417262838824e-15	96
ENDOG	-0.31343437499999993	1.8410912156983198e-07	4.0424424696539063e-07	96
ENG	0.3823666666666669	3.927825883472463e-11	1.2949279534258848e-10	87
ENGASE	0.07124166666666666	0.30707369054590916	0.34335956497875075	96
ENO1	0.22954791666666663	1.619230090709558e-07	3.5781998282511284e-07	96
ENO2	-1.4121875000000006	8.467111538347762e-17	1.490967226004597e-15	96
ENO3	0.021777083333333325	0.17517894421500702	0.2038992950621933	96
ENOPH1	0.07727916666666669	0.04254518826813367	0.05415274981498655	96
ENOSF1	-0.6683224999999999	1.509910709731591e-13	7.054311247624822e-13	80
ENPEP	-0.654264	0.021908342838287354	0.028888182409998006	25
ENPP1	-0.01777812500000001	0.33092476380988955	0.3681190696128685	32
ENPP4	0.07400114942528738	0.09373304816254215	0.11388174938835481	87
ENSA	-0.38103541666666696	3.254752022957899e-08	7.702339090661216e-08	96
ENTPD1	-0.5696208333333334	1.6202994826067495e-12	6.417112885955538e-12	96
ENTPD2	-0.285863043478261	0.0019724583209494995	0.0029193079363005058	46
ENTPD5	-1.063509375	7.319350234628361e-16	6.644860720449482e-15	96
ENY2	0.15376794871794866	0.0001550196356572804	0.00025749609696080567	78
EOGT	-0.11153750000000005	0.10785779230590613	0.12970387678442807	96
EP300	0.11162372881355936	0.04006778035396241	0.05122232057826483	59
EPB41	-0.62703125	3.0300211967314125e-15	2.1330967690315895e-14	96
EPB41L1	-0.04067604166666674	0.3945161840011666	0.4326273902137879	96
EPB41L2	-0.09350833333333335	0.040715650512147795	0.05201090999352619	96
EPB41L3	-1.3740760416666669	1.781293897222056e-17	9.541570874547247e-16	96
EPB41L4B	-0.5138697916666666	5.29191589410201e-12	1.948598448602107e-11	96
EPB41L5	-0.1268177083333333	0.008329521621666926	0.011489054391398726	96
EPB42	-1.063339583333333	5.9212361340264224e-15	3.8016866540846667e-14	96
EPCAM	0.10916770833333327	0.12573078557332165	0.1497247489422882	96
EPHA2	0.5927136986301371	1.210517411964212e-08	3.010141333160822e-08	73
EPHB2	0.12171354166666672	0.08292306435570154	0.10133530760699483	96
EPHB3	0.269487356321839	0.003948371883556993	0.005661386400253017	87
EPHB4	0.09803863636363638	0.02284672575630239	0.030072333352762947	88
EPHX1	-0.7972083333333333	1.42759729019224e-16	2.0511471669308747e-15	96
EPHX2	-1.0533489583333335	1.1876252075578165e-16	1.827684245032609e-15	96
EPM2A	-1.4607772727272728	1.8833400988018886e-12	7.419453154939442e-12	66
EPM2AIP1	-0.4407428571428572	2.7284730805134752e-05	4.831176008752944e-05	42
EPN1	-0.25924479166666675	9.625815629599865e-10	2.700945088205165e-09	96
EPN2	-0.507523076923077	3.2782554626464844e-06	6.340102594089151e-06	26
EPPK1	-0.18041145833333336	0.0006004728892840102	0.0009375314438460377	96
EPRS	0.33979583333333346	4.1363291638698835e-16	4.2497139908733616e-15	96
EPS15	-0.10560416666666667	7.570489140800991e-07	1.5676052977047484e-06	96
EPS15L1	-0.20361041666666668	5.453463776733357e-14	2.753126048632475e-13	96
EPS8	0.13188645833333335	0.01442255372923628	0.019375433113625593	96
EPS8L1	0.2762071428571428	0.00948794974968879	0.013017311834491225	56
EPS8L2	0.04551875	0.0813823629268929	0.09956131890527432	96
EPS8L3	0.2668093750000002	1.9541535382045102e-05	3.52241163025633e-05	96
EPSTI1	0.2397351351351352	0.042444613697459284	0.054075372824962845	37
EPX	-0.43954895833333335	1.4641577480749105e-05	2.6722073808037474e-05	96
ERAL1	0.2067977011494253	0.00045394197758496764	0.0007179388796835333	87
ERAP1	-0.05501145833333334	0.07018513006114982	0.08666888230816384	96
ERAP2	-0.17802291666666667	0.011505524982995606	0.01564462243836999	96
ERBB2	-0.03234827586206896	0.27485221918759417	0.31022603272704735	87
ERBB3	-0.11215490196078433	0.039192247532274016	0.05016039463831102	51
ERBIN	-0.18407812500000006	1.8592373499934504e-07	4.0803478511959626e-07	96
ERC1	-0.3310572916666665	5.608016090582079e-14	2.820403294731272e-13	96
ERCC2	0.2108138461538462	2.461500001184496e-05	4.3874079457882e-05	65
ERCC3	0.2362	0.030061921619596248	0.03896550080097976	48
ERCC5	0.23982592592592594	3.816531641033183e-07	8.144119204736522e-07	81
ERGIC1	-0.06244687499999999	0.04423809258141739	0.05613644091710409	96
ERGIC2	0.23338958333333334	2.7832396408646375e-08	6.649841435384919e-08	96
ERGIC3	0.2568541666666666	9.193161979003234e-10	2.5917168321191465e-09	96
ERH	0.36981770833333333	2.2146354143341314e-14	1.217867950390794e-13	96
ERI1	0.33322058823529416	0.0002281336346641183	0.0003720341650368424	34
ERI3	-0.2684520833333335	3.8034658641433645e-08	8.950351624881738e-08	96
ERLEC1	0.11386041666666676	0.00041259416747882146	0.0006557911086508915	96
ERLIN1	-0.00025833333333333844	0.7896503432348853	0.8130393113509584	96
ERLIN2	-0.17811562500000003	6.246390688170936e-05	0.00010715171344141859	96
ERMP1	0.24423333333333339	5.238282510197736e-07	1.1020268849456448e-06	96
ERN2	-0.30565070422535207	0.00022676677975062105	0.0003699850013003202	71
ERO1A	0.6238729166666669	5.759532192899151e-16	5.512225603731869e-15	96
ERP29	0.121325	0.004951610532839423	0.007030762976681417	96
ERP44	0.25713958333333337	3.269798846659692e-10	9.67243406624333e-10	96
ESD	-0.8203468750000001	1.6635375590168428e-16	2.2367366055356416e-15	96
ESF1	0.6672936708860762	8.093194303555331e-13	3.3496138545683357e-12	79
ESPN	-0.4887	0.003171152509431093	0.004592113573445543	52
ESRP1	0.26881562500000006	1.4751973826711714e-06	2.965986674306127e-06	96
ESRP2	-0.004788607594936732	0.4019556298752974	0.43992174891245844	79
ESRRA	-0.23013499999999998	0.2305126190185547	0.2634149482192954	20
ESYT1	-0.23229374999999994	6.432954714936538e-10	1.8412411767282097e-09	96
ESYT2	-0.22581874999999998	2.129622907126928e-09	5.7751172529969926e-09	96
ETF1	0.170415625	1.671504559587305e-05	3.030844348721954e-05	96
ETFA	-0.1665572916666666	5.104131340136982e-05	8.816585262867923e-05	96
ETFB	-0.21091249999999997	2.5624333120228834e-06	5.0208426081663325e-06	96
ETFDH	-0.7469489583333329	3.133091542372156e-17	9.689515323513995e-16	96
ETHE1	-0.5636916666666664	4.4863786523153035e-10	1.3080884127937143e-09	96
ETNK1	-0.39555599999999996	3.1893934604454444e-06	6.1735835909199325e-06	50
ETV6	0.22104374999999996	0.00026083743934931597	0.0004230017840450957	64
EVI2B	-0.2206857142857143	0.020973848776690864	0.027717669956035335	56
EVL	-0.2260270833333334	2.0027474252487433e-05	3.605217777686108e-05	96
EVPL	-0.8224295454545453	1.0516020562034921e-07	2.3635504841102945e-07	88
EWSR1	0.4593781249999998	3.682447978348391e-14	1.9303084251634412e-13	96
EXD2	-0.16679791666666666	4.5382932361269143e-05	7.869581111702111e-05	96
EXOC1	-0.07723749999999997	0.00017221363024377774	0.0002847204816274808	96
EXOC2	-0.18835625	1.5708212916862305e-09	4.3138109070499056e-09	96
EXOC3	-0.15716249999999998	9.684876107332471e-11	3.0349442849412756e-10	96
EXOC4	-0.09319479166666665	2.102651586625317e-06	4.167493441519525e-06	96
EXOC5	-0.2987416666666665	1.1228833637855127e-13	5.366440791909412e-13	96
EXOC6	0.07801341463414632	0.19313667138032242	0.22344437459744493	82
EXOC6B	-0.48603437500000024	4.493391087891542e-15	2.981816103725456e-14	96
EXOC7	-0.26800520833333324	5.026138281226576e-13	2.1521921106333486e-12	96
EXOC8	-0.17961770833333335	7.672743229432021e-12	2.761611283597609e-11	96
EXOG	-0.23851898734177215	9.524986261768512e-06	1.7691897239813107e-05	79
EXOSC1	0.30521643835616447	1.1428205078754753e-07	2.5592495496698123e-07	73
EXOSC10	0.2988374999999999	5.423185126423864e-16	5.281305459105564e-15	96
EXOSC2	0.4102987179487181	9.901341901401607e-07	2.020319428725772e-06	78
EXOSC3	0.15585402298850576	9.041906928655614e-05	0.00015310992827953182	87
EXOSC4	0.19872083333333343	1.516257199028814e-06	3.0430685092580576e-06	96
EXOSC5	0.41885416666666675	2.0613755341582623e-12	8.078135781932116e-12	96
EXOSC6	0.34248854166666676	4.66571984247966e-16	4.672769945846099e-15	96
EXOSC7	0.16085729166666674	0.00010252565573016629	0.0001726951102921631	96
EXOSC8	0.17122187499999997	7.717437822263848e-06	1.4466691911027706e-05	96
EXOSC9	0.2796864583333334	3.133574613319839e-13	1.3895011289334303e-12	96
EZR	0.03398645833333335	0.7938739353054477	0.8168865386448234	96
F10	-0.4479551724137932	5.905829587815977e-05	0.00010162146885010872	87
F11	-0.435928125	0.0007729628123342991	0.0011940611346881909	32
F11R	0.12986979166666673	0.013568481737467853	0.018293999995311862	96
F12	-0.6551458333333332	7.462937058035763e-15	4.6532383570968346e-14	96
F13A1	-1.2282958333333334	2.3984081407264285e-16	2.8836774580884603e-15	96
F13B	-0.7177714285714283	1.1347911032880317e-09	3.1643032053031605e-09	70
F2	-0.619765625	1.2996389937207725e-08	3.213977215626378e-08	96
F3	-0.27518780487804884	0.045168689367528714	0.05724154457248775	41
F8A2	-0.2714852272727273	1.7000481793066633e-08	4.152028844182164e-08	88
F9	-0.3384770833333333	1.906714383498499e-05	3.441524562521235e-05	96
FAAH	-0.3264386363636364	1.1521420757896314e-07	2.578292590551246e-07	88
FABP1	-1.4860562499999996	2.2488984114063846e-12	8.756737923462236e-12	96
FABP2	-1.3147260416666666	6.45898270914735e-15	4.08419556980863e-14	96
FABP3	-1.101742708333333	1.212090129504595e-12	4.8960034613828224e-12	96
FABP4	-1.7289010416666668	3.922020731125398e-11	1.2936498075280383e-10	96
FABP5	-0.5138791666666667	2.6642747168874458e-09	7.138426148401708e-09	96
FABP6	0.2864243589743591	0.07186663158080785	0.08858225818034904	78
FADD	-0.29770416666666666	1.2974589852173949e-06	2.6179937686171707e-06	96
FAF1	-0.12219895833333332	1.3030252222148614e-05	2.3885632698713726e-05	96
FAF2	0.24550312500000018	3.6868353752351906e-11	1.2196734976554682e-10	96
FAH	-0.5323822916666664	2.7003402420044887e-14	1.463375014831027e-13	96
FAHD1	-0.41981875000000013	7.26057051588708e-09	1.8507282519409734e-08	96
FAHD2A	-0.03351568627450981	0.5899025146390651	0.6249259388462794	51
FAM103A1	0.5680035087719297	2.8903708833116134e-10	8.584107240432763e-10	57
FAM105A	0.3817479166666668	1.4772775674512988e-08	3.630423150194419e-08	96
FAM107B	-0.5514604166666666	8.605191000210943e-12	3.072497414604322e-11	96
FAM114A1	-0.4266208333333334	9.51360506013107e-14	4.60178632649022e-13	96
FAM114A2	-0.3418010416666668	4.2627255462987776e-16	4.35979069202589e-15	96
FAM118B	-0.07420459770114944	0.08650639399259918	0.10552207223569962	87
FAM120A	0.03147499999999998	0.3996092256830025	0.4375678627562043	96
FAM120B	-0.334486	1.8537488586562974e-06	3.690445428108338e-06	50
FAM126A	-0.8008980000000001	1.1368683772161603e-12	4.60582726011064e-12	50
FAM129A	-1.5418947916666665	2.290679830891315e-17	9.541570874547247e-16	96
FAM129B	0.08733229166666669	0.10160304968043254	0.122643911534009	96
FAM136A	0.3947145833333332	3.008620512478401e-13	1.334975860993227e-12	96
FAM160A2	-0.1970733333333334	0.009741574240521685	0.01335435667749489	45
FAM160B1	-0.0038864583333333377	0.896781516570889	0.9095248971540582	96
FAM160B2	-0.022321428571428558	0.8489041775465012	0.8671282166807972	28
FAM162A	-0.36781458333333333	1.9247595549207607e-09	5.247140127575531e-09	96
FAM168A	-0.00655833333333334	0.944107174873352	0.9520539660642295	24
FAM172A	-0.14138000000000003	0.005535801946886175	0.007812304430302766	65
FAM175B	-0.276959375	1.2148247737996375e-15	9.903109851059257e-15	96
FAM177A1	-0.27328846153846154	1.8507801035442253e-06	3.6856288853304267e-06	78
FAM192A	0.37083793103448287	1.6705271032438226e-13	7.756101270354884e-13	87
FAM207A	-0.11828333333333335	0.28008678182959557	0.3156033287361029	30
FAM208A	0.24146478873239444	1.0799030263345594e-05	1.9975377457067986e-05	71
FAM20B	0.030075862068965502	0.5563295038059454	0.5922587497673892	87
FAM210A	0.21181014492753625	0.021173081456588427	0.027968144022888712	69
FAM210B	0.3803356321839081	4.662102430997499e-06	8.911123991328269e-06	87
FAM213A	-0.4033458333333333	5.981847733873939e-08	1.3795880524771487e-07	96
FAM213B	-0.45971874999999995	1.3641653836124667e-14	7.974692956358372e-14	96
FAM234A	-0.5396354166666669	2.8574046859946085e-14	1.5385496017927631e-13	96
FAM26E	-0.11185714285714288	0.189775186823681	0.2197827944761049	35
FAM32A	0.17280384615384614	0.031220704317092896	0.040381666717442886	26
FAM3C	0.31596666666666656	1.1185802963352445e-08	2.793952050675039e-08	96
FAM3D	-0.7521260416666671	1.7143199372888733e-08	4.182317257916746e-08	96
FAM45A	-0.18272840909090904	6.151872928213486e-05	0.00010555732858154546	88
FAM49A	-0.5896639999999999	1.8094681308866711e-10	5.50554271660711e-10	50
FAM49B	0.21640312500000006	7.561727742674063e-10	2.148804544455367e-09	96
FAM50A	0.48889791666666654	2.7915081476850483e-16	3.1850728168059505e-15	96
FAM83B	-0.031152873563218397	0.9527502344234514	0.9587522607990003	87
FAM83F	-0.06276440677966104	0.6452100923800912	0.6781630126551829	59
FAM83H	0.17442604166666675	1.8756798442374894e-05	3.3864198264233894e-05	96
FAM84A	0.17712307692307697	0.04806219651414249	0.06078214447000602	65
FAM84B	0.13433750000000005	0.0045198530272316404	0.0064367849627885955	96
FAM8A1	-0.14374285714285714	0.05019187927246094	0.06328459275304274	21
FAM91A1	0.41448125000000013	6.0952924677524596e-15	3.891096846696374e-14	96
FAM96A	-0.1525302083333334	0.0020659149399208563	0.0030529389875866226	96
FAM96B	-0.01414749999999999	0.5392644639609832	0.5759203463716714	80
FAM98A	-0.001742708333333335	0.8665059488579268	0.8837623002261829	96
FAM98B	-0.010407291666666667	0.6850150873182156	0.71462751657247	96
FAM98C	-0.27046590909090906	1.4458788209699757e-07	3.207804566761762e-07	88
FANCI	0.30334727272727285	0.00038158257401394065	0.0006085185379271519	55
FAP	1.3548104166666664	3.9440521055153057e-13	1.7227753996043318e-12	96
FARP1	-0.4262885416666668	2.707751885356809e-10	8.073914399492814e-10	96
FARP2	-0.09348229166666665	0.007154354954622493	0.009925262074144398	96
FARS2	-0.09833921568627448	0.025074140489837644	0.03286877853581883	51
FARSA	0.15879270833333337	1.105703788493859e-06	2.244528507414614e-06	96
FARSB	0.249340625	4.305775461555061e-12	1.6048581984207168e-11	96
FAS	-0.496136458333333	2.7351336457775184e-12	1.051018032678749e-11	96
FASN	0.5167552083333332	1.7997868021648059e-12	7.099230261154414e-12	96
FASTKD1	-0.21683508771929824	0.0003497493103196636	0.0005594821466224662	57
FASTKD2	0.19580632911392407	2.523875799398918e-05	4.4878565433785696e-05	79
FASTKD5	0.5396857142857143	9.094032226401627e-11	2.863062515576186e-10	70
FAT1	0.399725287356322	3.663658300086424e-12	1.382423145966244e-11	87
FAU	0.5127145833333334	2.6982462242813447e-13	1.2095217471681735e-12	96
FBL	0.624207291666667	2.1511874056686433e-17	9.541570874547247e-16	96
FBLIM1	-0.006232291666666673	0.886670766493914	0.9004956361501164	96
FBLN1	0.01331041666666665	0.7477713888040218	0.7739583843699758	96
FBLN2	0.13328958333333332	0.14083505271624172	0.16605704626673223	96
FBLN5	0.14628645833333334	0.1418238533855138	0.16719315276109858	96
FBN1	-0.8721135416666663	2.2195911810893786e-12	8.64836595565433e-12	96
FBN2	-0.20384166666666673	0.0018953144612569497	0.0028119559311306666	96
FBN3	-0.4548739130434783	0.008900897956628732	0.012236910735865197	23
FBP1	0.04054687500000001	0.576086636318645	0.6116422502885531	96
FBP2	0.3860060606060606	0.001298102577212623	0.0019601553433534744	66
FBXL18	-0.023527450980392172	0.7216955119021637	0.7492812115988265	51
FBXL20	-0.16406842105263153	0.04235647152333404	0.05398358044263831	57
FBXO2	-0.3543070175438597	0.010637574578920755	0.014515318751524313	57
FBXO22	-0.155125	0.024151552001335563	0.031721370864714236	96
FBXO30	-0.7258425287356326	7.75351061675753e-13	3.216963681374537e-12	87
FBXO4	0.024884615384615373	0.7835337817668915	0.8073611030370258	26
FBXO6	-0.19918888888888892	0.006173111556734268	0.008653448690791937	63
FBXO7	-0.4017739583333333	1.4774417203426125e-12	5.880255910534265e-12	96
FCER1G	0.9916718749999999	3.48119512125408e-14	1.8419036331619578e-13	96
FCF1	0.10522272727272734	0.4210558137301632	0.4590288356054054	44
FCGBP	-1.796536458333333	4.013403063002771e-16	4.1554678105164815e-15	96
FCGR1A	-0.04035769230769227	0.4524725079536438	0.49080647629118773	26
FCGR2A	-0.14997605633802819	0.029030842853057164	0.037716484256615126	71
FCGR2B	-0.4500881355932203	1.7063288723912646e-06	3.4111324209991043e-06	59
FCGRT	-0.7457937499999998	1.8511701458905714e-16	2.4068799435619852e-15	96
FCHO2	-0.123921875	3.0088171087370967e-06	5.846086598917968e-06	96
FCN1	0.3994968750000001	9.295220245559066e-05	0.00015728028405411293	96
FCN2	0.09427000000000005	0.8575823361643415	0.8753263187778134	40
FCN3	-0.6991742857142859	9.801792768891465e-10	2.7491733982647506e-09	70
FDFT1	0.29414270833333334	0.0009182034716951166	0.0014090180904854843	96
FDPS	0.2399999999999999	2.395959691107044e-05	4.275131267988606e-05	96
FDX1	-0.11506874999999996	0.009173278694460957	0.012601049705392827	96
FDX1L	-0.20758636363636357	1.62771119955531e-05	2.957030716982555e-05	88
FDXR	0.11234895833333323	0.011268294527538494	0.015343817330070177	96
FECH	-0.8704989583333332	3.6633683123689886e-17	9.793023480830454e-16	96
FEN1	0.7029635416666667	4.556450170268789e-17	1.0878727470581247e-15	96
FERMT1	0.6483781250000001	5.1568164856062215e-14	2.6112261229973747e-13	96
FERMT2	-1.6037906250000005	4.955467964989023e-16	4.889424677811282e-15	96
FERMT3	-0.09077604166666668	0.042545706405543914	0.05415274981498655	96
FES	-0.1992033898305085	0.016382828136070882	0.021890538531149084	59
FETUB	-0.481230303030303	0.0003429877106100321	0.0005493207329870387	33
FEZ2	-0.3407027777777779	8.489971171241075e-08	1.9269017790208516e-07	72
FGA	-0.36322187499999997	0.01719036503289935	0.02291024215449379	96
FGB	-0.23186041666666657	0.14281730963894065	0.16830516957099118	96
FGD2	-0.646045	0.00365447998046875	0.0052568409496065276	20
FGD4	-0.2072729166666667	6.366706539352954e-08	1.4633173748721813e-07	96
FGF2	-1.4829783333333328	4.018869251414984e-11	1.3220089987155725e-10	60
FGG	-0.23433854166666657	0.15305151178045343	0.17951443925438149	96
FGGY	-0.3775193548387097	0.0012524444609880447	0.0018946222973548572	31
FGL2	-0.550328125	9.297222139694028e-13	3.801039813236273e-12	96
FGR	0.6052666666666666	7.2890012846378395e-06	1.3686512627661703e-05	57
FH	-0.3027208333333334	4.019821668474836e-11	1.3220089987155725e-10	96
FHL1	-2.6685354166666655	2.764603715281259e-17	9.541570874547247e-16	96
FHL2	0.6026072916666667	3.4507652739889353e-16	3.686494303056014e-15	96
FHL3	0.14088958333333332	0.06444563284163082	0.08005346054894867	96
FHOD1	-0.19088390804597705	0.0002351192357967368	0.0003826819390976	87
FIBP	0.017002083333333334	0.9475548508133181	0.9539534494822443	96
FILIP1	-1.8562679487179479	4.2605010872504253e-13	1.8500777860429194e-12	78
FILIP1L	0.010008333333333336	0.7505415964276272	0.7761074168993475	96
FIP1L1	0.19305416666666667	4.982898811068311e-10	1.4450243625318183e-09	96
FIS1	0.18695937499999996	0.001820997070395493	0.0027088845554952023	96
FKBP10	0.7274624999999998	7.716244631974675e-13	3.203482997272159e-12	96
FKBP11	0.371978125	1.0487472757164914e-08	2.6283322647672544e-08	96
FKBP15	0.050653124999999986	0.014132737267472025	0.019005118125369775	96
FKBP1A	-0.4863479166666665	3.4662459642039217e-11	1.1478304133190578e-10	96
FKBP2	-0.31912916666666674	2.596108127684423e-12	1.0005020844183362e-11	96
FKBP3	0.14272395833333335	0.00010407862312531281	0.0001750495821618088	96
FKBP4	0.38482604166666673	8.79074390025936e-11	2.7702780178292877e-10	96
FKBP5	-0.172571875	0.0001263985643611129	0.00021131521761742	96
FKBP7	-0.15912873563218385	0.05054012500788765	0.0637117058770985	87
FKBP8	-0.13438750000000005	5.860817013294794e-06	1.1094870581883402e-05	96
FKBP9	0.7181562500000003	9.285900866012286e-17	1.5423277948769751e-15	96
FLAD1	0.16725625000000008	1.8365619624952128e-07	4.034542962141579e-07	96
FLII	-0.16704166666666664	6.099431510051923e-09	1.5672572194920853e-08	96
FLNA	-1.9833083333333335	8.005627000907086e-16	7.077161364893921e-15	96
FLNB	0.04927708333333334	0.40063247988575956	0.4386167277339362	96
FLNC	-2.189388541666667	3.894297489797384e-16	4.050673156441961e-15	96
FLOT1	-0.30869166666666664	6.9272871964267616e-12	2.5041504356635865e-11	96
FLOT2	-0.25567291666666664	9.453682704859505e-11	2.967934359705307e-10	96
FLYWCH2	-0.03982183908045977	0.20493907055557226	0.23636517523763698	87
FMC1	-0.06060416666666668	0.47316575050354004	0.5108575828980125	24
FMN1	-0.5492045454545454	1.0339907362322265e-05	1.915252305185535e-05	44
FMNL1	0.20364479166666652	1.6993406334800844e-05	3.076329279551507e-05	96
FMNL2	0.1969363636363636	0.010604840032412506	0.014475660585443643	55
FMO5	-1.0248957142857147	1.534064096830961e-11	5.327140800020143e-11	70
FMOD	-0.10865729166666667	0.18286104216674381	0.21243545141068124	96
FMR1	0.3693541666666665	3.8389351316060636e-13	1.6790462796752394e-12	96
FN1	0.06609375000000002	0.46486297709064495	0.5029456076924911	96
FN3K	-0.5839531249999999	1.7151449411134743e-16	2.287918586223133e-15	96
FN3KRP	-0.7433562499999998	3.248152716846292e-16	3.5378387111037558e-15	96
FNBP1	-0.9078385416666664	2.808236589994017e-17	9.541570874547247e-16	96
FNBP1L	0.190215625	4.4364035286049955e-06	8.48697783672966e-06	96
FNBP4	0.14779999999999996	0.0010454796906628548	0.001595932478875334	87
FNDC1	-0.04759166666666665	0.7868375773142308	0.8106408639743817	96
FNDC3A	0.07255833333333335	0.0067349423883090705	0.009382211063780224	96
FNDC3B	0.3923562499999998	4.2764625053830334e-13	1.8535754642849427e-12	96
FNTA	-0.21825937500000003	3.0257561986653723e-08	7.185959050032217e-08	96
FOCAD	0.05945208333333333	0.06550841245610017	0.08124607434141658	96
FOLR2	-1.3837541666666666	1.8967527097670857e-17	9.541570874547247e-16	96
FOXK1	0.531353125	4.848841191360182e-17	1.1065582788653538e-15	96
FOXP1	-0.1329479166666667	0.222521610572727	0.2550653485960064	48
FOXRED1	0.11066458333333336	0.012693875309672758	0.017187327841088704	96
FPGS	0.327815	0.00017029843002092093	0.00028182835890734056	40
FPGT	-0.20429583333333332	2.0739964702052863e-08	5.0069961563898045e-08	96
FRG1	0.22295681818181823	1.4524697611301427e-08	3.5760072027237165e-08	88
FRK	-0.19933333333333336	0.0737137661781162	0.09069240001631791	33
FRMD8	-0.023867999999999986	0.8109402812359416	0.8329146274972339	50
FRYL	-0.24187812500000003	1.701357897883613e-07	3.7522715768905846e-07	96
FRZB	-0.47281739130434786	5.036289678628236e-06	9.60445351163071e-06	46
FSCN1	0.24722395833333347	0.00013815614075637786	0.00023005449201651503	96
FSTL1	-0.06566153846153847	0.33723423913988837	0.37440087876708766	78
FTH1	-0.1735322916666667	0.008695550504656742	0.011962030634542473	96
FTL	0.3029052083333334	0.0007339067084840893	0.0011358433662883856	96
FTO	-0.10783541666666664	0.0019070428433275556	0.002827480759311507	96
FTSJ1	-0.011345833333333333	0.7898378372192383	0.8131075724879345	24
FTSJ3	0.6339385416666665	7.034370135993217e-17	1.3640569831421772e-15	96
FUBP1	0.3467500000000001	2.8574046859946085e-14	1.5385496017927631e-13	96
FUBP3	0.34770937500000004	2.123333229544333e-16	2.628610808420695e-15	96
FUCA1	-1.4855979166666664	9.021772450537572e-16	7.799880331270176e-15	96
FUCA2	-0.11876145833333333	0.0035917009948244964	0.00516986096852125	96
FUK	-0.16210312499999996	1.6610980553816621e-06	3.325666026128192e-06	96
FUNDC1	0.13911555555555555	0.23847100933636511	0.27199966025801997	45
FUNDC2	-0.20761666666666664	4.1290611257970576e-05	7.189688838041126e-05	96
FUS	0.608865625	3.3362044724631254e-17	9.764418690273611e-16	96
FUT3	-0.2605799999999999	0.00039342381396841644	0.0006262112379392896	80
FUT6	-0.037720833333333315	0.9554326987027508	0.960875127506634	48
FUT8	0.3439125	2.8318599155537817e-07	6.112917687725329e-07	96
FXN	-0.13244479166666664	6.442385323352819e-05	0.0001104009275462939	96
FXR1	0.2153583333333334	7.934073127352388e-07	1.6363954837002592e-06	96
FXR2	0.04014252873563219	0.29976594527495926	0.3359161060380327	87
FXYD1	-1.536995	1.9073486328125e-06	3.7926502600886375e-06	20
FXYD3	-0.9227723076923078	4.382947739709921e-11	1.4365020217740038e-10	65
FYB	-0.1080450704225352	0.1528327241430672	0.17928916703546738	71
FYCO1	-0.6562124999999998	1.3846126392576068e-16	2.002134376549262e-15	96
FYN	-0.45628095238095234	2.384185791015625e-05	4.256387033508203e-05	21
FYTTD1	-0.05745875000000002	0.289153939566706	0.32527394040124585	80
G3BP1	0.6003677083333335	3.8989356823842856e-17	9.947780457703697e-16	96
G3BP2	0.18720000000000003	2.6941842719151552e-09	7.215681549013484e-09	96
G6PD	0.3296697916666666	4.475744818764723e-12	1.66103131932615e-11	96
GAA	-0.41880937499999976	2.5169439699146077e-06	4.936035397298189e-06	96
GAB1	-0.8884546875	5.867800259918117e-11	1.8944692946963738e-10	64
GABARAP	0.3384474999999999	0.002392230499026482	0.0035134576221472567	40
GABARAPL2	-0.46297011494252877	6.084532276134936e-12	2.2161306753848688e-11	87
GABPA	-0.027021874999999997	0.6877030218494972	0.7168737684257733	96
GABPB1	-0.011306779661016949	0.9338294858292807	0.9431073341003529	59
GADD45GIP1	0.22026770833333334	2.9558016977116727e-06	5.747963359405105e-06	96
GAK	-0.008572916666666682	0.6000041973780481	0.6344252419557643	96
GAL	-1.0443399999999998	9.5367431640625e-06	1.7708831964488045e-05	20
GAL3ST2	-0.41746428571428584	1.2809877881420828e-06	2.5885985152545888e-06	70
GALC	-0.25942931034482763	7.249252089873134e-05	0.00012365937521220154	58
GALE	0.1771562499999999	0.0014858865380162824	0.002231657215928193	96
GALK1	-0.0314625	0.3096773645112626	0.3459830387434152	96
GALK2	0.11462812499999998	0.02461416214393055	0.0322976766813025	96
GALM	-0.5169916666666668	2.05569684834529e-11	6.99729586785822e-11	96
GALNS	-0.09203645833333325	0.03108013762957329	0.04021554213440338	96
GALNT1	0.06086666666666668	0.39756743914501325	0.4355453868752276	96
GALNT10	0.013232911392405016	0.8795819765698193	0.8945150039119172	79
GALNT12	-0.4361270833333333	1.1468606765493308e-10	3.5572299024361815e-10	96
GALNT2	0.4075562500000001	1.3881295085677353e-15	1.1047403170795891e-14	96
GALNT3	0.31926145833333336	1.2187299426523793e-05	2.24073970546857e-05	96
GALNT5	0.22111249999999996	0.001860427583217718	0.0027614664258882983	96
GALNT6	1.0079613636363636	1.1781084366120903e-14	7.025715112204901e-14	88
GALNT7	0.08036249999999993	0.21950387061187182	0.2519075381346302	96
GALT	-0.8409358024691356	1.5716210068555394e-14	9.066212669814113e-14	81
GAMT	-0.8367923076923078	8.940696716308594e-08	2.0250889355068993e-07	26
GAN	-0.10198472222222228	0.07663946713361458	0.09418834676670092	72
GANAB	0.1045729166666667	6.500408940972316e-06	1.2260681356475477e-05	96
GAP43	-2.6019197916666665	1.780857763610672e-17	9.541570874547247e-16	96
GAPDH	-0.14902812499999998	8.487009417386697e-05	0.0001440772929687433	96
GAPDHS	-0.17355	0.0044332973145628785	0.006326949943289162	44
GAPVD1	-0.004961458333333343	0.9533750761825359	0.9590933252524567	96
GAR1	0.7881052083333335	2.1235758804054505e-16	2.628610808420695e-15	96
GARS	0.4964177083333334	1.9980475008068664e-16	2.5197181734799374e-15	96
GART	0.39825625000000003	1.9674641072020917e-15	1.461762646203636e-14	96
GAS7	-0.8538780821917811	2.0857816032857086e-12	8.169006874748289e-12	73
GATAD2A	0.33473124999999987	3.682447978348391e-14	1.9303084251634412e-13	96
GATAD2B	0.08000416666666667	0.008195781482302825	0.011313888470117214	96
GATB	-0.15469195402298846	0.0032438731125730754	0.004692355479140311	87
GATC	-0.102065625	0.04581621895267648	0.058018311240752456	96
GATD1	-0.3317374999999999	6.407543005109961e-11	2.0548855650708762e-10	96
GATM	-0.963736458333333	2.708084630521166e-16	3.1219193497856134e-15	96
GBA	-0.07047916666666666	0.007352561624218295	0.010189699635794369	96
GBA2	-1.1127837837837837	6.504706107079983e-09	1.6662876392668806e-08	37
GBE1	-0.30603333333333343	8.00888264146642e-07	1.6507402040429557e-06	96
GBF1	-0.11361250000000005	1.1942621728834754e-06	2.416256006596875e-06	96
GBP1	0.28443541666666666	0.00021716581774887216	0.0003547517582851676	96
GBP2	-0.3452562500000001	3.173573146859515e-06	6.1448497655280175e-06	96
GBP4	0.04681166666666666	0.8919291372386696	0.905150897252191	60
GBP5	0.5324115384615384	2.6099451566294277e-06	5.109460769135347e-06	78
GC	-1.2521916666666668	4.3644753391194485e-15	2.9077721003130466e-14	96
GCA	0.5934906249999999	2.55604426234849e-13	1.147056920140202e-12	96
GCC1	-0.028197183098591545	0.6799370536363144	0.7103758364970193	71
GCC2	0.03203020833333335	0.4693398728774876	0.5072984061761018	96
GCDH	-0.07900000000000001	0.08927123650034868	0.10869704640305612	96
GCG	-2.2847031249999996	2.117644877927899e-17	9.541570874547247e-16	96
GCHFR	-0.05133035714285714	0.55425841504271	0.5905224244118694	56
GCLC	-0.4988864583333336	3.778252617915174e-16	3.954492482619797e-15	96
GCLM	-0.020934374999999995	0.6373507645893857	0.6703223514077737	96
GCN1	0.33212499999999995	5.159723172969096e-17	1.1501209738983099e-15	96
GCNT3	-0.5411340909090906	1.004506608554074e-07	2.2637671604935448e-07	88
GCOM1	-0.1945923076923077	0.07092106342315674	0.08749713396578863	26
GCSH	-0.021262500000000007	0.6823318779009253	0.7123816633733749	96
GDA	0.12696145833333336	0.1541037933752106	0.18068548580116878	96
GDAP1	-0.3741115384615385	5.285909964121268e-07	1.1116981175325888e-06	78
GDAP2	0.004654285714285718	0.25850554718635976	0.2930078925617989	35
GDE1	-0.059543283582089546	0.4025641640580403	0.4404597518778605	67
GDF15	0.30136388888888876	0.02728823239093926	0.03561111673036598	36
GDI1	-0.6976364583333329	9.862252804999352e-16	8.335961833523904e-15	96
GDI2	-0.06521770833333333	0.005359629812546176	0.007576434136614473	96
GDPD3	-1.01169375	4.741357927030867e-14	2.424642146463314e-13	96
GDPGP1	-0.18760153846153838	0.0001854949123395236	0.00030509570161457803	65
GEMIN2	0.008905	0.9679000486136345	0.971846879471452	20
GEMIN4	0.1936784090909091	3.096404732867029e-06	6.005718228622405e-06	88
GEMIN5	0.23142291666666667	1.2122296577090947e-11	4.264734543036348e-11	96
GEMIN6	0.06337714285714287	0.5329034825554118	0.5700333967576942	35
GEMIN8	0.367012643678161	1.585750343449928e-09	4.353027436254324e-09	87
GET4	0.19875340909090902	9.09854883059783e-06	1.692325037551451e-05	88
GFER	-0.3409316455696203	2.1361307974682924e-08	5.153290730030483e-08	79
GFM1	0.2716916666666666	3.3659614101229014e-09	8.908179526830196e-09	96
GFM2	-0.13387916666666666	0.0038455334562555433	0.005519829687209765	96
GFPT1	0.18106249999999993	0.005481579105659626	0.007740778533516331	96
GGA1	-0.234796875	2.004822340147045e-11	6.842006228535351e-11	96
GGA2	-0.017025757575757583	0.8958103790043894	0.9086773257847669	66
GGA3	-0.05791839080459771	0.17160592708937472	0.2000876198892275	87
GGACT	-0.353706976744186	0.0028951968317869614	0.004212508250804321	43
GGCT	0.11155416666666668	0.14083538429836137	0.16605704626673223	96
GGH	0.6212239583333331	2.3296417571740138e-09	6.294630104261159e-09	96
GGPS1	-0.2273656249999999	0.00017991398162389095	0.00029671654442347205	96
GGT1	-0.2151166666666667	0.0012163903431954264	0.0018429906983961416	78
GGT5	-0.1340145833333334	0.002847395426490067	0.004147488359787618	96
GGT6	-0.6900642857142858	4.1495865320241664e-05	7.22355372167881e-05	28
GHDC	0.06138333333333334	0.042732306612682465	0.054349013282367145	96
GHITM	-0.08910312500000002	0.04887579888253628	0.06175286905893331	96
GID8	-0.0037322916666666715	0.8809012107987605	0.8954703074558215	96
GIGYF2	0.23892708333333354	4.117686206737728e-15	2.765320997097439e-14	96
GIMAP1	-0.39408846153846167	9.572320294918189e-10	2.6904355617346512e-09	78
GIMAP1-GIMAP5	-0.36456363636363626	1.3351859760010663e-06	2.6932539726371475e-06	55
GIMAP4	-0.28267187499999996	4.807972830511892e-07	1.0153191602110256e-06	96
GIMAP7	-0.4276453333333332	1.9260852179406864e-08	4.668522805585467e-08	75
GIMAP8	-0.45488108108108116	3.379827661312594e-11	1.1202855039077465e-10	74
GIPC1	-0.26298124999999994	1.0413237739165405e-10	3.2480196086773014e-10	96
GIPC2	-0.19015833333333343	0.006772132213362508	0.009430166957803255	96
GIT1	0.050576041666666675	0.028337185637363736	0.03688672457141508	96
GIT2	-0.2837604166666667	1.3999851313902164e-13	6.57277833904616e-13	96
GK	0.3855968749999999	1.6822262647666626e-11	5.808572316170632e-11	96
GK2	0.7785346153846154	5.960464477539063e-08	1.375602207767787e-07	26
GLA	-0.060133333333333316	0.5142108693924914	0.5517096949870821	96
GLB1	0.039929166666666675	0.35330645565197694	0.39069276594183505	96
GLCE	0.14859479166666675	0.005928752209146478	0.008328307908535117	96
GLE1	0.17875757575757573	0.000554886736481683	0.0008702045617240793	66
GLG1	0.253115625	4.038535074832219e-10	1.1821744101064282e-09	96
GLIPR2	-1.3852166666666665	2.1506633795303184e-17	9.541570874547247e-16	96
GLMN	0.015973529411764713	0.7229567064205185	0.7503583761409743	34
GLO1	-0.5797968750000001	6.760710663360377e-08	1.5501574791689943e-07	96
GLOD4	-0.46049270833333317	3.888297415370425e-12	1.4581658669491437e-11	96
GLRX	-0.08857499999999997	0.1152546073553187	0.1380298394764072	96
GLRX3	0.3787166666666668	2.0338065504195913e-14	1.1276700947739701e-13	96
GLRX5	-0.0507697916666667	0.11780668800174732	0.1409101568557181	96
GLS	0.30292083333333336	3.221122755138082e-08	7.62544550607671e-08	96
GLS2	-0.15124468085106388	0.11179225192591957	0.1341947071338333	47
GLT8D1	-0.04478571428571429	0.6762287765036324	0.7074409576739232	63
GLTP	-0.5651291666666667	7.482569248646811e-17	1.4141834265444e-15	96
GLUD1	-0.08564687499999997	0.010092764064155617	0.013807576285974722	96
GLUL	0.4708781249999998	1.874307241464564e-10	5.684777252706041e-10	96
GLYR1	0.04387499999999999	0.07694302126791631	0.09452677708962655	96
GM2A	-0.3894072916666667	1.3584958349866247e-05	2.484096090740056e-05	96
GMDS	-0.14444166666666672	0.015792484794103116	0.021135404046207423	96
GMEB1	-0.23327272727272724	5.481820326008485e-05	9.447092876237074e-05	66
GMEB2	0.190706329113924	0.0011250257050531083	0.001711906884826787	79
GMFB	-0.18446041666666677	6.695545382307989e-05	0.00011444691457300459	96
GMFG	0.04091354166666667	0.50249667002639	0.5404376657914476	96
GMIP	-0.17365208333333326	6.593023858432661e-05	0.00011278388438043795	96
GMPPA	-0.27710833333333335	2.7727711454710725e-11	9.296612501232097e-11	96
GMPPB	-0.24773437499999998	2.3762172222831046e-07	5.166162279623301e-07	96
GMPR	-0.28919999999999996	0.016185270214664982	0.021630872085694693	50
GMPR2	-0.39696562499999993	1.4725181552727515e-15	1.1595216318925925e-14	96
GMPS	0.44024791666666685	1.784845977401937e-15	1.3531995690549578e-14	96
GNA11	-0.6811187499999999	2.1506633795303184e-17	9.541570874547247e-16	96
GNA13	-0.4371749999999999	1.8969845600084223e-17	9.541570874547247e-16	96
GNAI1	-0.9121052083333332	7.717795458902494e-17	1.4382969370493566e-15	96
GNAI2	-0.35991354166666656	5.077870393242206e-11	1.6490167744152453e-10	96
GNAI3	-0.03693645833333336	0.05860979519921451	0.07325132563180517	96
GNAO1	-2.2334166666666673	2.290679830891315e-17	9.541570874547247e-16	96
GNAQ	-0.5747291666666671	2.363735496837886e-17	9.541570874547247e-16	96
GNAS	-0.4261260416666666	7.681897335836243e-15	4.776445711411061e-14	96
GNB1	-0.6441114583333335	2.3638791012482674e-17	9.541570874547247e-16	96
GNB1L	0.037700000000000004	0.2539529547754853	0.2882860192197514	46
GNB2	-0.41864375	5.263224472250726e-16	5.154886567055492e-15	96
GNB4	-0.9096364583333333	9.287530617533134e-17	1.5423277948769751e-15	96
GNE	-0.32703333333333323	5.4326304982084585e-05	9.364727135786369e-05	96
GNG10	-0.5275135593220339	9.07034906516858e-06	1.687671631562381e-05	59
GNG12	-0.2530843750000001	4.688551944863324e-09	1.219241116224988e-08	96
GNG2	-0.9941343749999999	6.214821714294593e-17	1.2868900889260009e-15	96
GNG5	-0.2161239583333334	0.000131174680907842	0.00021908163659714017	96
GNG7	-1.1161244897959188	6.750155989720952e-14	3.3595546390977645e-13	49
GNL1	-0.06403854166666666	0.07190018911254949	0.08859106864207429	96
GNL2	0.47163037974683536	5.415063780176852e-10	1.5645849655989018e-09	79
GNL3	0.8030552083333334	2.290401285843987e-17	9.541570874547247e-16	96
GNL3L	0.2296224719101123	0.00018896607670746982	0.000310652636273074	89
GNPAT	0.11071034482758622	0.01659624334911065	0.022149233465125	87
GNPDA1	-0.3389541666666667	6.212735231807787e-07	1.298076632519416e-06	96
GNPDA2	-0.8824827586206898	1.8503025737605423e-14	1.0379331076387523e-13	87
GNPNAT1	0.17582395833333334	0.015872021643268047	0.0212376133236309	96
GNPTG	0.10548695652173913	0.25945234298706055	0.2940313799155725	23
GNS	-0.04399375	0.7243573805969505	0.7516958494083436	96
GOLGA1	-0.05189873417721521	0.345575631564609	0.38271160649834296	79
GOLGA2	0.1317197916666667	1.1206033951010495e-05	2.070039044989794e-05	96
GOLGA3	-0.134725	3.062802206882263e-06	5.944092952077277e-06	96
GOLGA4	-0.043194791666666656	0.23931963472194673	0.2728284501868378	96
GOLGA5	0.02125729166666666	0.5428935286853185	0.5793339723158584	96
GOLGA7	0.0233096153846154	0.9419212379865544	0.9499924211743526	52
GOLGB1	0.023917708333333343	0.6871416437247071	0.7165112352734007	96
GOLIM4	0.05973333333333334	0.17401872414758512	0.20272471267687944	96
GOLM1	-0.139253125	0.061344092057473855	0.07644084576775485	96
GOLPH3	0.04564479166666668	0.42037189983694634	0.4583577240380421	96
GOLPH3L	-0.2215552083333332	6.904647851958741e-05	0.00011790259504555218	96
GOLT1B	0.039968354430379736	0.45168373123563355	0.4901886368262481	79
GON7	-0.020817721518987354	0.9766074481759144	0.9793810717208086	79
GOPC	0.002039583333333345	0.8895577686360796	0.9031542175816372	96
GORAB	0.30133103448275855	0.0018163397908210754	0.0027031552033315426	29
GORASP1	0.0003037499999999957	0.32313542815604634	0.36017869870392344	80
GORASP2	0.09861562500000004	0.0006086201222404803	0.0009500308050515081	96
GOSR1	0.26114583333333347	3.7842851756824984e-07	8.077877583090641e-07	96
GOSR2	-0.05630312500000001	0.37947584243551047	0.4176592267683717	96
GOT1	-0.9478947916666666	1.9577585447302082e-17	9.541570874547247e-16	96
GOT2	0.17990208333333327	3.754951314179982e-05	6.563827088804977e-05	96
GP2	-0.8184815789473683	0.00011373990128049627	0.0001905796697529594	38
GPA33	-0.7675822916666667	2.551981375563209e-10	7.640001360398737e-10	96
GPAA1	0.09611392405063292	0.06613048989898122	0.08194855129890377	79
GPALPP1	0.24630392156862754	0.0017159542325188867	0.002561142813341315	51
GPAT4	0.3420259259259261	7.570306321237117e-08	1.731056070524193e-07	54
GPATCH1	-1.1772129629629628	1.2436781851661132e-09	3.455004945871409e-09	54
GPATCH4	0.916172580645161	6.854649397730487e-11	2.1909405816757425e-10	62
GPATCH8	0.029601388888888882	0.07343297939515282	0.09038008783013764	72
GPC1	-0.561482291666667	7.672743229432021e-12	2.761611283597609e-11	96
GPC4	-0.530184375	2.420232914506407e-13	1.0921023831866218e-12	96
GPC6	-0.35908750000000017	6.009521704478416e-05	0.00010324681463596847	96
GPCPD1	-0.0365257142857143	0.5544616600964218	0.5906451695120505	35
GPD1	-0.8978968749999998	2.7238017196549066e-07	5.89293316258135e-07	96
GPD1L	-0.7870760416666668	1.7811848543493422e-17	9.541570874547247e-16	96
GPD2	0.17508229166666667	2.5770651952082156e-05	4.580008051563422e-05	96
GPHN	-0.14292083333333336	0.00045435361829293704	0.0007184205574186459	96
GPI	-0.12762916666666668	6.695169928038155e-05	0.00011444691457300459	96
GPKOW	0.17868437500000003	5.238282510197736e-07	1.1020268849456448e-06	96
GPN1	-0.03753333333333335	0.9207719522510149	0.9313220304013357	87
GPNMB	-0.7079833333333333	7.738281600750962e-10	2.196113843461853e-09	96
GPR107	0.1951461538461539	0.015504680151934735	0.020770946313764006	39
GPR108	-0.08139999999999999	0.4278798079182492	0.4657870568430203	28
GPR89A	0.27613125	2.349289323217871e-10	7.052072514303667e-10	96
GPRC5A	1.3524208333333334	6.820105429055447e-17	1.3418999201962731e-15	96
GPRIN3	-0.1274860759493671	0.07366838729846005	0.09065319339423487	79
GPS1	-0.25284583333333344	3.115107988649091e-12	1.1868327253108305e-11	96
GPS2	-0.38788461538461544	0.48335155844688416	0.5209326274088588	26
GPSM3	-0.2595770833333334	2.4351355536885876e-05	4.342723133890679e-05	96
GPT	-1.385358620689655	6.962946652626571e-16	6.373043532397226e-15	87
GPT2	0.19528461538461542	0.21948239646371803	0.2519075381346302	39
GPX1	-0.024828125000000006	0.2777749847064477	0.3131566229355231	96
GPX2	0.5876312499999997	1.4772368446353952e-08	3.630423150194419e-08	96
GPX3	-0.8056354166666666	2.4205637856588263e-13	1.0921023831866218e-12	96
GPX4	-0.19408229166666668	1.1428140990667128e-07	2.5592495496698123e-07	96
GPX7	0.34526140350877194	0.00027805321110779704	0.00044982530456844614	57
GPX8	0.40560208333333336	1.4771146821184793e-08	3.630423150194419e-08	96
GRAMD4	-0.13497831325301207	0.0026310582399003786	0.0038431895779428783	83
GRB2	-0.34273541666666674	3.726679486086647e-11	1.2316400331110993e-10	96
GRB7	0.28904375000000015	0.00011743555817486012	0.00019667377927986434	80
GREM1	0.09875937499999998	0.2208790062280951	0.2533989830342493	96
GREM2	-1.3516516129032254	1.862645149230957e-09	5.088145890142708e-09	31
GRHL2	0.08619615384615385	0.21726065874099731	0.24958934237899846	26
GRHPR	-0.5372927083333333	1.5860777305637552e-15	1.2287523665533758e-14	96
GRIPAP1	-0.04246458333333333	0.10469333795645769	0.1261698588736976	96
GRK2	-0.024055208333333345	0.7560922437449658	0.7808405060171438	96
GRK6	-0.09184571428571432	0.12675894872518256	0.15083820273097726	35
GRN	-0.04891979166666669	0.2959615540213312	0.33226339791317117	96
GRPEL1	0.6202312499999997	4.2624868870008977e-16	4.35979069202589e-15	96
GRSF1	0.3890166666666668	1.7892915219386022e-14	1.0087694807299229e-13	96
GRWD1	0.4417906249999998	5.5299437450179047e-14	2.7874074068613917e-13	96
GSDMB	-0.13282708333333335	0.04887579888253628	0.06175286905893331	96
GSDMD	0.007892708333333354	0.690394409377872	0.7194557459639863	96
GSK3A	-0.32689655172413795	1.35796280682562e-10	4.190695708828466e-10	87
GSK3B	-0.32034479166666663	1.8522319524385307e-10	5.622906863760228e-10	96
GSKIP	-0.17712604166666676	0.0010870720682485328	0.0016571612146965252	96
GSN	-1.255610416666667	8.466614959433632e-17	1.490967226004597e-15	96
GSPT1	-0.10317604166666665	0.1039138554406053	0.12527548178814393	96
GSPT2	0.25107875	0.005649537473186801	0.007964435156043339	80
GSR	-0.28515208333333336	3.358048751472055e-08	7.93000671370152e-08	96
GSS	-0.23071562500000006	0.0009673904766259506	0.0014821243908845632	96
GSTA1	-0.61209375	2.786335596275476e-06	5.435744552315257e-06	80
GSTCD	-0.25767454545454543	0.0007566717066437365	0.0011702421576470327	55
GSTK1	0.29076250000000003	1.1767376368002859e-05	2.1688826388167908e-05	96
GSTM1	-0.5512270833333331	1.691553247559467e-06	3.383610834190955e-06	96
GSTM2	-1.8426989583333333	1.780639734680944e-17	9.541570874547247e-16	96
GSTM3	-1.5531677083333333	4.0226223971127694e-17	1.0146387073568828e-15	96
GSTM4	-0.5656437500000001	8.401846516321669e-07	1.7290793950307386e-06	80
GSTO1	-0.22804062500000002	0.0003279024145017962	0.0005261653429544489	96
GSTP1	-0.2747083333333334	0.0022781520456810023	0.003356197205637647	96
GSTT1	-0.8486072916666668	3.8402020592318074e-14	2.0096658046323085e-13	96
GSTZ1	-0.4753583333333333	4.3620728040277866e-12	1.624036983475162e-11	96
GTF2A1	0.023662500000000006	0.8333734273910522	0.8530824419234925	24
GTF2A2	0.18237234042553196	0.001154329988892755	0.0017537137444478019	47
GTF2B	0.13251458333333335	0.000637915771193934	0.0009932181269297058	96
GTF2E1	0.1356954022988506	0.001118293321777092	0.001702243695458137	87
GTF2E2	0.4911350877192984	6.140550965032791e-08	1.4137596576666094e-07	57
GTF2F1	0.5150489583333334	1.3278383014222845e-15	1.068161530484665e-14	96
GTF2F2	0.5634885416666667	2.1892239511545596e-16	2.680201366477361e-15	96
GTF2H1	0.21244130434782615	0.00030973913234788597	0.0004989291329944699	46
GTF2I	0.4618677083333331	2.9434302791879965e-17	9.541570874547247e-16	96
GTF3C1	0.2517062500000001	3.933892288343308e-12	1.471973416759356e-11	96
GTF3C2	0.15714062499999992	8.391999215745528e-07	1.7276554405137737e-06	96
GTF3C3	0.35820229885057464	2.020566625641462e-13	9.265879351625815e-13	87
GTF3C4	0.36418749999999994	2.214525807651462e-14	1.217867950390794e-13	96
GTF3C5	0.17519113924050636	3.37631075799101e-05	5.932862460807146e-05	79
GTPBP1	-0.06587604166666666	0.005359591402053001	0.007576434136614473	96
GTPBP10	0.3503697916666668	2.1633394029580818e-08	5.2151793224742265e-08	96
GTPBP3	-0.1570749999999999	0.009371004938968355	0.012864757956934456	72
GTPBP4	0.8158604166666669	2.1511874056686433e-17	9.541570874547247e-16	96
GTPBP6	0.023059770114942514	0.8755613528786937	0.8911015043178332	87
GUCA2A	-1.8436032258064525	1.2950441984453213e-11	4.5275932920112876e-11	62
GUCY1A3	-0.6222031250000001	2.5100747604922517e-11	8.449940232881609e-11	96
GUCY1B3	-0.4556802083333333	2.8716877497483433e-08	6.853843156549852e-08	96
GUCY2C	0.12825753424657535	0.03548192873586331	0.04562059407606496	73
GUF1	0.0024147727272727324	0.5560211348712136	0.5922123819417324	88
GUK1	-0.020815909090909114	0.5771485273232584	0.6124818194763945	88
GULP1	-0.20132278481012658	0.006158766363298891	0.008635143893703711	79
GUSB	-0.2733258426966294	0.004727286278714968	0.006722205096205748	89
GYG1	-0.839673958333333	1.3260986803646692e-14	7.776919621124621e-14	96
GYPA	-1.0439045977011492	2.1943261735878494e-12	8.559147848023768e-12	87
GYPC	-0.9378731343283582	2.950515430263061e-09	7.858280278537069e-09	67
GYS1	-0.02877604166666667	0.22364778325939605	0.2562686554888622	96
GZMA	-0.8160252873563217	9.765656567605761e-12	3.466549730797199e-11	87
GZMK	-0.2869155555555556	0.012862368501203036	0.0173926236305752	45
H1F0	-0.7838510416666664	8.871984437902875e-15	5.4363666408722395e-14	96
H1FX	-0.025960416666666663	0.4548774038839708	0.49317590540684547	96
H2AFX	0.32442395833333326	0.004170360079016212	0.00596438835432099	96
H2AFY	0.490346875	3.3481374414169604e-16	3.61135917917466e-15	96
H2AFY2	-0.17854895833333342	0.0059286690600356025	0.008328307908535117	96
H2AFZ	-0.11483020833333334	0.002525324235874468	0.003700830121992531	96
H3F3A	-0.5346885416666666	5.121986005743504e-15	3.3233466259703254e-14	96
H6PD	0.03440208333333331	0.3096777683193036	0.3459830387434152	96
HAAO	-0.93601875	1.8966367946962143e-17	9.541570874547247e-16	96
HABP2	-0.26960568181818184	0.0013365234399886773	0.0020168096623670796	88
HABP4	-0.19740555555555553	0.13477486031479202	0.1595561210255761	36
HACD2	0.22944166666666668	5.3486002747356944e-05	9.226988748573354e-05	96
HACD3	0.3329187499999999	4.8358457134022515e-12	1.786619384461584e-11	96
HACD4	-0.34021842105263156	0.0025363387394463643	0.00371596134121847	38
HACL1	0.09612112676056338	0.06672119613306544	0.08260426367535266	71
HADH	-0.4030416666666667	2.532098312570248e-10	7.583860526354372e-10	96
HADHA	-0.38551458333333327	4.4289332285374726e-15	2.94195178517405e-14	96
HADHB	-0.4299666666666666	1.4948765254777014e-15	1.1703229216451329e-14	96
HAGH	-0.795311458333333	8.208891654003958e-17	1.480556103538025e-15	96
HAPLN1	-1.3967661971830987	3.0070444336810066e-13	1.334975860993227e-12	71
HAPLN3	0.06745714285714283	0.39624847491763227	0.43431318709727085	56
HARS	-0.08562187500000001	0.0025406232695514962	0.0037191886352653256	96
HARS2	0.14193854166666667	0.0031131628371428386	0.004513009825927248	96
HAT1	0.40734166666666655	5.30439972183906e-13	2.2552102492913976e-12	96
HAUS1	0.06962499999999998	0.10109639167785645	0.12214220993458291	24
HAUS2	-0.01391153846153845	0.8221841156482697	0.8426570778924902	26
HAX1	0.12777812500000002	0.00669793623494166	0.009336475005240721	96
HBA2	-1.6008395833333335	6.81754314350658e-14	3.3855586195252145e-13	96
HBB	-1.5585447916666662	7.725950582750604e-14	3.797318861514564e-13	96
HBD	-1.5193322916666663	1.8150333483443122e-14	1.0216162257200429e-13	96
HBG1	-0.904972413793103	1.3313696016790544e-08	3.287507787141986e-08	87
HBG2	-1.2136281249999998	3.832946187502322e-12	1.4383303527557524e-11	96
HBS1L	-0.002466666666666667	0.9243052310222754	0.9343323481887065	96
HBZ	-1.0575022222222223	8.011676300156978e-08	1.8251387537437407e-07	45
HCCS	0.3431041666666666	2.0520573517209534e-12	8.046319563235462e-12	96
HCFC1	0.20259999999999986	7.923787601143857e-13	3.281953603597685e-12	96
HCK	0.060923958333333354	0.41721693194073617	0.45521359511959647	96
HCLS1	-0.06260208333333336	0.19516885484611135	0.22567870512970717	96
HDAC1	0.28016041666666663	1.3408366800802528e-07	2.98166167936971e-07	96
HDAC2	0.33936041666666666	4.5133305907436984e-13	1.9474361852577127e-12	96
HDAC3	0.027693902439024396	0.45390766769077784	0.49220406376877784	82
HDAC4	-0.4663892307692306	4.487641460312947e-09	1.1692266624170704e-08	65
HDAC6	-0.048943678160919546	0.1587211435057122	0.1859043561068127	87
HDAC7	-0.21043333333333328	0.08392000198364258	0.10246028995600692	24
HDDC3	-0.10313544303797469	0.16220260623539917	0.18981637628349785	79
HDGF	0.2695010416666666	0.00016243264832874194	0.0002692761644767803	96
HDGFRP2	0.06323020833333334	0.03626709890745477	0.046523129363310524	96
HDGFRP3	-0.9903072916666663	8.006506895147542e-16	7.077161364893921e-15	96
HDHD2	-0.8077239583333332	3.7212011411336476e-16	3.937782090830543e-15	96
HDHD3	0.03465208333333333	0.7450040282026027	0.7714511537600341	96
HDHD5	0.1439697916666666	0.00026911472738457823	0.0004358982873064064	96
HDLBP	0.2471427083333334	1.3077012960484577e-11	4.567083808010985e-11	96
HEATR1	0.5364656249999997	2.4387928562846418e-17	9.541570874547247e-16	96
HEATR3	0.2313362500000001	0.00021327976724361513	0.00034874334838835337	80
HEATR5A	-0.26916849315068486	4.140308073348194e-06	7.94545962931723e-06	73
HEATR5B	-0.13664367816091957	4.0728751310520484e-05	7.097381624474855e-05	87
HEBP1	-0.2677958333333334	3.5184388965343674e-06	6.788957882326451e-06	96
HEBP2	-0.4093208333333332	1.142841812308235e-07	2.5592495496698123e-07	96
HECA	-0.1990904761904762	0.05950736999511719	0.07430391686157477	21
HECTD1	-0.13414062499999999	0.00036925543590437225	0.0005898415998767699	96
HECTD3	-0.5821010416666667	2.0203294460151032e-17	9.541570874547247e-16	96
HELLS	0.9233599999999995	5.066975642817801e-14	2.5792366910215955e-13	80
HELZ2	0.37006666666666665	1.266018233391234e-05	2.324498174007058e-05	72
HEPH	-0.2620135416666666	3.923128234654921e-06	7.5336887694967465e-06	96
HERC4	-0.15540625	2.978324908622724e-09	7.929199131726134e-09	96
HERPUD1	-0.08925423728813561	0.21857726635140518	0.25097293855067215	59
HEXA	-0.35918124999999984	1.3143827635843368e-07	2.923804363689428e-07	96
HEXB	0.07670937500000002	0.261915467644377	0.29642221194772694	96
HEXIM1	-0.36811666666666665	3.971919068135321e-05	6.926853399563263e-05	36
HGD	-0.5963153846153846	0.014006495475769043	0.018854249226913023	26
HGH1	0.034250000000000023	0.37901606268835986	0.4172659607115534	96
HGS	0.029646874999999993	0.11695131631384388	0.1399868655039391	96
HIBADH	-0.12919791666666666	0.01651964575262286	0.022060171846008513	96
HIBCH	-0.3279583333333334	2.644414348738542e-10	7.89909878258543e-10	96
HID1	-0.03287708333333334	0.36313609096175836	0.4010997751502201	96
HIF1AN	-0.32173749999999995	3.0625287821211158e-09	8.14690943665764e-09	80
HIGD1A	-0.3596427083333334	0.0002710291035668293	0.0004388931344025725	96
HIGD2A	0.019904838709677415	0.8912553411391296	0.9046039460971892	62
HIKESHI	-0.5305863636363637	0.0003213932868809461	0.0005159673514439501	22
HINT1	-0.6795895833333333	1.383345602626952e-12	5.544125237768352e-12	96
HINT2	-0.44310625000000003	9.194046892895467e-10	2.5917168321191465e-09	96
HINT3	-0.24333437499999996	9.72535560843097e-09	2.4473897515740205e-08	96
HIP1	-0.0038718750000000138	0.9243051050483384	0.9343323481887065	96
HIP1R	0.137065625	0.0036278244229825097	0.0052196169963091696	96
HIRA	0.019146428571428564	0.8841757625341415	0.8982336751728582	28
HIRIP3	0.009919999999999993	0.884481551219551	0.898408285712637	45
HIST1H1A	0.5153144927536235	2.4631861451689393e-05	4.389247237168237e-05	69
HIST1H1B	0.6475156249999999	5.025915283448045e-13	2.1521921106333486e-12	96
HIST1H1C	-0.23075	0.030937758978547017	0.040062039179129885	96
HIST1H1D	0.3194614583333332	0.0022920361946833336	0.0033759101712690417	96
HIST1H1E	-0.07886145833333331	0.4615208536693901	0.49965199407260585	96
HIST1H2AA	-0.6098413793103447	2.0489096641540527e-07	4.483409959820463e-07	29
HIST1H2AB	0.23184545454545447	0.24232288606094232	0.27597084409826206	88
HIST1H2BK	-1.464739130434782	1.4210854715202004e-13	6.66717652337694e-13	46
HIST1H3A	-0.09946041666666666	0.0797316959752103	0.09770227366167779	96
HIST2H2AA4	-0.2277072916666666	0.020020109958853838	0.026523482960890677	96
HIST2H2AB	-0.0975052083333333	0.0557429712178915	0.0698896643432693	96
HIST2H3A	0.2204677083333334	0.00019068235794789972	0.00031332058277552273	96
HIST2H4B	0.22721770833333343	3.5036892408833304e-07	7.491006555531307e-07	96
HIST3H2BB	1.0581781249999997	1.5781452704086676e-12	6.257551193363919e-12	96
HK1	-0.21834583333333346	1.142841812308235e-07	2.5592495496698123e-07	96
HK2	-0.018176041666666674	0.740859465447197	0.76727788726231	96
HK3	0.3718812500000002	7.430037417281864e-07	1.5404240121305322e-06	96
HKDC1	0.6935379746835444	2.18439869245791e-06	4.316680656170874e-06	79
HLA-A	0.18876041666666665	0.003263921031832271	0.004718303426537967	96
HLA-B	0.16192812499999995	0.002028206375069675	0.0029991705026101937	96
HLA-C	0.18296354166666673	0.005481657298067683	0.007740778533516331	96
HLA-DMA	-0.387	0.00016353768296539783	0.0002709072382752726	34
HLA-DMB	-0.25137708333333325	0.00017602091699422256	0.0002906532936535169	96
HLA-DPA1	-0.48590104166666664	3.347607523598866e-10	9.88951954021347e-10	96
HLA-DPB1	-0.19503541666666657	0.0027470344495563927	0.004007361192014316	96
HLA-DQA1	-0.3875962500000001	8.35951037404764e-06	1.5600543838521728e-05	80
HLA-DQB1	-0.09277291666666665	0.23497093078910547	0.26809863514695725	96
HLA-DRA	-0.03076770833333334	0.4604103001385891	0.498530132929276	96
HLA-DRB1	-0.09916770833333334	0.3618992470783282	0.3998652912793979	96
HLA-DRB3	-0.37991470588235293	0.016098597669042647	0.021519324917634412	34
HLA-DRB4	-0.3966510638297871	0.0015333794735568063	0.002300926613306333	47
HLA-DRB5	-0.14695384615384616	0.8809217512607574	0.8954703074558215	26
HLA-E	0.008460606060606045	0.6570622644257473	0.6894323947501312	66
HLA-F	-0.17263124999999996	0.007129862420111564	0.009895717652087242	80
HLA-G	0.3860476923076922	0.00010941597346710298	0.0001836556832601436	65
HLCS	-0.0151269230769231	0.8221841156482697	0.8426570778924902	26
HM13	0.6376572916666667	1.0786822538325588e-15	8.989912100574704e-15	96
HMBS	-0.2029364583333334	0.00021252185523339302	0.0003476735251794279	96
HMCES	0.08879791666666664	0.07910585898631631	0.09698852484268936	96
HMCN2	-1.1459500000000005	1.8385005153245864e-15	1.3843434295524861e-14	96
HMG20A	0.09081011235955057	0.1316434920166945	0.15615208414780826	89
HMGA1	0.8563656249999999	1.302285142315236e-16	1.928816173110901e-15	96
HMGA2	1.1405352112676057	2.922793505469993e-10	8.668886661449241e-10	71
HMGB1	0.5133781250000001	3.778252617915174e-16	3.954492482619797e-15	96
HMGB2	0.5623083333333334	4.006736493743294e-14	2.0790796151440077e-13	96
HMGB3	0.8951958333333336	3.34794865753026e-16	3.61135917917466e-15	96
HMGCL	-0.32639791666666673	6.371619833231141e-09	1.6328188487833356e-08	96
HMGCS1	0.20650104166666663	0.006624471809218414	0.009241751168235878	96
HMGCS2	-1.3618812499999997	1.0668101203187455e-10	3.3166029180808454e-10	96
HMGN1	0.2930572916666666	3.5739867374657325e-08	8.419418412306097e-08	96
HMGN2	0.025583333333333323	0.8665059488579268	0.8837623002261829	96
HMGN3	-0.14433125000000002	0.04291977232187047	0.05456697323197725	96
HMGN4	-0.509303125	1.8236472553185103e-12	7.18851318209864e-12	96
HMGN5	-0.5564942528735632	2.314519592787671e-09	6.25629006769238e-09	87
HMGXB4	0.15921034482758617	0.2297072820365429	0.2625841123160958	29
HMOX1	-0.2795302083333333	2.4065402726199156e-06	4.72504497776032e-06	96
HMOX2	0.29878541666666664	2.3002315435777126e-11	7.801948142498924e-11	96
HMX3	-0.17469375	0.23330866176811482	0.26633789549128506	80
HN1	0.1912104166666667	0.00031437614658437105	0.0005053182540394673	96
HN1L	0.07784791666666667	0.09600457167308976	0.11645175761250391	96
HNF1A	0.4940885245901639	9.191685547768934e-06	1.7087009792181152e-05	61
HNF4A	0.27470795454545455	0.0015655494294732266	0.002346051177649291	88
HNMT	-0.32011041666666684	1.0487472757164914e-08	2.6283322647672544e-08	96
HNRNPA0	0.5379395833333334	2.214525807651462e-14	1.217867950390794e-13	96
HNRNPA1	0.6627656250000001	3.0571027079446487e-16	3.3957122628477895e-15	96
HNRNPA2B1	0.5630375000000002	3.5510135955121307e-17	9.764418690273611e-16	96
HNRNPA3	0.32115520833333333	4.1628358231979683e-13	1.812359866180089e-12	96
HNRNPAB	0.5237729166666666	6.552433372215057e-15	4.135491579886248e-14	96
HNRNPC	0.5759156250000002	1.302058794530649e-16	1.928816173110901e-15	96
HNRNPD	0.45906562500000003	3.212677329032805e-15	2.2358767842822708e-14	96
HNRNPDL	0.6553416666666667	1.7325481204489871e-15	1.3197968003999995e-14	96
HNRNPF	0.5285541666666668	3.442059759542229e-17	9.764418690273611e-16	96
HNRNPH1	0.1317958333333333	8.404638009210277e-06	1.5680399444880908e-05	96
HNRNPH2	0.19972187499999997	2.2526729505326662e-09	6.096483592224146e-09	96
HNRNPH3	0.13045625000000005	4.3591441734733995e-06	8.34677823189324e-06	96
HNRNPK	0.47619791666666683	2.3261815024122845e-16	2.8124360258350664e-15	96
HNRNPL	0.49538854166666674	2.0847455728212165e-17	9.541570874547247e-16	96
HNRNPLL	0.37134687499999997	1.6135546674834222e-16	2.195808978528657e-15	96
HNRNPM	0.5636739583333334	5.159723172969096e-17	1.1501209738983099e-15	96
HNRNPR	0.3288739583333334	2.939128197352668e-14	1.5763051852624288e-13	96
HNRNPU	0.5549708333333333	3.5510135955121307e-17	9.764418690273611e-16	96
HNRNPUL1	0.38428854166666654	1.5650531095762163e-16	2.138480918970842e-15	96
HNRNPUL2	0.18919166666666665	2.0133777243051485e-09	5.475375416442335e-09	96
HOMER3	-0.12427297297297302	0.2877805096359225	0.32383754430516676	37
HOOK1	0.1188739583333333	0.003913102308367708	0.005612014405053218	96
HOOK2	-0.061722916666666676	0.10547716510263529	0.1269779744304964	96
HOOK3	-0.18674583333333336	5.1040575847332694e-05	8.816585262867923e-05	96
HOPX	-0.5213974999999997	2.7077099545337778e-05	4.7956774247537264e-05	80
HP	-1.3242656250000004	3.718291933807622e-15	2.5325909222249073e-14	96
HP1BP3	-0.26618020833333333	9.227226996530487e-11	2.90101613704272e-10	96
HPCAL1	-0.2507822916666667	1.9150781735291246e-07	4.194665186486091e-07	96
HPF1	-0.03222873563218392	0.7142885798399827	0.7420504927448813	87
HPGD	-1.3140354166666666	2.9434302791879965e-17	9.541570874547247e-16	96
HPGDS	-1.2618696969696965	7.683411240577698e-09	1.952575985342264e-08	33
HPR	-1.1399385416666665	4.1360973766858024e-16	4.2497139908733616e-15	96
HPRT1	-0.04428229166666664	0.9344701300118274	0.9436122971477048	96
HPS6	-0.11801904761904762	0.06355422440121059	0.07900413035162532	63
HPX	-1.2814031249999998	5.423788137313659e-16	5.281305459105564e-15	96
HRG	-0.6635364583333333	7.428219291788195e-13	3.0934775436751703e-12	96
HS1BP3	-0.3141895833333334	9.897790443874356e-12	3.509739750948893e-11	96
HS2ST1	0.4728302083333335	1.7300278089079858e-12	6.839573700626799e-12	96
HSBP1	-0.05941041666666668	0.21950387061187182	0.2519075381346302	96
HSCB	-0.31581025641025645	5.181783343934635e-10	1.5004136579394676e-09	78
HSD11B2	-1.6344239583333335	5.4902478373613366e-17	1.1844456394976817e-15	96
HSD17B10	0.2679947916666667	2.972612145081746e-07	6.400274352167341e-07	96
HSD17B11	-0.281065625	5.492963542825317e-07	1.1541839207420146e-06	96
HSD17B12	0.36448020833333344	1.5625735965861773e-13	7.280073791317128e-13	96
HSD17B2	-1.4086312499999998	7.958907751177755e-17	1.4591727944414426e-15	96
HSD17B4	0.34775625	1.1659771874049e-07	2.6075136500998247e-07	96
HSD17B7	0.49995443037974696	9.265341606160792e-07	1.8963141194549344e-06	79
HSD17B8	-0.2720979166666666	1.1428695261306837e-07	2.5592495496698123e-07	96
HSDL1	-0.055488636363636344	0.38190151335231803	0.4200290578820822	44
HSDL2	-0.10212291666666663	0.0679508202943561	0.08400258952549015	96
HSF1	0.2529222222222222	0.03801081844653709	0.04869478345576042	45
HSP90AA1	0.4207989583333334	9.293268748579812e-16	8.00497733688273e-15	96
HSP90AB1	0.7267229166666666	2.084618494063428e-17	9.541570874547247e-16	96
HSP90B1	0.2954729166666667	3.4286124567537254e-08	8.093793445587876e-08	96
HSPA12A	-1.0549729166666666	5.2404663288929755e-17	1.1632076692450645e-15	96
HSPA12B	-0.8366666666666662	8.570303876785759e-16	7.506288343257918e-15	87
HSPA13	0.09311666666666672	0.025926943479740196	0.03391379680358295	96
HSPA14	0.5340437499999999	9.578050884200384e-17	1.5827375217266102e-15	96
HSPA1A	-0.8036374999999998	2.1939117015832907e-15	1.6017125190248598e-14	96
HSPA2	-1.6135624999999998	6.819703013672534e-17	1.3418999201962731e-15	96
HSPA4	0.065971875	0.015556662982899318	0.02083226585873683	96
HSPA4L	-0.19862083333333336	0.0036277962520888767	0.0052196169963091696	96
HSPA5	0.339046875	1.3752399319328329e-11	4.7935391221137864e-11	96
HSPA6	-0.23211458333333335	1.9685828714838925e-09	5.357899588148249e-09	96
HSPA8	0.3698802083333332	1.6636332779285813e-16	2.2367366055356416e-15	96
HSPA9	0.5725979166666666	4.808846115393102e-16	4.76578265563281e-15	96
HSPB1	-1.5530843749999994	4.809114410289778e-16	4.76578265563281e-15	96
HSPB6	-2.2737812500000003	3.3360036935579033e-17	9.764418690273611e-16	96
HSPB7	-1.6667781249999998	1.6194519195610193e-14	9.287170626444624e-14	96
HSPB8	-1.892088541666667	9.291743656544659e-16	8.00497733688273e-15	96
HSPBP1	0.08223229166666671	0.011238315091737849	0.015309209330044512	96
HSPD1	0.8521166666666667	5.002198140369474e-17	1.1337752474236082e-15	96
HSPE1	0.7542458333333338	1.2512880083851548e-15	1.0139856991244602e-14	96
HSPG2	-1.1712708333333337	4.602202252228144e-16	4.643033821082499e-15	96
HSPH1	0.9333062500000002	6.612670537182073e-17	1.3282756477231894e-15	96
HTATIP2	0.25863125000000003	6.72782809057497e-06	1.2661821431263202e-05	96
HTATSF1	0.35039375	1.041319604010731e-11	3.682769226836054e-11	96
HTRA1	-0.02482708333333339	0.6769772771070638	0.707892854132059	96
HTRA2	-0.06990000000000003	0.011093299629190203	0.015120875093912448	96
HTRA3	0.7429644067796608	2.925420467528104e-06	5.690532304043505e-06	59
HTT	-0.10121041666666668	8.333355992716659e-06	1.5556061590188107e-05	96
HUS1	-0.06554883720930231	0.2227998330367882	0.25534063543625074	43
HUWE1	0.12103541666666667	0.00017221578691970743	0.0002847204816274808	96
HVCN1	-0.2747147727272727	2.328815760887221e-06	4.581825495540283e-06	88
HYI	-1.126244791666667	2.1235758804054505e-16	2.628610808420695e-15	96
HYOU1	0.21250625000000004	3.7877152287760892e-06	7.289667662036369e-06	96
HYPK	0.06334270833333333	0.20806243505600885	0.23976140102898721	96
IAH1	-0.43420729166666666	1.8968654935135445e-12	7.46397102403658e-12	96
IARS	0.4441187500000002	3.5508002536240824e-17	9.764418690273611e-16	96
IARS2	0.09198020833333335	0.01309125809308516	0.01768967785428164	96
IBA57	-0.13689583333333336	3.637512337520033e-05	6.36692827252846e-05	96
ICA1	0.053406060606060624	0.3959935172460973	0.43410465803988024	33
ICAM1	0.4038010416666667	1.3752934952212413e-11	4.7935391221137864e-11	96
ICAM2	-0.3655354838709676	3.029465657401158e-07	6.516410739180625e-07	62
ICAM3	0.08960208333333332	0.10160304968043254	0.122643911534009	96
ICMT	-0.18867446808510632	0.15464622025982372	0.1812581222437382	47
IDE	0.16978124999999997	3.018996740227163e-06	5.86405591493458e-06	96
IDH1	-0.14175520833333335	0.007154354954622493	0.009925262074144398	96
IDH2	-0.24845624999999996	6.096388369602305e-07	1.2741916130173618e-06	96
IDH3A	-0.2905208333333334	8.940841897638569e-12	3.185560716476748e-11	96
IDH3B	-0.12398854166666663	5.6480901915702124e-05	9.721148562145857e-05	96
IDH3G	-0.13480937499999998	2.5622139235960255e-05	4.554820671278679e-05	96
IDI1	0.1720541666666668	0.010471829710050045	0.014302830929300845	96
IDNK	-0.33709743589743596	0.0002559278202991555	0.0004153410126722386	39
IDUA	-0.2946072916666666	1.2721660879085043e-08	3.154088057567685e-08	96
IER3IP1	0.22249270833333326	1.7352261959657037e-07	3.8221212877413795e-07	96
IFI16	0.22322604166666668	6.444656919560094e-06	1.2162363789965872e-05	96
IFI30	0.04013020833333332	0.6823318779009253	0.7123816633733749	96
IFI35	0.06309791666666671	0.3292122595935405	0.3665263454745845	96
IFIH1	0.15716956521739128	0.31455397605895996	0.3511969754334436	23
IFIT1	-0.06923750000000001	0.2925958223366265	0.32881542287725335	96
IFIT2	-0.14210769230769224	0.07737864738737699	0.0950097630530586	39
IFIT3	0.09344479166666664	0.3105483515878613	0.34689791721661034	96
IFIT5	-0.1897843750000001	8.080676638265208e-05	0.00013728351371517165	96
IFITM1	0.3368804597701149	2.205757398108182e-05	3.946247035708745e-05	87
IFNGR1	0.24456956521739134	0.01486515998840332	0.01993809643386603	23
IFRD1	-0.23901770833333333	0.12938248039396577	0.15374924475236937	96
IFT20	0.015470833333333328	0.7682963609695435	0.7925123440566831	24
IFT27	-0.22859374999999993	6.295008761249895e-05	0.00010793052333050228	96
IFT74	-0.12023500000000001	0.6476554870605469	0.6804827459517135	20
IGBP1	0.09397916666666668	0.001045762153564468	0.0015960005205332157	96
IGF1R	-0.09801034482758621	0.5082960315048695	0.5462793478367323	29
IGF2	-0.19093703703703696	0.038534119725227356	0.04934632739770001	27
IGF2BP2	0.645846875	1.4447861986299276e-14	8.399962878143307e-14	96
IGF2BP3	0.9300135416666665	2.957402063463502e-12	1.1331359476742795e-11	96
IGF2R	0.253075	4.982898811068311e-10	1.4450243625318183e-09	96
IGFALS	-0.5309041666666666	2.2197773402350207e-12	8.64836595565433e-12	96
IGFBP2	-0.6964697916666669	9.830757933909475e-09	2.4712033261080334e-08	96
IGFBP3	0.11021249999999998	0.09241103776987364	0.11233725345776643	96
IGFBP4	-0.22522272727272732	0.00017465554021553687	0.00028861182741528	88
IGFBP5	-0.1485448275862069	0.058506937778177635	0.07315274795478707	87
IGFBP7	0.7810843750000002	2.4675590419119255e-15	1.776366169655892e-14	96
IGLL1	-1.0199436781609197	4.563762476482021e-15	3.0136104778265625e-14	87
IGLL5	-1.1183447916666662	3.037533506038975e-17	9.56751750798849e-16	96
IGSF8	-0.2942562499999999	8.003692976505917e-08	1.8239394082669225e-07	80
IK	0.3512833333333332	3.4507652739889353e-16	3.686494303056014e-15	96
IKBIP	0.594915625	1.2702465296289743e-14	7.482075476102536e-14	96
IKBKAP	0.14830104166666666	2.1059014592388096e-09	5.71309862112138e-09	96
IKBKB	-0.20966562500000005	6.330948719643262e-07	1.3215696169259117e-06	96
IKBKG	-0.13946562499999998	5.7105924241761156e-06	1.0828819834312482e-05	96
IL10RB	-0.04959	0.7561664581298828	0.7808405060171438	20
IL16	-0.3939416666666669	2.940866874748305e-10	8.718637146569323e-10	96
IL18	-0.08059791666666664	0.2291143131816099	0.26208489806230534	96
IL33	-0.35708043478260876	0.0008503786137055158	0.0013085298438876847	46
IL4I1	0.22037395833333326	0.0023627465292393036	0.003470914487555614	96
ILF2	0.4484302083333336	7.034370135993217e-17	1.3640569831421772e-15	96
ILF3	0.5321427083333334	2.0847455728212165e-17	9.541570874547247e-16	96
ILK	-1.306530208333333	8.756655178116728e-16	7.63958382184462e-15	96
ILKAP	0.27313229166666664	8.177990621885908e-12	2.926194084385736e-11	96
ILVBL	-0.08443020833333335	0.006551687750446884	0.009146041652112438	96
IMMT	-0.015021875000000006	0.36770085407311104	0.40587447021660117	96
IMP3	0.5677038461538462	3.766685780644725e-12	1.4189048232647647e-11	78
IMP4	0.38762816901408453	2.39332084802324e-08	5.748940053486544e-08	71
IMPA1	-0.7400104166666667	6.573023967384883e-13	2.76144990660528e-12	96
IMPA2	-0.4913635416666666	1.7142730942766616e-08	4.182317257916746e-08	96
IMPACT	-0.3657915492957746	1.220770333914782e-09	3.395583818505088e-09	71
IMPAD1	0.5567906249999998	1.6195329062381263e-14	9.287170626444624e-14	96
IMPDH1	0.34999791666666663	9.518105432972321e-09	2.397933509193064e-08	96
IMPDH2	0.40289166666666665	5.121720184838779e-15	3.3233466259703254e-14	96
INA	-2.04485625	3.0373502324365277e-17	9.56751750798849e-16	96
INF2	-0.11985000000000001	0.00025971304784640973	0.0004213081619875513	96
INPP1	-0.20804375000000006	2.9439184919044087e-07	6.340529426063139e-07	96
INPP4A	-0.6694318181818182	4.391031694961537e-15	2.919666168632007e-14	88
INPP4B	-0.16463913043478257	0.017051057927700515	0.022733614395258894	69
INPP5A	-1.0068821917808222	2.379967865750073e-13	1.0781366921888751e-12	73
INPP5D	0.2358499999999999	2.2628104736668787e-07	4.92576102135986e-07	96
INPP5K	-0.20680227272727267	2.985827643432978e-08	7.106036771831092e-08	88
INPPL1	-0.0033541666666666685	0.9446457872265793	0.9523108784314153	96
INSR	-0.285475	9.62489131967405e-10	2.700945088205165e-09	96
INTS1	0.18691458333333336	1.2806146291404807e-09	3.5458702215862508e-09	96
INTS10	-0.11483218390804595	0.07172088333947235	0.08843510500358757	87
INTS11	0.14439183673469388	0.015427654823942863	0.020680147095670863	49
INTS12	0.2490545454545454	0.0006441510753347757	0.0010026936344364292	44
INTS13	0.2690520833333335	1.0668101203187455e-10	3.3166029180808454e-10	96
INTS14	0.5097093749999999	2.877300695567245e-16	3.2392612516095467e-15	96
INTS2	-0.017525287356321844	0.6369896280982161	0.6702577501428688	87
INTS3	0.2649270833333333	8.5839583349524e-13	3.539629776840544e-12	96
INTS4	0.19602604166666657	1.1724745263864039e-06	2.3757570515029846e-06	96
INTS5	-0.0197625	0.582337044898163	0.6172036704931715	96
INTS6	0.4128684210526315	2.0153823124994162e-10	6.090630601152514e-10	57
INTS7	0.06929195402298852	0.027448661715586832	0.03579262807577688	87
INTS8	0.14092666666666667	0.027407366458756115	0.03574808424086676	45
INTS9	-0.003891044776119372	0.95019137264412	0.9563207199324034	67
IPO11	0.08970937500000004	0.1742922270958095	0.20297284353164136	96
IPO4	0.5008197916666667	7.480807947130226e-17	1.4141834265444e-15	96
IPO5	0.3634249999999999	9.25285548138482e-14	4.4922764820245575e-13	96
IPO7	0.24815104166666677	8.283212539095457e-12	2.9606858244428036e-11	96
IPO8	0.004706849315068495	0.9474010755172956	0.9539534494822443	73
IPO9	0.19376979166666672	8.1030099632649e-10	2.294769685248806e-09	96
IQGAP1	-0.09339687500000003	0.00010725139641457134	0.00018015764109798678	96
IQGAP2	-0.5934375	1.182578123386619e-14	7.033614033511371e-14	96
IQGAP3	-0.2827833333333333	0.013191746182925583	0.017807530209506588	30
IQSEC1	-0.5498780487804878	1.7697093426249921e-06	3.5304727861049873e-06	41
IRAK4	-0.03215517241379311	0.4796851460403344	0.5174799235865257	87
IREB2	0.1940760416666666	4.397766334942375e-05	7.63588190461973e-05	96
IRF2	0.01562857142857143	0.691783364105504	0.7204555401713484	35
IRF2BP1	0.1911729166666667	3.8579246663950634e-07	8.224600122924844e-07	96
IRF2BP2	0.2155156250000001	1.059029774655715e-06	2.154345287497026e-06	96
IRF2BPL	-0.4163444444444446	8.104840490008714e-08	1.845735738203274e-07	72
IRF3	0.07277708333333331	0.002182951427372604	0.003218773873899517	96
IRF4	-0.6611813953488371	1.1520010944851603e-07	2.578292590551246e-07	43
IRF6	-0.185465625	0.00031438342411100565	0.0005053182540394673	96
IRF9	0.14281354166666674	0.00110120936964673	0.00167760119880148	96
IRGQ	-0.3841635416666669	2.130281468787773e-15	1.561973592797505e-14	96
IRS1	0.2589130434782609	0.2467491626739502	0.2806782184434608	23
IRS2	-0.03827397260273972	0.8046060347452868	0.8272953083687553	73
ISCA1	0.15870000000000004	0.0358386693658973	0.04603515848665614	23
ISCA2	-0.40733239436619717	1.6722867741794237e-10	5.111331192696926e-10	71
ISCU	0.11680689655172412	0.008265829379496959	0.011405892494250327	87
ISG15	0.34894479166666664	2.1018160115727573e-05	3.7693353706606864e-05	96
ISG20	-0.11881770833333333	0.005751477785521974	0.008099635697537138	96
ISG20L2	0.5876473684210527	7.920032658148557e-06	1.4829890902461253e-05	38
ISLR	-0.14039895833333324	0.0440594006684293	0.055920264677353795	96
ISOC1	-0.4631406249999997	4.0226223971127694e-17	1.0146387073568828e-15	96
ISOC2	-0.3243552083333333	3.7645837649256884e-10	1.1058052749074623e-09	96
IST1	-0.17954583333333338	1.6199346071549113e-11	5.613709338534246e-11	96
ISY1	0.032016666666666645	0.4581925638215477	0.49636951844739113	96
ISYNA1	-0.3537371428571429	0.00019208568846806884	0.0003154719422110829	35
ITCH	-0.04330625000000001	0.16383386628833174	0.19155827970171097	96
ITFG1	-0.17886027397260273	0.006557043915393414	0.00915148900111804	73
ITGA1	-1.0564260416666666	6.894510760813235e-16	6.319026324357376e-15	96
ITGA11	0.4196384615384615	0.0018998421494354956	0.0028174272724497654	52
ITGA2	0.44949895833333325	6.270760477186444e-14	3.1349129688110177e-13	96
ITGA2B	-0.009790540540540542	0.8822251892018272	0.8965075208887379	74
ITGA3	-0.9493864583333335	8.466614959433632e-17	1.490967226004597e-15	96
ITGA4	-0.07017083333333336	0.4223414659500122	0.460280847150525	24
ITGA5	-1.4975218750000001	4.1781184944487555e-15	2.794861534642379e-14	96
ITGA6	0.09638020833333337	0.12260071367998548	0.14625323401120602	96
ITGA7	-1.7079666666666664	2.3261815024122845e-16	2.8124360258350664e-15	96
ITGA9	-0.9401438356164387	4.569212738008487e-13	1.9699553241272687e-12	73
ITGAL	-0.006740229885057468	0.895511961352307	0.9085119837762934	87
ITGAM	0.44895833333333335	1.5257367313403858e-07	3.3816213183226456e-07	96
ITGAV	-0.32619583333333335	2.671368534302273e-07	5.781358547301274e-07	96
ITGAX	0.5531145833333335	1.175517367374434e-12	4.753795067941578e-12	96
ITGB1	-1.0371927083333339	1.0469522354062322e-15	8.769519898463193e-15	96
ITGB2	0.5810062500000001	8.389093400835202e-12	2.996934378392085e-11	96
ITGB3	-0.8965729166666665	5.1570645595044286e-14	2.6112261229973747e-13	96
ITGB4	0.049586458333333326	0.43312794163826795	0.4710415562410666	96
ITGB5	0.36953333333333327	5.091189900827765e-12	1.877778617078256e-11	96
ITGB6	-1.0206958333333331	1.2514236978313506e-15	1.0139856991244602e-14	96
ITIH1	-0.6481499999999997	9.57693179683239e-11	3.004383048715803e-10	96
ITIH2	-0.76228125	1.7999389885562169e-12	7.099230261154414e-12	96
ITIH3	-0.6996145833333336	1.24326910588093e-11	4.364778875643725e-11	96
ITIH4	-0.8073697916666666	2.0337056087259958e-14	1.1276700947739701e-13	96
ITIH5	-1.4194625000000005	2.1510563878168195e-17	9.541570874547247e-16	96
ITLN1	-1.802982291666666	1.2891082663687595e-15	1.0382505833214894e-14	96
ITLN2	-1.7079	1.450854639438642e-07	3.2177797606591243e-07	43
ITM2B	0.10214666666666668	0.14803249448251146	0.17390124417495523	90
ITM2C	-0.5022316455696203	1.9787189258132588e-10	5.987922992007737e-10	79
ITPA	0.006165625000000004	0.8823429960394003	0.8965075208887379	96
ITPK1	-0.14880416666666665	0.0022233069404295975	0.003276837931314185	96
ITPKB	-1.3229942857142856	5.820766091346741e-10	1.6745934694187514e-09	35
ITPR1	-0.9219802083333336	4.281464974138939e-17	1.0407994743733164e-15	96
ITPR2	0.19342604166666658	4.329124063274325e-05	7.52437651308483e-05	96
ITPR3	0.2999906249999999	1.2195323569824134e-11	4.288177454399901e-11	96
ITPRIP	-0.12492916666666666	0.07208968658216688	0.08880824591989674	72
ITSN1	-0.44585000000000014	3.1707401655878366e-15	2.2158849761384163e-14	96
ITSN2	-0.18874062500000008	5.220001632249097e-10	1.5096749538788893e-09	96
IVD	-0.19519479166666673	3.923346556046869e-06	7.5336887694967465e-06	96
IVNS1ABP	-0.06469367088607596	0.30475672976882295	0.3409961474347954	79
IWS1	0.10944583333333335	0.0003143797853325294	0.0005053182540394673	96
IYD	-0.28130000000000005	0.017848215933021584	0.0237492425019123	63
JAG1	-0.0826620689655172	0.6004574855558895	0.6348044863842519	29
JAGN1	-0.2753728395061728	4.888549039447617e-05	8.457265473350712e-05	81
JAK1	-0.2225208333333333	6.629634945850504e-14	3.3044740603054257e-13	96
JAM3	-1.3112103448275858	4.720134647151574e-15	3.104645426249011e-14	87
JCHAIN	-1.7039958333333336	2.943608038567677e-17	9.541570874547247e-16	96
JMJD6	0.24103799999999992	0.0065794296617329	0.009180822296290771	50
JPH1	-0.5103169230769231	0.0028524578062308634	0.004153926507923348	65
JPH2	-1.6617620689655168	1.1642480923875023e-14	6.949235277426826e-14	87
JTB	-0.04458219178082193	0.8216679384781117	0.8425869035190875	73
JUNB	0.5952765625	4.031146651818351e-10	1.1815186931869514e-09	64
JUND	-0.0718441860465116	0.38507096484067915	0.4231680758584957	43
JUP	0.17297604166666658	0.0004766952491403611	0.0007521515584390128	96
KALRN	-0.2393358974358975	0.00021290583764144524	0.00034821678808787327	78
KANK1	-1.090439772727273	1.0337140742698747e-14	6.2366796081624e-14	88
KANK2	-1.5241718750000002	5.322771716473912e-17	1.1632076692450645e-15	96
KANK3	-0.7135352941176472	6.151931347442928e-10	1.7645706460023344e-09	51
KARS	0.38361041666666656	2.188974018419299e-16	2.680201366477361e-15	96
KAT7	-0.0330438596491228	0.30727375068584306	0.3435260112233496	57
KAT8	-0.0570866666666667	0.27151945972502745	0.3067223531394526	45
KBTBD11	-0.5190854166666666	1.517814476194635e-16	2.1171735511991784e-15	96
KCMF1	0.010906249999999992	0.5368532028379842	0.5738008822431155	96
KCNAB2	0.02258020833333332	0.48290992634266705	0.5205418539285314	96
KCNMA1	-1.038093103448276	6.601493857886161e-14	3.295343920577251e-13	87
KCNMB1	-1.6033230769230766	7.450580596923828e-07	1.5442059074687045e-06	26
KCNN4	0.33862051282051286	0.0002796470829937912	0.00045208488670008315	78
KCTD10	-0.37321142857142864	1.5473558080068963e-05	2.8156252009542357e-05	70
KCTD12	-0.7498208333333332	2.627268789403867e-16	3.0495408837561495e-15	96
KCTD14	0.47296153846153843	1.4089302941219114e-05	2.574213873437882e-05	65
KCTD21	-0.4961080459770116	1.715414499962998e-09	4.699353156493162e-09	87
KCTD5	0.36690606060606057	1.4359597116708755e-05	2.622170306369054e-05	33
KDELC1	0.23245517241379315	0.01904408261179924	0.02528532559718209	29
KDELC2	-0.19300937500000012	7.827491448975144e-08	1.7862122493596681e-07	96
KDELR1	-0.07343272727272727	0.1293886176586492	0.15374924475236937	55
KDELR2	0.6047333333333332	0.0005927568454353604	0.0009259151748604967	39
KDELR3	0.3010466666666665	0.003475155681371689	0.005009630310769802	30
KDM1A	0.2744677083333334	5.163772393081142e-13	2.20380082602935e-12	96
KDM2A	0.04223749999999996	0.47013799343678453	0.5079973905568348	64
KDM3B	0.24192708333333326	2.41101875730664e-14	1.315213135009467e-13	96
KDSR	-0.27724895833333346	3.1202496287003477e-07	6.703091501425114e-07	96
KEAP1	-0.06573854166666666	0.10987342569881893	0.13205675618297674	96
KHDRBS1	0.39008750000000014	2.6269704247490633e-16	3.0495408837561495e-15	96
KHDRBS3	0.08247460317460317	0.23356640056328404	0.2665867610376102	63
KHK	-0.37035454545454544	2.9023091391076205e-05	5.126801478218279e-05	66
KHNYN	-0.029528750000000013	0.4733457345579113	0.5109696754865691	80
KHSRP	0.41582499999999983	2.398271590195859e-16	2.8836774580884603e-15	96
KIAA0319L	0.1042657142857143	0.13608572180138767	0.1608809000115436	35
KIAA0368	0.18135729166666667	3.833103490788857e-12	1.4383303527557524e-11	96
KIAA0391	0.17548965517241372	0.001774287399364517	0.002644090218200032	87
KIAA0907	0.0729975	0.20159339489509875	0.2326264338409387	40
KIAA1143	0.13544761904761907	0.005330291905431359	0.007539941946363841	63
KIAA1191	-0.4063697674418605	6.700088306388352e-08	1.5378341583154108e-07	43
KIAA1211	-0.30483043478260874	0.0014810148917661081	0.0022248385375859426	46
KIAA1217	0.329021875	3.8391071590726144e-13	1.6790462796752394e-12	96
KIAA1324	-0.152171875	0.0803618051017698	0.09836660288775288	96
KIAA1429	0.3461072916666667	7.462937058035763e-15	4.6532383570968346e-14	96
KIAA1462	-0.5498904109589041	2.3305653591774403e-06	4.5825800101762736e-06	73
KIAA1468	-0.1336979166666666	2.6190517308074817e-05	4.650931196926256e-05	96
KIAA1522	-0.4886802083333331	1.1447615137148413e-15	9.4583805363459e-15	96
KIAA1524	0.5115260869565217	0.0008494853973388672	0.0013074552720225877	23
KIAA1671	-0.25245063291139225	4.073933570600901e-07	8.665827623703692e-07	79
KIAA2013	-0.10328958333333332	0.01651964575262286	0.022060171846008513	96
KIF11	0.45558805970149246	5.628018527848311e-07	1.180687188972305e-06	67
KIF13A	-0.4472842105263157	1.7291246389532554e-08	4.216901927567208e-08	57
KIF13B	-0.30422499999999997	3.298825899386937e-11	1.0940100325747384e-10	96
KIF16B	0.0369625	0.679987125053489	0.7103758364970193	80
KIF1B	-0.18914736842105265	0.004505531730484411	0.00642047841542479	57
KIF1BP	-0.2313057471264368	8.647421425797763e-07	1.7763487552258785e-06	87
KIF1C	-0.34740416666666674	1.8151237756122987e-14	1.0216162257200429e-13	96
KIF21A	-0.5002406250000003	3.611115859797891e-15	2.4697500123801493e-14	96
KIF22	0.5309818181818181	0.0025048255920410156	0.0036723939897297148	22
KIF23	0.771605357142857	1.4987394756552178e-09	4.120919320561827e-09	56
KIF2A	0.17833229166666661	3.679884926842421e-06	7.088242312427736e-06	96
KIF3A	0.128975	0.013598570155857675	0.018327201120058083	64
KIF3B	0.20767816091954036	6.867162352495221e-09	1.7531123372484945e-08	87
KIF4A	0.405078125	0.0033791903406381607	0.004877579172835934	32
KIF5B	0.015272916666666666	0.27295046537389533	0.30818321645800467	96
KIFC1	0.20339374999999998	0.08032503305003047	0.0983395340753019	32
KIN	0.05362380952380953	0.37372493743896484	0.4117111010308728	21
KLC1	-0.04805937500000001	0.1605400089654968	0.1879690960121323	96
KLC2	0.14311	0.008640121659613871	0.011897901521828706	80
KLC4	-0.38641874999999976	4.636961469090326e-13	1.995469820149262e-12	96
KLF16	0.36988571428571426	0.0010023117065429688	0.0015335254821429367	21
KLF5	-0.0007384615384615212	0.5973597179276929	0.632127184160393	52
KLHL42	-0.7831513513513514	2.775777829810977e-07	6.001512555656412e-07	37
KLK1	-1.5604999999999996	7.105427357601002e-15	4.4468574759463735e-14	48
KLKB1	-0.6604416666666663	1.212142159689502e-12	4.8960034613828224e-12	96
KNG1	-1.0120125000000002	9.671866542063191e-15	5.872864497933895e-14	96
KNOP1	0.5514969696969697	1.1448515579104424e-05	2.1130148836371822e-05	33
KNTC1	0.20384285714285713	0.06658058298912543	0.08245103802546454	35
KPNA1	0.009007291666666676	0.8278719487535802	0.8480978629085004	96
KPNA2	0.7525229166666668	3.777828059781794e-16	3.954492482619797e-15	96
KPNA3	-0.007036458333333336	0.9708493063492486	0.9743347788028585	96
KPNA4	-0.10891562500000002	0.0009736884786591485	0.0014910924454061235	96
KPNA6	-0.23766249999999997	6.511167604147343e-09	1.6669109366641656e-08	96
KPNB1	0.13917291666666665	1.0979763054096836e-07	2.4644774282347167e-07	96
KRAS	-0.33517222222222226	7.910764338442597e-11	2.5093767350643684e-10	90
KRI1	0.40985402298850576	7.288642447212726e-13	3.0429061716459355e-12	87
KRR1	0.5061677083333332	2.3875936201447454e-13	1.0808613763529754e-12	96
KRT1	-0.11024687500000002	0.06767594829071395	0.08367820440147437	96
KRT10	-0.7752413793103448	3.8570848992724254e-10	1.1319852401233029e-09	87
KRT16	-0.05428461538461539	0.19873619079589844	0.22960583847936672	26
KRT17	0.42036760563380277	0.02469729169691832	0.032400103636023664	71
KRT18	0.9822437499999995	5.752371905546097e-15	3.700159454871406e-14	96
KRT19	0.20654479166666664	0.05983944001376223	0.07467765917535958	96
KRT2	-0.7060060000000001	3.348859145546612e-08	7.916665259856314e-08	50
KRT20	-1.055064583333333	8.138581338956819e-13	3.3642478252040235e-12	96
KRT23	0.6182379746835444	0.001023047161412525	0.001563467746222467	79
KRT3	-0.028724999999999983	0.8983173370361328	0.910944832856018	20
KRT5	-0.41786142857142844	0.004469172467325044	0.006370018713253392	70
KRT7	-0.12764883720930234	0.16844163593532357	0.19656895729519672	43
KRT8	0.48549479166666704	2.1602756526777183e-06	4.274045813569688e-06	96
KRT80	0.6756272727272726	1.2848668527070489e-05	2.3578150204626887e-05	88
KRT9	-0.9754760416666666	5.7487434016049595e-09	1.4799815610655285e-08	96
KRTCAP3	-0.3576875	1.18771268331751e-08	2.9578190023671768e-08	72
KTI12	-0.37592439024390245	0.0005685117894245195	0.0008897003954394918	41
KTN1	-0.04323958333333335	0.11028045911325073	0.13252222822690293	96
KYAT3	-0.3421999999999999	7.462824480759116e-09	1.9003906600425852e-08	78
KYNU	0.4274647887323944	4.3206836094799205e-06	8.283119497966318e-06	71
L1CAM	-1.9761625000000007	1.7810758177901125e-17	9.541570874547247e-16	96
L1TD1	0.2729864864864865	0.745665683280643	0.7720171402978139	37
L2HGDH	-0.04416145833333332	0.03708872486680505	0.04754074419782099	96
L3HYPDH	-0.4656999999999998	1.8192618950260273e-09	4.975714657044279e-09	96
LACTB	0.12148124999999999	0.0011154950778819487	0.0016985602536336798	96
LACTB2	0.32941145833333335	2.385079909243395e-06	4.685651862698079e-06	96
LAD1	0.6149322916666663	2.774902119551445e-15	1.972120584753246e-14	96
LAGE3	-0.12009375000000001	0.12877536239102483	0.1531290156471793	32
LAMA2	-1.0919197916666668	1.838072737468209e-17	9.541570874547247e-16	96
LAMA3	0.1704270833333333	0.10160133703135665	0.122643911534009	96
LAMA4	-1.067571875	2.0083172820025896e-15	1.487333418144642e-14	96
LAMA5	-1.5962802083333336	7.254843360196882e-17	1.3868512389009543e-15	96
LAMB1	-0.69650625	2.6245073899299074e-14	1.425944934270352e-13	96
LAMB2	-1.7999281249999992	7.959843003626542e-17	1.4591727944414426e-15	96
LAMB3	0.5275520833333333	2.46401957098754e-12	9.523322652003947e-12	96
LAMC1	-1.3516114583333338	1.9379446155938129e-16	2.476508652575027e-15	96
LAMC2	0.42428020833333324	2.2407653136571944e-07	4.88105281678333e-07	96
LAMP1	0.3964000000000001	2.842647819201505e-11	9.52613597353791e-11	96
LAMP2	0.22045625000000013	3.376794521753939e-06	6.526912833894317e-06	96
LAMTOR1	0.031246874999999997	0.29009015511400704	0.3262723974283107	96
LAMTOR2	-0.013881249999999996	0.6373507645893857	0.6703223514077737	96
LAMTOR3	0.07360000000000001	0.07218930278252304	0.08891463784981588	96
LAMTOR4	0.059016666666666676	0.15358406109216563	0.1801075801201432	78
LAMTOR5	-0.1164302083333333	0.0013686523730610308	0.0020630103496544873	96
LANCL1	-0.8446645833333338	4.955744195724657e-16	4.889424677811282e-15	96
LANCL2	-0.26784166666666676	1.9247595549207607e-09	5.247140127575531e-09	96
LAP3	0.06722708333333337	0.4374292119480442	0.47541107775140584	96
LARP1	0.38840208333333326	1.3881295085677353e-15	1.1047403170795891e-14	96
LARP1B	-0.221152380952381	0.09579944610595703	0.1162239573101023	21
LARP4	0.43149041095890395	6.785657511731993e-10	1.9380577371736885e-09	73
LARP4B	0.31948125	1.5413399268592625e-13	7.191133219262026e-13	96
LARP7	0.17035833333333336	2.1034421717852844e-05	3.7712435944701956e-05	96
LARS	0.35175937499999993	3.4503764855152956e-16	3.686494303056014e-15	96
LARS2	0.3099875	2.6383242006079116e-11	8.854685873876178e-11	96
LAS1L	0.27913541666666664	3.0245681508307547e-11	1.007038596720771e-10	96
LASP1	-0.09102916666666667	0.064446078465475	0.08005346054894867	96
LBH	-0.42419047619047623	0.0011758804321289062	0.0017840302621331596	21
LBP	-0.39094375	3.9644261593949695e-08	9.312792403144554e-08	96
LBR	0.34348749999999995	7.97749121659633e-11	2.527050013025652e-10	96
LCK	0.02840277777777777	0.8461933203216176	0.8646224468531424	36
LCLAT1	0.06000416666666667	0.14482124576138006	0.17042724746765459	96
LCMT1	-0.17942916666666664	1.7511190909295138e-08	4.265888882006575e-08	96
LCN2	1.0062802083333335	4.142477598464451e-12	1.5465710744628825e-11	96
LCP1	0.20581666666666684	0.0001852223223091272	0.0003047220599244567	96
LCP2	0.2783145833333333	8.747547330339914e-09	2.211277130341013e-08	96
LDAH	0.028116091954023	0.596771259860525	0.6316040988175206	87
LDB1	-0.04216346153846156	0.7777024310309617	0.8018450299349504	52
LDB3	-2.1484010416666677	7.254843360196882e-17	1.3868512389009543e-15	96
LDHA	0.4723854166666667	4.3620728040277866e-12	1.624036983475162e-11	96
LDHAL6B	0.33699687500000014	0.0012600260141173302	0.0019052320326150931	96
LDHB	-0.3994208333333334	2.7504211069108575e-07	5.948605804727576e-07	96
LDHD	-1.020995833333333	3.0571027079446487e-16	3.3957122628477895e-15	96
LEFTY1	0.42997500000000005	0.058573296793890506	0.0732193493926237	20
LEMD2	-0.008517708333333337	0.9228537432059654	0.9331941412701809	96
LEMD3	0.05243020833333336	0.006130228003058146	0.008599421910952506	96
LENG8	0.09872558139534887	0.4470738792665543	0.4855548530741608	43
LENG9	-0.29169130434782614	1.1920928955078125e-06	2.412594641315811e-06	23
LEO1	0.07177159090909091	0.07562002265909482	0.09295249762181515	88
LEPROT	-0.35825897435897447	0.005436195740912808	0.007679814113662672	39
LETM1	0.13653333333333337	0.005008088467165638	0.007104992558593109	96
LETMD1	-0.08697500000000001	0.24508141286787577	0.2790176818141148	36
LGALS1	-1.353428125	3.718291933807622e-15	2.5325909222249073e-14	96
LGALS2	-1.117707142857143	8.885129168334879e-09	2.2435201953465827e-08	56
LGALS3	-0.35514687500000014	1.0017052624126354e-06	2.039587437185545e-06	96
LGALS3BP	0.29036979166666665	3.923492109199826e-06	7.5336887694967465e-06	96
LGALS4	-1.0204531250000002	5.672125408107433e-13	2.406975924287967e-12	96
LGALS8	-0.153387356321839	0.001662768646035165	0.0024839712416499494	87
LGALS9	0.015704166666666672	0.7339688100972548	0.7609637995584118	96
LGALS9C	-0.10882613636363635	0.021630620281350883	0.028527586292035206	88
LGALSL	-0.3656224137931034	1.6155497442431055e-06	3.237372531101253e-06	58
LGMN	-0.2892666666666666	0.00013815614075637786	0.00023005449201651503	96
LHPP	-1.3167145833333331	6.612670537182073e-17	1.3282756477231894e-15	96
LIG1	0.5093406249999999	1.1230411196662414e-13	5.366440791909412e-13	96
LIG3	0.3461416666666666	7.207486443356674e-14	3.5607530595346045e-13	96
LILRB2	-0.2783675675675675	0.0025367570342496037	0.00371596134121847	37
LILRB5	-1.2846489583333334	2.9439635877646154e-17	9.541570874547247e-16	96
LIMA1	-0.18258333333333332	0.00033254363066863063	0.0005331028000372385	96
LIMCH1	-0.44648333333333345	6.913045006177086e-07	1.4385737886613545e-06	54
LIMD1	-0.2832436781609195	1.3901614098951925e-12	5.5681151635742365e-12	87
LIME1	-0.6105142857142858	0.00022479559993371367	0.00036685810750554246	35
LIMK2	-0.12174594594594597	0.015918094813252723	0.021295014576692424	74
LIMS1	-0.6909635416666666	1.2779177302722987e-12	5.155472069992094e-12	96
LIMS2	-1.9481875000000002	1.1169279803454562e-16	1.7510144891372497e-15	96
LIN7C	-0.01566250000000001	0.590425120655392	0.6253808232518195	96
LIPA	-0.1969218750000001	0.019729422999308105	0.026159031403628078	96
LIPE	-0.8353677083333335	6.043129070398437e-08	1.3927637558675065e-07	96
LLGL1	-0.4376561797752809	3.4283958432864557e-13	1.511242293863918e-12	89
LLGL2	-0.09855624999999997	0.025563198150230764	0.033470627710752966	96
LLPH	0.6130884615384616	6.3188048323175e-08	1.4533034494349713e-07	52
LMAN1	0.26706354166666674	3.0015076615392354e-07	6.458489989381844e-07	96
LMAN2	0.16566979166666673	2.655739797862506e-06	5.197595771254245e-06	96
LMAN2L	-0.06938333333333334	0.029956835948553997	0.03884430080766308	96
LMBRD1	-0.09447808219178085	0.06673688737378368	0.082608446013047	73
LMCD1	0.5202083333333333	1.8969025390198912e-10	5.748111623434711e-10	96
LMF2	0.04974583333333334	0.11399422293200819	0.13666676941580466	96
LMNA	-0.39701354166666675	2.2303661283554767e-13	1.0165439099957128e-12	96
LMNB1	0.37639166666666674	1.4972303570661888e-12	5.95078108149115e-12	96
LMNB2	-0.2201208333333332	8.282568973504605e-10	2.34463102292162e-09	96
LMO7	0.7798593749999999	2.6798214807690706e-17	9.541570874547247e-16	96
LMOD1	-2.201246875000001	1.2629507076500393e-16	1.8914347498278047e-15	96
LMTK2	-0.13327714285714284	0.130954785796348	0.15544509163264308	35
LNPEP	-0.2622604166666667	1.8598398049654258e-11	6.36940543721952e-11	96
LNPK	-0.3913104166666666	3.3071584150463185e-15	2.292844196598549e-14	96
LONP1	0.3840125000000001	1.714372761168706e-14	9.723963877819653e-14	96
LONP2	-0.09043589743589744	0.9944965508257155	0.9955352670083147	39
LOX	-0.2765324324324324	0.027497459872392938	0.03584929232100354	37
LOXL1	-0.21191875000000002	0.01781861677529755	0.023714560592237904	80
LOXL2	0.340103125	2.2089102355181708e-05	3.950834116260039e-05	96
LPA	-0.6130260416666667	1.3900861255039677e-10	4.2821009108139627e-10	96
LPAR1	-2.4141927083333314	1.780639734680944e-17	9.541570874547247e-16	96
LPCAT1	0.48500208333333344	1.119545702863367e-10	3.475720555534627e-10	96
LPCAT2	0.33191562500000005	1.6437920279195145e-10	5.028819295627918e-10	96
LPCAT3	-0.24048749999999985	6.391277267807628e-07	1.3337194149213492e-06	96
LPCAT4	-0.32856145833333344	7.036053684783194e-11	2.2446449914983571e-10	96
LPGAT1	0.41902988505747124	9.184691754199188e-11	2.8902484511689657e-10	87
LPIN1	-0.22093695652173914	0.0075938733300517924	0.010511098859359908	46
LPIN3	-0.2979333333333334	0.0019343558106851744	0.0028667093293321924	33
LPO	1.0745	0.005580902099609375	0.007870984272919759	20
LPP	-1.445327083333333	4.527805066995055e-16	4.575111746919782e-15	96
LPXN	-0.19085416666666677	9.873704882538852e-05	0.00016669020145181974	96
LRBA	0.028710416666666665	0.38711385507853946	0.4252041345320762	96
LRCH1	0.07619062500000001	0.016031798913662937	0.021434304286920017	96
LRCH3	-0.15769743589743584	0.0016032951859033147	0.002399934717140861	78
LRCH4	-0.15895937500000007	0.0005884452724551543	0.0009193943486030811	96
LRG1	-1.251496875	9.004649243625281e-17	1.5218958751722538e-15	96
LRP1	-0.26212291666666654	2.4543651866953368e-08	5.8871419512116606e-08	96
LRPAP1	0.34141354166666654	4.3347025352026876e-13	1.8774383026904348e-12	96
LRPPRC	0.4100572916666667	1.521256002868972e-11	5.2853995459595717e-11	96
LRRC1	-0.3897500000000002	4.4828573262971814e-14	2.304746630789156e-13	96
LRRC15	0.9028720000000002	0.001625359058380127	0.0024302504842149035	25
LRRC20	-0.46021199999999995	0.0001398921012878418	0.00023282959750437377	25
LRRC40	-0.4266406249999999	4.416847169224503e-17	1.0659218582132082e-15	96
LRRC41	0.21043333333333328	0.00035318048117166694	0.0005645670355446065	57
LRRC47	-0.058442708333333315	0.003757023197777643	0.0053997147887511155	96
LRRC57	-0.2289020833333332	7.716244631974675e-13	3.203482997272159e-12	96
LRRC59	0.5672229166666666	1.7145439116278756e-14	9.723963877819653e-14	96
LRRC8A	0.08679629629629632	0.3361395001411438	0.3732472536323955	27
LRRFIP1	0.011754166666666656	0.4428405960425217	0.481136446777211	96
LRRFIP2	-0.339146875	4.476292480759695e-12	1.66103131932615e-11	96
LRSAM1	-0.2809833333333334	5.016129731243097e-11	1.630485192195249e-10	96
LRWD1	0.10384430379746837	0.003235101966459143	0.0046806769663520365	79
LSAMP	-1.254376041666667	1.3677880296147267e-15	1.0927095855126882e-14	96
LSG1	0.37006781609195394	1.2148282298348802e-13	5.751787292845597e-13	87
LSM1	-0.20358181818181817	0.0017281625259513325	0.002578790566416257	66
LSM12	0.18299166666666664	2.0862708040052845e-05	3.743458364287631e-05	96
LSM14A	0.1385322916666666	2.019167375741054e-05	3.633743005323694e-05	96
LSM14B	0.5046104166666666	1.6967724727952292e-13	7.850790703436685e-13	96
LSM2	0.19936874999999987	4.580942609348186e-08	1.0693647865733117e-07	96
LSM3	0.22112395833333334	2.0027793497445407e-05	3.605217777686108e-05	96
LSM4	0.3219739583333333	7.691891957656352e-11	2.442257602646307e-10	96
LSM5	-0.0933885057471264	0.24704370613256532	0.2808703989905746	87
LSM6	0.2969010416666666	3.1392098914614996e-11	1.0426609413610257e-10	96
LSM7	0.3742645833333333	1.8969025390198912e-10	5.748111623434711e-10	96
LSM8	0.18538124999999997	1.9737512128155315e-06	3.920040523025282e-06	96
LSP1	0.154784375	0.007042879369208005	0.009790857374226379	96
LSR	0.10772291666666665	0.011327191337267865	0.015414723090040891	96
LSS	-0.064609375	0.011093165172289145	0.015120875093912448	96
LTA4H	-0.21634374999999997	6.234080894740777e-09	1.5994053048877965e-08	96
LTBP1	0.9223499999999999	5.121720184838779e-15	3.3233466259703254e-14	96
LTBP2	0.9775708333333335	2.5483968193168426e-16	3.0051208833513896e-15	96
LTBP3	0.7422645833333332	1.4759112622766303e-10	4.5338318033946483e-10	96
LTBP4	-0.37211354166666655	7.38934481729889e-10	2.1033141442196965e-09	96
LTF	0.98205	2.0591016793124467e-09	5.5974526606593215e-09	96
LTN1	-0.25498125	2.4654798220462347e-08	5.911688393891418e-08	80
LTV1	0.45915	2.5295172618659373e-11	8.510798049076516e-11	80
LUC7L	0.23905189873417718	2.7516118489297366e-05	4.8708611858758844e-05	79
LUC7L2	0.467455	3.0984581137128427e-06	6.007964012976722e-06	40
LUC7L3	0.51195625	9.005176466272906e-17	1.5218958751722538e-15	96
LUM	-1.745021875	2.5169640473458225e-17	9.541570874547247e-16	96
LUZP1	0.10593124999999994	7.985600722017932e-05	0.00013570262219862793	96
LXN	-0.1734468750000001	0.00039308778540789576	0.0006258248581636385	96
LY6E	0.8879655172413794	6.0480087995529175e-05	0.00010382827798413645	29
LY75-CD302	0.22801770833333326	3.001575761945534e-07	6.458489989381844e-07	96
LYAR	0.7829072916666666	2.0847455728212165e-17	9.541570874547247e-16	96
LYN	0.2701114583333334	1.2627844714012092e-10	3.9077587724311405e-10	96
LYPD8	-0.8429155172413793	4.0331643762882686e-07	8.584549429098349e-07	58
LYPLA1	0.21701875000000015	0.005961827992416471	0.008373017375156397	96
LYPLA2	0.06280625000000005	0.19709462994382465	0.22778774716505074	96
LYPLAL1	0.07029479166666666	0.16717767591874133	0.19529775861724458	96
LYRM1	-0.114945	0.14027467950298877	0.16549304027994005	20
LYRM2	0.10898645833333336	0.006130185328419176	0.008599421910952506	96
LYRM4	0.02458354430379749	0.17427104092499124	0.20297284353164136	79
LYRM7	-0.12191800000000004	0.4146678495891266	0.45265320580759033	50
LYVE1	-2.0194728813559317	2.3900953516978203e-11	8.074093511853311e-11	59
LYZ	0.9206729166666668	3.933892288343308e-12	1.471973416759356e-11	96
LZIC	-0.389809375	2.190750514109869e-12	8.550171727261845e-12	96
LZTFL1	-0.011649999999999999	0.6478228198529727	0.6804827459517135	96
LZTS2	-0.12702666666666668	0.11417667381465435	0.13686105138869323	30
M6PR	0.2251729166666666	1.678364011154253e-08	4.1020561569522345e-08	96
MACC1	0.3700782608695652	0.06051826477050781	0.07549591638998455	23
MACF1	-0.001028125000000006	0.6583650296650801	0.6903674560836234	96
MACROD1	0.09071041666666667	0.028337185637363736	0.03688672457141508	96
MAD1L1	0.24401562499999996	1.4971666080104995e-12	5.95078108149115e-12	96
MAD2L1	0.48433483146067435	4.676747497963322e-11	1.5290594036957078e-10	89
MADD	0.10087272727272728	0.304337490350008	0.34064067780417145	33
MAEA	-0.09217575757575758	0.24908834253437817	0.28300316512500306	33
MAGED2	0.3825687500000001	7.977778994765734e-11	2.527050013025652e-10	96
MAGI1	-0.6361380952380951	9.5367431640625e-07	1.948295063571721e-06	21
MAGOHB	0.48123541666666675	8.249238401967553e-16	7.253491538505938e-15	96
MAGT1	0.3209239583333333	5.0746644486013e-13	2.1712961598001354e-12	96
MAIP1	0.157665625	0.00024356960660981767	0.0003958596150061208	96
MAK16	0.5598770833333335	5.4278970219992775e-15	3.511827159914786e-14	96
MALSU1	0.33340158730158725	3.513500254263668e-06	6.7813789429962455e-06	63
MAMDC2	-1.2275279999999997	1.3535839116229909e-12	5.4378409958554765e-12	50
MAN1A1	-0.4158833333333333	3.3078545616247236e-15	2.292844196598549e-14	96
MAN1A2	-0.035039506172839505	0.9418233402500547	0.9499924211743526	81
MAN1B1	0.22535833333333322	1.076148265377373e-07	2.4171003389410095e-07	96
MAN2A1	0.03853854166666665	0.485193487043455	0.5227502085755106	96
MAN2B1	-0.29334270833333315	1.8863904548306477e-06	3.7543143166593936e-06	96
MAN2C1	-0.5469958333333335	4.416847169224503e-17	1.0659218582132082e-15	96
MANBAL	-0.15599661016949154	0.09306814706154745	0.11309440294075744	59
MANF	0.19099791666666668	6.294475577156573e-05	0.00010793052333050228	96
MAOA	-1.1561552083333337	6.025559054656059e-17	1.2594351823502686e-15	96
MAOB	-1.3799302083333336	1.781293897222056e-17	9.541570874547247e-16	96
MAP1A	-0.9174250000000002	2.068359055563178e-15	1.521640548457253e-14	96
MAP1B	-1.3080937499999998	7.717795458902494e-17	1.4382969370493566e-15	96
MAP1LC3A	-1.2605499999999998	5.581734167814e-10	1.6106604099726506e-09	52
MAP1LC3B2	-0.35804374999999994	2.1707235499362497e-05	3.888754151274312e-05	64
MAP1S	-0.009740624999999998	0.9127031356744032	0.9239968006383991	96
MAP2K1	-0.125646875	0.0014580558769224368	0.002191329945849603	96
MAP2K2	-0.20142187500000006	2.8111532763906703e-13	1.2556609408325573e-12	96
MAP2K3	0.1333927083333333	0.0013939012596521606	0.0020986722511235067	96
MAP2K4	-0.44230208333333326	1.0502616328383419e-16	1.677961351147697e-15	96
MAP2K6	-0.7415552083333332	5.588866046806087e-16	5.3876127860224965e-15	96
MAP2K7	-0.5241363636363634	3.7988900308545976e-12	1.4286296646302407e-11	88
MAP3K7	-0.18843409090909088	2.4766181409631156e-07	5.373748741177731e-07	88
MAP4	-0.40466354166666646	7.121996607533989e-13	2.975315564174588e-12	96
MAP4K3	-0.2477421052631579	0.0008348528639353625	0.001286409706968844	57
MAP4K4	-0.30822954545454545	0.002627148448969234	0.0038396906797314883	88
MAP6	-1.9025436619718306	3.0070444336810066e-13	1.334975860993227e-12	71
MAP7	0.21433124999999997	0.0001302087583172063	0.00021763093162684033	96
MAP7D1	-0.33909062500000003	3.148965755296525e-09	8.363583235266979e-09	96
MAPK1	-0.3468489583333334	1.1877631999317596e-16	1.827684245032609e-15	96
MAPK13	0.25857291666666665	8.733564245847357e-07	1.791849618513453e-06	96
MAPK14	0.07746875000000002	0.026049348569546403	0.03405399055983765	96
MAPK3	-0.42740520833333345	1.1110567502970619e-15	9.226852255529744e-15	96
MAPK8	-0.04286511627906975	0.4051423721491574	0.44297590853140434	43
MAPK9	-0.4005541666666667	6.892608206670221e-16	6.319026324357376e-15	96
MAPKAPK2	0.009229166666666679	0.4738397622309384	0.5113384212332903	96
MAPKAPK3	0.17737974683544308	8.502648168257039e-06	1.5858845304652897e-05	79
MAPKAPK5	-0.08486874999999999	0.22777586038912445	0.26073165796803205	32
MAPRE1	-0.1615885416666667	0.001860460313759891	0.0027614664258882983	96
MAPRE2	-0.20836666666666667	4.359384546810837e-06	8.34677823189324e-06	96
MAPRE3	-0.8734424657534243	6.312707007476094e-13	2.6591976575350532e-12	73
MAPT	-1.717194252873563	5.459774333490906e-16	5.301354140792202e-15	87
MARC1	-0.44588850574712646	2.4697678353429485e-09	6.651815498721735e-09	87
MARC2	-0.7833999999999999	3.7792285297572115e-17	9.90542416694273e-16	96
MARCH5	-0.1484204545454545	0.0011058590219315113	0.0016842697339701498	88
MARCKS	-0.7580531250000003	6.690373874712319e-16	6.1744426685183154e-15	96
MARCKSL1	0.49094479166666655	5.469003179252597e-10	1.5788099109124644e-09	96
MARK2	-0.17485416666666673	5.007971284583434e-09	1.2962376291770932e-08	96
MARK3	-0.18242222222222226	0.0007638119859620929	0.0011804686970328683	36
MARS	0.40066145833333344	1.4945957287299303e-16	2.1171735511991784e-15	96
MARS2	0.07146857142857141	0.20937235279174504	0.24107905297474416	70
MAT2A	0.017858333333333334	0.2917591234147028	0.32798457757862615	96
MAT2B	-0.13193020833333338	0.0009673904766259506	0.0014821243908845632	96
MATN2	-1.5325916666666666	1.8969845600084223e-17	9.541570874547247e-16	96
MATR3	0.41645	2.7079309899607593e-16	3.1219193497856134e-15	96
MAVS	-0.22228124999999996	1.6208966047187693e-06	3.247117145732524e-06	96
MAX	0.11801250000000006	0.000503463659952143	0.0007928961724457575	96
MAZ	-0.0707095238095238	0.6125735381250518	0.6464929789650736	42
MB	-0.84103	1.8629980589316485e-08	4.5236532672357693e-08	60
MBD1	0.060059090909090895	0.10027093917996735	0.12125409714462886	88
MBD2	-0.056649438202247195	0.2290352729449644	0.2620391620374772	89
MBD3	0.6068557142857142	1.061774098215413e-10	3.307076334692296e-10	70
MBNL1	-0.043881250000000004	0.16886833529666756	0.19699837619637328	96
MBNL2	0.7762518518518519	1.7546885598506403e-14	9.934350673449744e-14	81
MBOAT1	-0.43811818181818185	0.0008091926574707031	0.0012477300710114795	22
MBOAT2	0.021245000000000024	0.9734926504152099	0.976549370758918	40
MBOAT7	-0.068603125	0.013918759693001497	0.018743668964341036	96
MBP	-0.2903260416666666	0.0033417811333619316	0.004826697443213176	96
MCAM	-1.6354312499999992	3.442059759542229e-17	9.764418690273611e-16	96
MCAT	0.11279375000000003	0.002698119744492548	0.003940288499303549	96
MCCC1	-0.1616083333333332	6.904744312624452e-05	0.00011790259504555218	96
MCCC2	0.18352708333333326	0.002420669510492106	0.003551428049530825	96
MCEE	-0.4172322916666668	1.6966941688263375e-13	7.850790703436685e-13	96
MCFD2	0.6573812500000001	1.186715381091992e-13	5.622913560453155e-13	96
MCL1	-0.13380454545454545	0.042498111724853516	0.05413325072375968	22
MCM2	0.5381249999999997	2.8814525962187974e-12	1.1059305187661278e-11	96
MCM3	0.7085385416666673	2.489325989885923e-16	2.9611503663377053e-15	96
MCM3AP	0.19721428571428565	0.006283215144789698	0.008793093534917414	56
MCM4	0.6877125000000001	1.2147588522623013e-15	9.903109851059257e-15	96
MCM5	0.666917708333333	1.0786235090603964e-15	8.989912100574704e-15	96
MCM6	0.7322729166666667	2.8341647261075866e-16	3.2227815504162373e-15	96
MCM7	0.5739406249999998	1.494473524313936e-15	1.1703229216451329e-14	96
MCMBP	0.1827760416666667	1.2996750910708543e-08	3.213977215626378e-08	96
MCRIP1	0.06483181818181818	0.23733150551948845	0.2707459735640619	88
MCRIP2	0.1329585714285714	0.08167931388201817	0.09988817295560697	70
MCRS1	0.16719499999999998	0.16495704650878906	0.19283792037418815	20
MCTS1	0.10061562500000004	0.0003099907142610305	0.0004990947208968691	96
MCU	0.08635937500000003	0.05836656993830941	0.07300199990100635	96
MCUB	0.0704315789473684	0.2677078712837242	0.3026714035123872	57
MCUR1	0.11655949367088607	0.13479879190677843	0.15955629761866205	79
MDC1	0.1975177083333333	7.483646871383377e-08	1.7118236229154818e-07	96
MDH1	-1.0302083333333332	2.1513184310660033e-17	9.541570874547247e-16	96
MDH2	0.3287531250000001	2.868095078861419e-09	7.663102303497116e-09	96
MDK	0.5133802083333332	9.089747663216466e-10	2.564470860913342e-09	96
MDN1	-0.07058169014084507	0.3444430087040198	0.38152024853809946	71
ME1	-0.17284374999999993	0.005797770784828485	0.008156268441059825	96
ME2	-0.3043739583333333	2.3291982024604864e-11	7.880577861035899e-11	96
ME3	-0.229125	1.1589364930468613e-05	2.1372470950663532e-05	96
MEAF6	0.04890357142857142	0.5075842142105103	0.5456469304820243	28
MECP2	-0.82458125	2.4390889433230246e-17	9.541570874547247e-16	96
MECR	0.094878125	0.11441354333719594	0.13707151111593707	96
MED1	-0.028945679012345682	0.5520169674870105	0.5883211810755128	81
MED10	-0.054878	0.878334307774896	0.8936525433518011	50
MED14	0.2576224137931034	2.7591966633074854e-05	4.882999317892356e-05	58
MED15	0.07558750000000007	0.09454874164886312	0.11474810197580004	64
MED16	0.2590192982456141	2.817420506338104e-06	5.491596216450419e-06	57
MED17	0.17875517241379307	0.01678590476512909	0.02239344503266078	29
MED18	0.009141379310344835	0.690091481247249	0.7192517861873222	58
MED20	0.10472777777777781	0.21661982431198468	0.24893840378710264	54
MED21	0.12180000000000006	0.035895520372037026	0.04609935799693653	45
MED22	-0.09312739726027397	0.2775810431877771	0.31304273302181823	73
MED23	0.2381958333333333	3.5739867374657325e-08	8.419418412306097e-08	96
MED24	0.2222438596491228	3.3522566145734274e-06	6.481351477571505e-06	57
MED28	0.022333333333333347	0.8381938934326172	0.8573628344319909	21
MED4	-0.3062432835820895	1.677879291986295e-05	3.041581240188072e-05	67
MED8	0.1380661971830986	0.003168849177162763	0.004589768810359451	71
MEMO1	-0.03076979166666668	0.611085087495155	0.6453281681103409	96
MEN1	0.009727083333333343	0.36731778078889477	0.4055183464394759	48
MEP1A	-0.5685510416666668	1.0132038428882771e-07	2.2811801735333994e-07	96
MEPCE	0.32995	1.0408273426131167e-11	3.682769226836054e-11	96
MESDC2	-0.04249166666666667	0.8636320250054732	0.8812330427014022	96
MEST	0.12843281250000002	0.21725952457755016	0.24958934237899846	64
MET	0.41656551724137936	1.0370243665092415e-07	2.332348801512069e-07	87
METAP1	0.032278125	0.18466922813785547	0.214239296485712	96
METAP2	-0.02598645833333334	0.5428935286853185	0.5793339723158584	96
METTL1	0.5685166666666664	1.1792806928936311e-15	9.690782719986241e-15	96
METTL13	0.1338125	9.948509988246265e-05	0.00016778419686059375	96
METTL14	0.008385714285714286	0.8902414071082241	0.903711544906805	49
METTL15	0.06857462686567166	0.08357296141055019	0.10205515072868243	67
METTL16	-0.16140000000000004	0.07433860130646508	0.09144438506877048	45
METTL17	0.03681935483870969	0.7793471785262227	0.8031705408191134	31
METTL26	-0.25652187500000007	5.119125949808394e-09	1.323986738522148e-08	96
METTL3	-0.07410624999999998	0.13123992297892903	0.15572844769466482	96
METTL7A	-1.1860666666666668	1.781293897222056e-17	9.541570874547247e-16	96
METTL7B	-0.13555520833333334	0.018151363637708178	0.024133471788621515	96
MFAP1	0.2889854166666668	9.649163402519586e-12	3.428961661314701e-11	96
MFAP2	0.27855937499999994	0.005240060655484591	0.00742305045136109	96
MFAP4	-0.6653000000000001	4.359304421154593e-06	8.34677823189324e-06	96
MFAP5	-1.5047333333333333	2.2201230175697066e-17	9.541570874547247e-16	96
MFF	0.15499270833333334	8.008713615972067e-07	1.6507402040429557e-06	96
MFGE8	-0.014065625000000017	0.9359231256988421	0.9446530715158071	96
MFN1	-0.09321770833333333	0.006062309858645144	0.008512355973555936	96
MFN2	-0.2596833333333334	3.0353136207335817e-12	1.1603372696012307e-11	96
MFSD10	0.07410416666666665	0.03238704471846375	0.04181768341342827	96
MFSD6	-0.41685915492957726	7.560564814703356e-11	2.4028341706226816e-10	71
MGAT1	0.09496666666666664	0.005269649048253814	0.007463389374020442	96
MGAT2	0.03511363636363636	0.6788630485534668	0.7094224599291602	22
MGAT5	0.8039406250000001	8.208891654003958e-17	1.480556103538025e-15	96
MGEA5	-0.09081041666666667	0.017020298979190097	0.02269711505692434	96
MGLL	-0.5048989583333333	8.940132877723061e-12	3.185560716476748e-11	96
MGME1	0.3056174603174603	0.0014053801874548818	0.0021154802956326684	63
MGMT	-0.22557708333333337	5.184444419484338e-05	8.950704480267736e-05	96
MGP	-1.2887080459770117	8.772744115351073e-13	3.6108184214656657e-12	87
MGST1	-0.21170624999999998	0.01434961245383705	0.019285166256569064	96
MGST2	-0.0922822916666667	0.02886834571533518	0.037527345098159776	96
MGST3	0.06861041666666663	0.32650196824046407	0.363870715103866	96
MIA2	0.027526041666666664	0.28265765557975175	0.31828637315954256	96
MIA3	0.18676041666666676	1.4721461145566303e-05	2.6860561007779257e-05	96
MIB1	-0.2079375	0.08708288822633924	0.10618667704662123	32
MICAL1	0.04451354166666665	0.13358925417625828	0.15832013889215982	96
MICAL2	-0.014567948717948705	0.978145373798	0.9804836863604934	78
MICAL3	-0.3227770114942528	4.816011070365884e-09	1.250410923803588e-08	87
MICALL1	-0.8239322916666665	6.493271514505173e-16	6.02724797378804e-15	96
MICALL2	0.08210000000000003	0.01262871770865859	0.017106009914676052	96
MICU1	0.025621875000000002	0.5501867449694049	0.5866501703750377	96
MICU2	0.005665625000000003	0.7120636178576889	0.7399682175042185	96
MID1	-0.5588447916666667	2.4804150874994523e-14	1.350739027762486e-13	96
MIEF1	0.031558227848101264	0.4725111654018759	0.5102329645390609	79
MIEN1	-0.38825340909090916	2.949961698603378e-11	9.851315597775043e-11	88
MIER1	-0.3803241379310346	2.8656126293638407e-11	9.59830011502846e-11	87
MIF	0.11175520833333334	0.017534595833202507	0.023350457214163484	96
MIF4GD	-0.3897208333333333	1.1676788594116565e-08	2.9111696275707185e-08	96
MINDY1	-0.6263977272727272	1.743577513479977e-07	3.8390750042458695e-07	44
MINDY3	-0.4362285714285714	2.2873282432556152e-06	4.506809158297188e-06	28
MINK1	-0.25891979166666684	6.951892081647974e-09	1.7740678575799263e-08	96
MINOS1	0.12288333333333333	0.10076464317042039	0.12182915679047583	78
MINPP1	0.12456499999999997	0.004799059687664093	0.006821375306046272	80
MIOS	-0.20834375000000005	5.683353931596103e-08	1.3134891251556745e-07	96
MIPEP	0.577740625	6.690373874712319e-16	6.1744426685183154e-15	96
MISP	0.03394270833333334	0.5320451275474674	0.5692059895895325	96
MISP3	-0.12026874999999998	0.019253298320242203	0.025542886776844954	96
MKI67	0.9065333333333335	5.663591188903135e-17	1.2062550249635281e-15	96
MKL2	0.03132571428571429	0.8217388746050662	0.8425869035190875	70
MKRN2	0.008582291666666667	0.9127033533806335	0.9239968006383991	96
MLEC	0.4877427083333333	5.121986005743504e-15	3.3233466259703254e-14	96
MLF2	-0.006719540229885057	0.5422168639953013	0.5788881191191083	87
MLKL	0.6350916666666667	8.731290351337192e-17	1.5060435120994909e-15	96
MLPH	-0.8379845070422536	5.0620048422310796e-08	1.1783827372147229e-07	71
MLST8	-0.10925750000000004	0.00702802504908679	0.00977425788854131	80
MLYCD	-0.21877708333333326	7.42050655613536e-09	1.890777762442542e-08	96
MMAA	0.07052812500000001	0.14431766760575837	0.16992404913426343	96
MMAB	0.12156666666666667	0.013158369272761799	0.01776604939644977	96
MME	0.0507506329113924	0.8565076291977529	0.8743623987047663	79
MMGT1	0.26523783783783783	1.0079614421864647e-07	2.2707902335893187e-07	74
MMP1	0.9277614035087723	3.915196714738732e-07	8.341395604694238e-07	57
MMP11	0.48635937500000004	0.0099095250479877	0.013570729444161968	32
MMP12	0.2257068181818182	0.06115335349978856	0.07624565111133273	88
MMP14	0.46191354166666665	1.2033311974786687e-10	3.727215606594824e-10	96
MMP2	0.2744052083333333	0.0005612734459913142	0.0008789877565722985	96
MMP8	0.68503	0.005831649234096403	0.008202208534916723	40
MMP9	0.5104520833333331	2.7036850812428745e-06	5.285263173093952e-06	96
MMRN1	-0.6184373333333332	3.9490534591382163e-11	1.3012868201060065e-10	75
MMRN2	-0.5724593750000003	4.476292480759695e-12	1.66103131932615e-11	96
MMS19	0.08402395833333332	0.0027801460017640735	0.004053901222741832	96
MNAT1	0.23650888888888894	0.000163476488694414	0.0002708727494815568	45
MNDA	0.729715625	5.967439439460702e-09	1.534517102312834e-08	96
MOB1A	-0.04942916666666666	0.1317066920739091	0.15619943382072762	96
MOB2	-0.5694010416666668	2.942722497686905e-15	2.0803714685965698e-14	96
MOB3A	-0.4273076923076924	1.267419001721941e-07	2.8258936798113994e-07	65
MOB4	-0.04281666666666667	0.3485880618129885	0.3859694223324874	96
MOCS2	-0.5134772727272728	9.329598803696387e-13	3.8119536159560945e-12	88
MOCS3	0.14603125000000006	0.0040282294723837	0.005770956978480086	96
MOGAT2	-0.9698904761904762	0.0002139325487926306	0.0003497255043493564	21
MOGS	0.13564166666666663	3.0602533397888475e-07	6.578417063967759e-07	96
MON1B	-0.1744203125	0.0005590061424897077	0.000875641421892003	64
MON2	-0.171165625	1.7988601771602858e-09	4.9219220752725764e-09	96
MORC2	0.3601656716417911	7.028769658216524e-10	2.0053163886996416e-09	67
MORC3	0.015526436781609195	0.5763832564329154	0.6118600106658908	87
MORF4L1	0.22151917808219176	1.5526230015827233e-05	2.8244435243000247e-05	73
MORF4L2	0.32760625000000004	4.533976983293303e-08	1.0591382862435506e-07	96
MOSPD2	0.39568627450980376	1.2011012156020269e-06	2.4293602820241177e-06	51
MOV10	0.1680614583333333	4.6102109304617874e-05	7.988095333798588e-05	96
MOXD1	-0.3339037735849056	0.010119232385194875	0.013838143104825198	53
MPC1	-0.7771641025641025	6.955451681278646e-08	1.5931760098906942e-07	39
MPC2	-0.4170427083333333	6.230348767260698e-13	2.6306639249197633e-12	96
MPDU1	-0.32367083333333335	6.153517511390842e-06	1.1632558180873812e-05	96
MPG	0.08925833333333329	0.006922790915441572	0.00963589299827749	96
MPHOSPH10	0.7837447916666664	2.0202061895772765e-17	9.541570874547247e-16	96
MPHOSPH6	0.17131206896551732	0.0016049436130004741	0.0024013306645004865	58
MPHOSPH8	0.13527916666666667	0.0001722114735878515	0.0002847204816274808	96
MPI	-0.6684479166666666	3.1338471737606277e-17	9.689515323513995e-16	96
MPO	1.0061541666666667	1.3249184647756863e-10	4.0924852579097973e-10	96
MPP1	-0.5535312499999998	4.741586668892336e-14	2.424642146463314e-13	96
MPP5	-0.16931249999999998	0.009381349105751724	0.012876323885124451	40
MPP6	-0.07054576271186441	0.22428061885328499	0.256949909816716	59
MPP7	-0.4964583333333332	1.3068361141052563e-13	6.165656462399553e-13	96
MPRIP	0.13782291666666668	0.0012761924107867223	0.0019283727216144412	96
MPST	-0.20458750000000014	0.0025559645499851668	0.00373919890227878	96
MPV17	-0.11572187499999999	0.01571347242491109	0.021033856045237134	96
MPZ	-2.054782954545455	1.0391999578463224e-15	8.736832728309495e-15	88
MPZL1	-0.21043098591549295	0.0002804537225379356	0.00045327969754444946	71
MRC1	-0.8452239583333331	6.997323695161637e-16	6.395782652702919e-15	96
MRC2	-0.08004062499999998	0.27777538576379457	0.3131566229355231	96
MRE11	0.315703125	3.0465082777629553e-10	9.019869389016624e-10	96
MRFAP1	0.017169696969696963	0.7509265027474612	0.776385561247144	33
MRGBP	0.02511500000000001	0.7561664581298828	0.7808405060171438	20
MRGPRF	-1.38818125	7.717795458902494e-17	1.4382969370493566e-15	96
MRI1	-0.27406145833333323	1.2392864789145838e-05	2.277286493299902e-05	96
MRM1	0.3306505617977529	5.345958404574693e-08	1.23846805719239e-07	89
MRM3	0.1573125	0.0006168636293779705	0.0009617797093880558	96
MROH1	-0.06054687499999999	0.043076743964326085	0.054755944535176904	96
MRPL1	0.24683854166666674	7.360756446793918e-07	1.5265321484247418e-06	96
MRPL10	0.38394583333333326	1.434643071865709e-09	3.9511577870061746e-09	96
MRPL11	0.2892187500000001	4.898878730583539e-09	1.2701096412990749e-08	96
MRPL12	0.31246354166666673	2.2563530984519065e-08	5.4277063239561995e-08	96
MRPL13	0.14927812500000004	3.7847979196376346e-05	6.614276958283118e-05	96
MRPL14	0.15406666666666666	0.0046504360240746225	0.006618535274823217	96
MRPL15	0.3166458333333333	3.1504582938049177e-07	6.761645105042707e-07	96
MRPL16	0.26704687499999996	8.365803914412018e-08	1.9013403747657195e-07	96
MRPL17	0.2555624999999999	1.488843571537876e-06	2.9915098896219257e-06	96
MRPL18	0.11899479166666667	0.0061987443357393755	0.00868393730392054	96
MRPL19	0.19631458333333332	3.523619136600732e-05	6.175631224530231e-05	96
MRPL2	0.23519791666666667	1.6038419626391138e-05	2.914457130917068e-05	96
MRPL20	0.3293343750000001	2.08627654650842e-10	6.293538377034618e-10	96
MRPL21	0.19099687500000004	0.0003143797853325294	0.0005053182540394673	96
MRPL22	0.15525312500000002	0.0001948696569998468	0.00031973111489654493	96
MRPL23	-0.018233333333333338	0.9446458333523727	0.9523108784314153	96
MRPL24	0.12901875	0.005637635669784776	0.007949326966915944	96
MRPL27	0.22907500000000003	3.4066246783065464e-06	6.581273116139488e-06	96
MRPL28	0.2821145833333334	2.6832948620055832e-05	4.756202174159962e-05	96
MRPL3	0.3660874999999999	5.0264985498972616e-12	1.855959205903177e-11	96
MRPL30	0.3175927083333334	2.073940440491734e-08	5.0069961563898045e-08	96
MRPL32	-0.05514687500000003	0.6689753368571553	0.7009457340269647	96
MRPL33	0.20332405063291134	0.0018515629924909945	0.002752522959588319	79
MRPL34	0.272457142857143	2.473407002271243e-05	4.406289850833183e-05	56
MRPL35	0.1428644444444445	0.01888316564867428	0.02507663466685585	45
MRPL37	0.15942500000000004	0.00042708496554870766	0.0006778597193911237	96
MRPL38	0.2841906249999999	1.2974853600614238e-06	2.6179937686171707e-06	96
MRPL39	0.33277187499999994	1.3857148086085959e-08	3.420441740601571e-08	96
MRPL4	0.1159677083333333	0.007193569570483968	0.009977601457179438	96
MRPL40	0.15773645833333336	6.103264679297982e-05	0.0001047500709475829	96
MRPL41	0.2579145833333334	4.3284187981592883e-07	9.186764225514288e-07	96
MRPL42	0.21531931818181815	2.61603061630489e-05	4.6467962416705074e-05	88
MRPL43	0.17971458333333334	0.00016243264832874194	0.0002692761644767803	96
MRPL44	0.2940520833333333	1.1089830145024984e-07	2.488350182039218e-07	96
MRPL45	0.3888583333333333	1.501204540443097e-09	4.1260062522870696e-09	96
MRPL46	0.27448333333333325	6.231274541584186e-08	1.433663268158035e-07	96
MRPL47	0.3046895833333333	1.4156055368692205e-08	3.491653509873383e-08	96
MRPL48	0.08415056179775283	0.0267294181648235	0.034909025981662616	89
MRPL49	0.3145958333333334	3.574080136868052e-08	8.419418412306097e-08	96
MRPL50	0.11898645833333338	0.00993393266267665	0.013598687872828223	96
MRPL51	0.3035802083333334	4.947547249227618e-07	1.0435026979455943e-06	96
MRPL52	0.10671354166666669	0.8665058384859148	0.8837623002261829	96
MRPL53	0.2875739583333333	7.78663251723098e-07	1.6089877537989921e-06	96
MRPL54	0.10514687500000001	0.12171816888094691	0.1453037713562763	96
MRPL55	-0.03435833333333334	0.8207600979598764	0.8418407711068325	96
MRPL57	0.45283333333333325	0.000283263623714447	0.0004576006866121418	30
MRPL58	0.2567385416666667	2.1546918983902764e-07	4.704141863423483e-07	96
MRPL9	0.20942500000000008	0.00020947189228444192	0.00034285116500032224	96
MRPS10	0.2613229166666668	4.3283231522954474e-07	9.186764225514288e-07	96
MRPS11	0.11038965517241381	0.061384139908113346	0.0764765449663013	87
MRPS12	0.193616091954023	0.0017870749669595793	0.002661373130595298	87
MRPS14	0.029889655172413782	0.7381088437921894	0.7647833564481543	87
MRPS15	0.2614864583333333	8.730216870128039e-09	2.2077280430338867e-08	96
MRPS16	0.13151145833333336	4.683071731330113e-05	8.108177175726418e-05	96
MRPS17	0.3399989583333333	6.801985296691459e-09	1.737184425664718e-08	96
MRPS18A	0.20083750000000003	0.00010252565573016629	0.0001726951102921631	96
MRPS18B	0.11594895833333331	0.005733182453396775	0.008075680133088459	96
MRPS18C	0.499646551724138	2.8652620393487933e-06	5.578364196747258e-06	58
MRPS2	0.4158375	8.358358671138622e-13	3.4509950534932586e-12	96
MRPS21	0.23082758620689664	0.00013825167532923656	0.00023015644907787794	87
MRPS22	0.25832604166666673	3.8034658641433645e-08	8.950351624881738e-08	96
MRPS23	0.2512812499999999	1.2855562205108903e-06	2.5956434106819457e-06	96
MRPS24	0.20080249999999994	0.006096451763369259	0.008558504892329852	40
MRPS25	0.26900104166666666	2.522222311783971e-10	7.557654975327673e-10	96
MRPS26	0.3939666666666668	2.4872848905631773e-13	1.118495575461871e-12	96
MRPS27	0.20950833333333332	1.2256824595415136e-07	2.7373846940958767e-07	96
MRPS28	0.2880927083333332	5.042575324359627e-07	1.062232852270219e-06	96
MRPS30	0.317265625	4.792944836566787e-09	1.2449038679259222e-08	96
MRPS31	0.26925416666666674	3.8208485546704055e-07	8.150738617896264e-07	96
MRPS33	0.2510031249999998	2.9082843227279387e-05	5.136004085596668e-05	96
MRPS34	0.3421625000000001	4.792944836566787e-09	1.2449038679259222e-08	96
MRPS35	0.37748541666666674	1.4582825414594365e-12	5.816657295274292e-12	96
MRPS36	-0.28285833333333327	1.92182545312705e-12	7.557753203416986e-12	96
MRPS5	0.32622812500000004	9.97991435575485e-10	2.7967938768905298e-09	96
MRPS6	0.17798645833333337	4.8699248295200226e-05	8.427218385671868e-05	96
MRPS7	0.3073250000000001	3.973987448966694e-09	1.0418711135255001e-08	96
MRPS9	0.18445520833333331	0.0003718421744430027	0.0005934151675851616	96
MRRF	0.2305635416666668	0.0003718421744430027	0.0005934151675851616	96
MRTO4	0.7631270833333333	4.7001234215024505e-17	1.106491511106878e-15	96
MRVI1	-1.0788281250000002	3.1514680089528913e-16	3.471789634165016e-15	96
MSH2	0.36616145833333325	3.1095323433827426e-14	1.6585783290753068e-13	96
MSH3	0.05648749999999995	0.03209262172176424	0.04145906405800987	96
MSH6	0.5301770833333331	1.9214069737789795e-14	1.0724392168954387e-13	96
MSI2	0.5676635416666668	5.608016090582079e-14	2.820403294731272e-13	96
MSMO1	0.6910865384615387	3.986002843069408e-08	9.36020058598273e-08	52
MSN	-0.557009375	1.401598093332051e-12	5.607467511593939e-12	96
MSR1	0.20062739726027398	0.036454614677580495	0.04675473329609779	73
MSRA	-0.31399230769230774	1.944424387244772e-06	3.862938470247312e-06	78
MSRB2	-0.2923468749999999	2.6354318971092792e-08	6.307924579987925e-08	96
MSRB3	-1.7074402298850573	2.3176902187806778e-15	1.6810144516540074e-14	87
MST1	-0.36139285714285707	0.0008415255861109472	0.0012957987507960396	42
MST1R	-0.09833333333333334	0.1422636800489272	0.16768219069716314	39
MSTO1	0.2012404761904762	0.004894973111277068	0.006953287021714556	42
MT1F	-1.7668885714285714	3.1514341833716756e-11	1.0461638761128438e-10	70
MT1G	-1.2875052083333332	3.826406874040363e-11	1.2627330899132707e-10	96
MTA1	0.10060253164556962	0.005005763467867644	0.007104992558593109	79
MTA2	0.3512197916666666	9.864945994908218e-16	8.335961833523904e-15	96
MTA3	0.02973749999999999	0.49838183943939596	0.5364421243059373	56
MTAP	-0.5381739583333333	9.30070610806465e-10	2.6173841140522542e-09	96
MTCH1	-0.14567291666666665	0.00012177557495292887	0.00020378955658747813	96
MTCH2	0.22039062499999992	4.514642485234023e-06	8.631728821155617e-06	96
MTDH	0.24616249999999992	1.5371328465571109e-12	6.102144537012815e-12	96
MTERF3	0.16005277777777782	0.0667966004111804	0.08266710794292738	36
MTERF4	0.14385499999999998	0.020754569575728965	0.02745856976603542	40
MTFMT	-0.21476304347826086	0.0020534871747770467	0.0030358848513836944	46
MTFR1L	-0.40256875000000014	5.4997247854525424e-12	2.019739384000669e-11	96
MTG1	0.039359374999999995	0.5587563610327548	0.5946536209024036	96
MTHFD1	0.22805	7.583214112979471e-09	1.9278984876440057e-08	96
MTHFD1L	0.8484437499999998	2.679659236819448e-17	9.541570874547247e-16	96
MTHFD2	0.7178437499999998	5.423486623987725e-16	5.281305459105564e-15	96
MTHFS	0.057725	0.5724213572448065	0.6081353738330019	48
MTIF2	0.09909583333333329	0.009933994524479225	0.013598687872828223	96
MTIF3	0.27764166666666673	1.8299992527915886e-05	3.304835797302495e-05	96
MTM1	-0.4130343749999999	7.318946954238868e-16	6.644860720449482e-15	96
MTMR1	-0.11375104166666662	4.1026982418629794e-05	7.14563927950642e-05	96
MTMR12	-0.5515104166666667	3.4063441585464777e-15	2.346320632411532e-14	96
MTMR14	-0.08663020833333335	0.00982936743240417	0.013469204678104488	96
MTMR2	-0.2908525641025641	1.864559615459282e-07	4.090690143922931e-07	78
MTMR6	-0.30198020833333333	5.3488388328388225e-09	1.38020614344291e-08	96
MTMR9	-0.5734054794520551	9.240472619329706e-11	2.9037157284816397e-10	73
MTOR	-0.15255416666666669	2.086302199748066e-09	5.6668022097610424e-09	96
MTPAP	0.30243229166666674	6.176607853630225e-11	1.9855707757549199e-10	96
MTPN	-0.23939062499999997	5.963060132911493e-06	1.1282055959307165e-05	96
MTR	-0.45298888888888894	1.389510291296206e-06	2.8003077633842734e-06	63
MTSS1L	-0.6524644067796609	3.0203355459093194e-08	7.182559048166814e-08	59
MTTP	-0.40667179487179494	0.011108367369160987	0.01513833773709142	39
MTURN	-0.5274076923076924	3.185868263244629e-05	5.611443995302761e-05	26
MTUS1	-0.26292121212121217	0.005484450375661254	0.007743092923045318	33
MTX1	0.03697604166666665	0.4738397622309384	0.5113384212332903	96
MTX2	0.04164583333333333	0.3175744048725989	0.35433339136708236	96
MTX3	-0.1718312499999999	9.508472023182791e-05	0.00016064552708016457	96
MUC1	0.09427727272727271	0.6471722127560787	0.6801187931360483	88
MUC13	0.6967989583333334	4.2510590174921215e-12	1.586226637839524e-11	96
MUC2	-1.0036604166666667	1.1659771874049e-07	2.6075136500998247e-07	96
MUC4	-0.6321582278481013	9.983845384191382e-07	2.033443190119611e-06	79
MUC5AC	-0.001112345679012367	0.6314909309017287	0.6647846627051149	81
MUC5B	-0.19072291666666671	0.024848574107849887	0.032579457433958355	96
MUL1	-0.16915161290322583	0.00973692536354065	0.013350711682810998	31
MUSTN1	-1.8255760869565214	1.5631940186722204e-12	6.201932981237094e-12	46
MUT	-0.2074625	2.3043970551752072e-08	5.5393048524437346e-08	96
MVB12A	-0.09514687499999996	0.0024060934033321674	0.003531498718651392	96
MVD	-0.13256770833333334	0.00033254363066863063	0.0005331028000372385	96
MVK	-0.0682625	0.14034214690395574	0.1655336609667087	96
MVP	-0.03589583333333332	0.2705592280749718	0.30574058634916385	96
MX1	0.41916249999999994	0.0006685327233167501	0.00103945136606752	96
MX2	0.29238749999999997	8.630676410941095e-07	1.7734892226803704e-06	96
MXRA5	1.115590625	1.7153421506487343e-16	2.287918586223133e-15	96
MXRA7	-1.2287	9.719125307069154e-16	8.317042306776398e-15	96
MYADM	-1.0553729166666663	7.483009635165628e-17	1.4141834265444e-15	96
MYBBP1A	0.7491885416666665	4.8491300340798043e-17	1.1065582788653538e-15	96
MYCBP	0.1387135416666666	0.0029864421180150385	0.004337744137207814	96
MYCBP2	-0.24970833333333323	5.981626841127012e-07	1.2525198026567143e-06	96
MYD88	-0.17667816091954022	9.529807953630882e-07	1.9474712628970326e-06	87
MYDGF	0.034031250000000006	0.2713549735029761	0.30658816389886606	96
MYEF2	-0.5824666666666666	6.407543005109961e-11	2.0548855650708762e-10	96
MYH10	0.24999270833333329	0.00099288877588139	0.001519801687745436	96
MYH11	-2.7860343750000003	1.3428269520153603e-16	1.9628643944996438e-15	96
MYH14	0.20384999999999998	0.0007636943589195296	0.0011804686970328683	96
MYH9	0.4546291666666666	9.864945994908218e-16	8.335961833523904e-15	96
MYL12A	-0.21374800000000005	0.08054833435456032	0.09857693819495535	50
MYL12B	-0.07301875000000001	0.10313899127758462	0.12440839490854283	96
MYL3	-1.719128125	1.7150463443579894e-16	2.287918586223133e-15	96
MYL6	-1.7268385416666663	1.7149477529435384e-16	2.287918586223133e-15	96
MYL6B	-0.4405830508474576	6.554599620017379e-07	1.366526067454835e-06	59
MYL9	-2.379603125	3.1514680089528913e-16	3.471789634165016e-15	96
MYLK	-2.282759374999999	8.466614959433632e-17	1.490967226004597e-15	96
MYO15B	-0.16738229166666665	0.017621497527763968	0.02346152548397866	96
MYO18A	-0.022305208333333323	0.37257957589752755	0.4105167309404684	96
MYO1A	-0.8670322916666672	1.950201391356052e-15	1.4521532890796618e-14	96
MYO1B	0.4102395833333334	1.1446370539529472e-15	9.4583805363459e-15	96
MYO1C	-1.3860177083333343	1.8971004951797198e-17	9.541570874547247e-16	96
MYO1D	-0.188134375	0.0019667254008797616	0.002912107860185902	96
MYO1E	0.13157916666666666	2.3193267878009586e-05	4.142801762342021e-05	96
MYO1F	0.13940833333333336	0.002881609272918366	0.004193647855099635	96
MYO1G	-0.037321875	0.4235400525461832	0.4615121345675399	96
MYO5A	-0.2999203125	1.149231605296446e-05	2.120515632545065e-05	64
MYO5B	-0.11777395833333337	0.004923534278837472	0.006992377535292252	96
MYO5C	-0.35395999999999994	1.9570557862935467e-09	5.33301676289334e-09	90
MYO6	0.2110770833333334	9.043129470642372e-07	1.851399317013722e-06	96
MYO7B	-0.27786770833333324	2.300793885048451e-06	4.5295262036061e-06	96
MYO9B	-0.12256875000000005	0.002916174323671145	0.004241190881749341	96
MYOF	0.06472083333333332	0.14786659689872753	0.17373677733687617	96
MZB1	-0.4403354166666665	1.1785296864858567e-05	2.1703968341020072e-05	96
MZT2B	-0.2373457142857143	0.004661638598982195	0.006633071762581452	70
N4BP1	-0.17428888888888888	0.0003520174433083544	0.0005628419988455075	63
NAA10	0.38799374999999986	3.827796145432139e-15	2.5992595485530588e-14	96
NAA15	0.44357604166666675	7.956570073663181e-17	1.4591727944414426e-15	96
NAA16	-0.48501454545454536	0.013136386040626754	0.01774708295339607	55
NAA25	0.3062977272727273	1.0217434705733686e-12	4.159512708784424e-12	88
NAA30	0.05242666666666666	0.4161298982799053	0.45410141307089863	30
NAA35	0.0650770833333333	0.06444563284163082	0.08005346054894867	96
NAA40	0.1411062500000001	0.020335466672541713	0.026914706235171112	48
NAA50	0.30660625	8.998708019716297e-14	4.3779791228627006e-13	96
NAAA	-0.47198854166666687	3.99180657343426e-12	1.4928110535769482e-11	96
NABP2	0.42700312500000004	5.122274160385132e-08	1.1919992140833801e-07	32
NACA	0.2735875	8.115500915100551e-08	1.8470470576748006e-07	96
NACC1	0.11472784810126582	0.0016342380661841856	0.002442981993322126	79
NADK	0.07707283950617284	0.22771418616374395	0.2607055418041908	81
NADK2	-0.27756458333333334	5.100274168702872e-10	1.478088094938556e-09	96
NADSYN1	-0.4103052083333334	3.944228668642501e-13	1.7227753996043318e-12	96
NAE1	-0.18724791666666654	4.675360886685498e-06	8.933920874045288e-06	96
NAGA	-0.5305395833333332	1.2660456178118278e-09	3.5098760536775013e-09	96
NAGK	-0.35462499999999997	3.7365706923521375e-13	1.6385475322819007e-12	96
NAGLU	-0.24210312499999997	0.0011668553678367251	0.001772341558255963	96
NAIP	-0.1858342857142857	0.10729203431401402	0.12904665798005022	35
NAMPT	0.770873958333333	2.0595159029228528e-16	2.5879518478646445e-15	96
NANS	-0.31755312499999994	1.2596106603190642e-05	2.313366526164961e-05	96
NAP1L1	0.47724999999999995	1.4511155069279372e-15	1.1441962913108003e-14	96
NAP1L4	-0.016503125	0.5760869547731953	0.6116422502885531	96
NAPA	-0.2796645833333334	8.940487381238242e-12	3.185560716476748e-11	96
NAPEPLD	-0.36212857142857147	0.0018587112426757812	0.0027613139342585954	21
NAPG	-0.3270052083333334	1.24317185462632e-11	4.364778875643725e-11	96
NAPRT	-0.129471875	0.001439747819075535	0.002165269696968788	96
NARFL	-0.4875080645161288	5.978840207707419e-07	1.252327160584111e-06	62
NARS	-0.17175833333333335	8.053964197498025e-06	1.5063854419017076e-05	96
NARS2	0.32754166666666673	2.945613944194075e-09	7.849984438855751e-09	96
NASP	0.48887708333333335	5.37564078694694e-13	2.284051554124574e-12	96
NAT1	-0.2839270833333332	4.717213846388662e-07	9.970947604102564e-07	96
NAT10	0.6894020833333334	1.781293897222056e-17	9.541570874547247e-16	96
NAXD	-0.5380906249999998	5.428178215578526e-15	3.511827159914786e-14	96
NAXE	-0.2169822916666666	2.671368534302273e-07	5.781358547301274e-07	96
NBAS	-0.07592395833333335	0.00024356960660981767	0.0003958596150061208	96
NBEAL2	0.20701041666666678	2.8317953995646727e-07	6.112917687725329e-07	96
NBL1	-0.21267368421052626	0.027359080158930738	0.03569662948002068	38
NBN	0.23945416666666666	1.2234557875311497e-09	3.400664070667188e-09	96
NCALD	-0.9388091954022987	8.772744115351073e-13	3.6108184214656657e-12	87
NCAM1	-2.1777687500000007	1.7810758177901125e-17	9.541570874547247e-16	96
NCAM2	-1.7501865384615387	3.7141360419629094e-10	1.0919429757024171e-09	52
NCAPD2	0.6310968749999999	5.84629424426348e-16	5.5872917499663375e-15	96
NCAPD3	-0.07064090909090909	0.2615199089050293	0.2960744294370303	22
NCAPG	0.4520898734177215	3.9637380474547186e-10	1.1622691678485011e-09	79
NCAPH	0.5792874999999997	1.1892072798874608e-09	3.3105359505248858e-09	80
NCBP1	0.5269312500000002	1.8229310823975035e-16	2.375174825813328e-15	96
NCBP2	0.5360885416666664	2.3554943089294456e-13	1.0677710350410574e-12	96
NCBP3	0.039169791666666655	0.10084193802951137	0.12187868172221074	96
NCDN	-0.2814149425287356	1.0915796180691103e-08	2.7336348106105487e-08	87
NCEH1	0.6722937500000001	5.66325528026203e-17	1.2062550249635281e-15	96
NCF1	0.2807989583333334	9.948509988246265e-05	0.00016778419686059375	96
NCF2	0.45214166666666666	9.962634863837112e-10	2.793118148829218e-09	96
NCF4	0.1745697916666666	0.005219318762692979	0.007395229055735416	96
NCK1	-0.266596875	3.115107988649091e-12	1.1868327253108305e-11	96
NCK2	-0.42107500000000003	1.1110567502970619e-15	9.226852255529744e-15	96
NCKAP1	-0.16197187499999996	8.291341215969281e-10	2.34521089156266e-09	96
NCKAP1L	-0.12760729166666662	0.0016123116429034579	0.0024118169035093197	96
NCKIPSD	-0.27355730337078654	3.509134635305896e-09	9.272463280136769e-09	89
NCL	0.8209114583333332	9.004649243625281e-17	1.5218958751722538e-15	96
NCLN	0.26625208333333344	2.111967104260131e-13	9.652034947194292e-13	96
NCOA2	-0.15635454545454544	0.020116365492413024	0.02664574453871648	44
NCOA5	0.39762916666666653	1.2886234413114871e-14	7.577015484451155e-14	96
NCOA7	-0.3881076923076923	0.00041159987449645996	0.0006543657720371446	26
NCOR1	-0.10541756756756754	0.08423788806644858	0.10282969269246789	74
NCOR2	0.2025677083333334	1.5727051818930652e-06	3.155286801830315e-06	96
NCS1	-1.1487161290322583	9.313225746154785e-10	2.6198084499351133e-09	31
NCSTN	0.24840729166666675	1.7883435586247423e-08	4.350845593943509e-08	96
NDC1	0.406043181818182	4.109214286720214e-15	2.765167367061777e-14	88
NDE1	-0.17152203389830503	0.052400374650982434	0.0658587698638893	59
NDRG1	-0.20561354166666646	0.0002506199942305458	0.0004070224016685383	96
NDRG2	-1.0531822916666664	1.7810758177901125e-17	9.541570874547247e-16	96
NDRG3	-0.06375416666666668	0.0784837751251713	0.09628659194077056	96
NDUFA1	-0.34177297297297293	0.0018065076001221314	0.0026897158209541455	37
NDUFA10	-0.4674624999999997	8.872889360195413e-15	5.4363666408722395e-14	96
NDUFA11	-0.3703	1.434643071865709e-09	3.9511577870061746e-09	96
NDUFA12	-0.5026760416666666	4.762322908174407e-15	3.129326580895406e-14	96
NDUFA13	-0.48799791666666675	9.021772450537572e-16	7.799880331270176e-15	96
NDUFA2	-0.6213687500000001	1.444858721326185e-14	8.399962878143307e-14	96
NDUFA3	-0.281009375	1.0192994427689236e-09	2.8541235231789267e-09	96
NDUFA4	0.11843333333333333	0.029408055980149384	0.038169597131132174	96
NDUFA5	-0.36366458333333335	6.258617016458731e-15	3.9864587362644345e-14	96
NDUFA6	-0.5568406250000001	1.997933143667549e-16	2.5197181734799374e-15	96
NDUFA7	-0.6520458333333332	3.5566925830558427e-16	3.7936169379525676e-15	96
NDUFA8	-0.3910239583333331	1.7921885744500943e-13	8.280849274094823e-13	96
NDUFA9	-0.5375677083333334	7.655125326181788e-16	6.90298868459054e-15	96
NDUFAB1	0.12346666666666667	0.0061987443357393755	0.00868393730392054	96
NDUFAF1	0.17977051282051282	0.012233985196967586	0.01659143050059744	78
NDUFAF2	0.3136375	3.8829859382288226e-08	9.124676938555928e-08	96
NDUFAF3	0.08792395833333334	0.00739284838670179	0.010243415907968258	96
NDUFAF4	0.11173854166666665	0.043676777552876925	0.05549763268982032	96
NDUFAF6	0.1124346153846154	0.6658991205901892	0.6978314901655076	26
NDUFAF7	0.013432183908045976	0.5366217678153444	0.5737363251431308	87
NDUFAF8	-0.11728666666666666	0.1313371132242196	0.15581621443347288	45
NDUFB1	-0.384525	1.9897700662171021e-13	9.143402311130506e-13	96
NDUFB10	-0.3601447916666665	8.281423820290666e-14	4.0409237799420455e-13	96
NDUFB11	-0.26655208333333336	6.583326777359984e-10	1.883477157753012e-09	96
NDUFB2	-0.5268034090909093	9.912647869737078e-13	4.0403374579627006e-12	88
NDUFB3	-0.47608125000000007	2.7732158429237603e-13	1.2395968521862988e-12	96
NDUFB4	-0.43441875	1.186715381091992e-13	5.622913560453155e-13	96
NDUFB5	-0.32445729166666665	5.078057319931281e-11	1.6490167744152453e-10	96
NDUFB6	-0.2295125	8.009509893828887e-10	2.2703537933608736e-09	96
NDUFB7	-0.5492864583333334	1.9673555649951088e-15	1.461762646203636e-14	96
NDUFB8	-0.4934802083333332	1.0244642291629187e-14	6.186436105719192e-14	96
NDUFB9	-0.48302604166666674	1.8111863205738727e-15	1.3714728018882746e-14	96
NDUFC2	-0.4750895833333333	1.6427883969682263e-14	9.395965349752626e-14	96
NDUFS1	-0.6617947916666667	3.8994030125895564e-17	9.947780457703697e-16	96
NDUFS2	-0.4077760416666667	6.9422295381111855e-15	4.360994192058796e-14	96
NDUFS3	-0.44199270833333343	5.094612052050827e-13	2.1770542838986624e-12	96
NDUFS4	-0.696529166666667	3.442059759542229e-17	9.764418690273611e-16	96
NDUFS5	-0.5003010416666668	8.871984437902875e-15	5.4363666408722395e-14	96
NDUFS6	-0.6240333333333332	4.3934183911625744e-16	4.4594694193035454e-15	96
NDUFS7	-0.40839374999999994	4.875344378052766e-14	2.487712179980655e-13	96
NDUFS8	-0.44956458333333327	3.212508133523311e-15	2.2358767842822708e-14	96
NDUFV1	-0.5890802083333334	9.875798400464077e-17	1.6045602882427223e-15	96
NDUFV2	-0.620317708333333	2.765272754487045e-17	9.541570874547247e-16	96
NDUFV3	-0.40786562500000006	2.2595331038729695e-15	1.6406068824549516e-14	96
NEBL	0.885690625	3.6108515971419717e-16	3.8391764445682226e-15	96
NECAP1	-0.3818367088607594	4.768322975790993e-11	1.5559668698726542e-10	79
NECAP2	-0.04210729166666664	0.09241158173101996	0.11233725345776643	96
NECTIN1	-0.1308818181818182	0.27562665939331055	0.3109955025007939	22
NECTIN2	-0.03628958333333331	0.37062345438196576	0.4085627268236294	96
NEDD1	-0.007885714285714301	0.7990552756663978	0.8218399270957938	70
NEDD4	-0.33229479166666653	1.2884650699840528e-07	2.869957554622513e-07	96
NEDD4L	-0.4661104166666666	2.41101875730664e-14	1.315213135009467e-13	96
NEDD8	0.08839999999999998	0.7733740162710636	0.7976274058666512	30
NEDD8-MDP1	-0.5379870967741937	1.3524666428565979e-05	2.4744201546018314e-05	31
NEFH	-1.387882222222222	8.429879017057829e-11	2.6639688330400834e-10	45
NEFL	-1.6296000000000002	1.9073486328125e-06	3.7926502600886375e-06	21
NEGR1	-1.9981125000000002	1.7810758177901125e-17	9.541570874547247e-16	96
NEK3	0.10842643678160921	0.09666994864249594	0.11721646221624893	87
NEK7	-0.7031552083333334	1.4041534796001626e-14	8.191709299684774e-14	96
NEK9	-0.38925625000000014	1.6095263609107598e-15	1.2383385728612715e-14	96
NELFA	0.3915458333333333	2.6269704247490633e-16	3.0495408837561495e-15	96
NELFB	0.38895833333333335	1.63357997479861e-15	1.2525357772484428e-14	96
NELFCD	0.24851666666666672	7.977778994765734e-11	2.527050013025652e-10	96
NELFE	0.31905833333333333	1.0337036721591737e-13	4.971410707179854e-13	96
NEMF	0.04636145833333333	0.11780638146184465	0.1409101568557181	96
NENF	-0.08755416666666666	0.06712872146495402	0.08304749996466468	96
NEO1	-0.4693942528735631	2.949226691062694e-11	9.851315597775043e-11	87
NES	-0.6301552083333334	4.0136281729239524e-16	4.1554678105164815e-15	96
NEU1	-0.13807604166666662	0.031080278128913626	0.04021554213440338	96
NEXN	-0.970989583333333	2.278585044341663e-12	8.862044673906213e-12	96
NF1	-0.08270869565217391	0.33424229897914803	0.37144800130049765	69
NF2	-0.28526603773584913	2.661410790475147e-05	4.721154149470587e-05	53
NFATC2	-0.22929607843137256	0.0015838846157235668	0.0023724674898167914	51
NFATC2IP	0.15850000000000003	0.00036162859957093626	0.0005779338433828993	96
NFIA	-0.5525781609195403	1.6483168071627655e-14	9.41955490566865e-14	87
NFIC	-0.3405031249999999	2.7075673431930665e-10	8.073914399492814e-10	96
NFIX	-0.47741354166666666	1.9996568745952297e-13	9.176264002503006e-13	96
NFKB1	-0.1225479166666667	7.500264660883564e-07	1.5535435507831995e-06	96
NFKB2	0.05910937500000002	0.1551629481789127	0.1818320033768254	96
NFKBIB	0.02226000000000001	0.3840115809776322	0.4220730171656184	80
NFKBIE	0.09553599999999995	0.04948753141492023	0.06244345462905771	75
NFS1	-0.07379374999999998	0.04217423021324272	0.053761525840897856	96
NFU1	0.01105208333333336	0.9402835876937186	0.9489113402282127	96
NFXL1	0.21242187500000007	8.270620312691576e-09	2.096244491040717e-08	96
NFYA	0.09853295454545458	0.008340089165641336	0.011501265819586376	88
NFYB	0.010301219512195108	0.5204910436326364	0.557912511859939	82
NFYC	-0.011746478873239421	0.9406219527133574	0.9491100437289689	71
NGDN	0.2546285714285714	0.10321426391601562	0.12447681046423671	21
NGEF	-0.42817241379310345	2.5576866742160847e-06	5.014471039542873e-06	58
NGLY1	-0.24182564102564102	2.0805524528666983e-05	3.734196470380599e-05	78
NHEJ1	-0.12918749999999996	0.0029511173846152676	0.004289221519363915	96
NHLRC2	-0.4866468749999999	5.934673079453423e-16	5.631956054260559e-15	96
NHP2	0.41037812500000004	3.3675917634660807e-12	1.2778944084329149e-11	96
NID1	-1.4139218750000004	9.00570371804121e-17	1.5218958751722538e-15	96
NID2	-0.5517	2.459124490772628e-11	8.298926664282477e-11	96
NIF3L1	-0.2606416666666668	1.2750368108771776e-11	4.464799684025897e-11	96
NIFK	0.7184479166666665	2.0200829402503628e-17	9.541570874547247e-16	96
NIP7	0.6546177083333331	6.0956070738975844e-15	3.891096846696374e-14	96
NIPBL	0.05419895833333333	0.05644937133285807	0.07070926666768948	96
NIPSNAP1	0.2453177083333332	1.8001267397162774e-05	3.253515704945179e-05	96
NIPSNAP2	-0.13142916666666665	0.00723307412357972	0.010028248459412345	96
NIPSNAP3A	-0.41858045977011515	5.8182333922646746e-06	1.1023588768343322e-05	87
NISCH	-0.3555959459459459	1.5199933216344654e-08	3.731297180697266e-08	74
NIT1	-0.689108333333333	5.490573764849888e-17	1.1844456394976817e-15	96
NIT2	-0.016661458333333337	0.850721972581452	0.8688527498932808	96
NKIRAS2	0.27281363636363626	5.474265562796793e-06	1.0398314739751894e-05	88
NKRF	0.647187142857143	8.01522054722857e-12	2.874084160949037e-11	70
NLE1	0.3306260416666667	2.5101700527847738e-11	8.449940232881609e-11	96
NLN	0.4663052083333335	2.942722497686905e-15	2.0803714685965698e-14	96
NLRX1	-0.49142391304347827	1.4148326954455115e-10	4.356178317459356e-10	46
NMD3	0.3450645833333334	7.769533289070784e-16	6.9419973973775235e-15	96
NME1	0.2103689655172414	0.00014064076173624375	0.0002340175770060663	87
NME1-NME2	0.4154677083333333	4.4202149824383036e-14	2.275918827105033e-13	96
NME3	-0.19915208333333326	2.160233510874962e-06	4.274045813569688e-06	96
NME6	-0.2746826086956522	0.027674198150634766	0.036044689456922664	23
NME7	-0.44493243243243247	6.037355584276945e-11	1.944532818766876e-10	74
NMI	0.07774479166666667	0.14735527345702423	0.17322700711813135	96
NMNAT1	-0.20832083333333332	1.7885872929044862e-08	4.350845593943509e-08	96
NMNAT3	-0.028297916666666627	0.10705966605837197	0.12879026350826925	96
NMRAL1	-0.21904318181818178	0.0018958407322783803	0.0028121148513941307	88
NMT1	0.25757916666666675	5.940100337138155e-12	2.1672293138517753e-11	96
NMT2	-0.3198068493150685	3.4390870310190937e-06	6.639664716865352e-06	73
NNMT	1.013209375	2.9280503040866134e-13	1.3044607240164133e-12	96
NNT	-0.2693166666666666	3.3659614101229014e-09	8.908179526830196e-09	96
NOA1	0.0027545454545454453	0.9568624711993747	0.9620246244982175	88
NOB1	0.47039318181818185	8.071793045468186e-11	2.5556233856557837e-10	88
NOC2L	0.7087312500000004	2.7651054803403183e-17	9.541570874547247e-16	96
NOC3L	0.7325895833333332	1.7810758177901125e-17	9.541570874547247e-16	96
NOC4L	0.5800850574712645	5.437354563140855e-14	2.7489986257808586e-13	87
NOL10	0.6319425287356322	8.92204549357027e-15	5.461496643828735e-14	87
NOL11	0.4379839080459771	1.4777331144970594e-12	5.880255910534265e-12	87
NOL3	-0.5073650000000001	2.2872237307798802e-10	6.874992835932893e-10	80
NOL4L	-0.2124911111111111	0.002628090565110597	0.0038396906797314883	45
NOL6	0.5475302083333331	3.8994030125895564e-17	9.947780457703697e-16	96
NOL7	0.7214678160919541	6.725122271254992e-16	6.197643587616722e-15	87
NOL8	0.3102022727272727	0.00041316207477848366	0.0006565382187799258	44
NOL9	0.06192916666666667	0.09276622192069808	0.11274793167861656	96
NOLC1	0.9171218750000003	2.8530659937810055e-17	9.541570874547247e-16	96
NOM1	0.5926687499999997	1.529706460158916e-14	8.847241932074282e-14	96
NOMO1	0.2972593220338985	2.387583097802596e-06	4.68919642949579e-06	59
NONO	0.5851947916666664	1.957519470477668e-17	9.541570874547247e-16	96
NOP10	0.17969374999999999	0.0028644673649983227	0.004169605457099966	96
NOP14	0.42170416666666677	5.837718057109797e-09	1.5017350630808905e-08	96
NOP16	0.6379643678160918	4.7996171538497795e-15	3.150746720663226e-14	87
NOP2	0.8162854166666663	1.8378478960203912e-17	9.541570874547247e-16	96
NOP53	0.42601999999999995	5.03385133467885e-06	9.602533012328804e-06	40
NOP56	0.6565510416666669	1.8968686315376683e-17	9.541570874547247e-16	96
NOP58	0.628134375	2.084618494063428e-17	9.541570874547247e-16	96
NOP9	0.36147083333333335	1.0053644784858237e-13	4.849706379758411e-13	96
NOSIP	0.4218125	4.0583268363101256e-15	2.7336661390366098e-14	96
NOSTRIN	-0.16697931034482755	0.0009128696252637858	0.0014021159148110665	87
NOVA2	-0.17593695652173907	0.049868089435022966	0.06291181121090053	46
NOX1	0.2614130434782608	0.052547730973884654	0.06603160275403486	46
NPC1	0.45597816091954013	2.4030703065624103e-12	9.297692437558945e-12	87
NPC2	0.18652395833333338	0.0031877424327241663	0.00461315012535514	96
NPEPL1	-0.7136916666666667	2.2303661283554767e-13	1.0165439099957128e-12	96
NPEPPS	-0.3845645833333333	4.3929268886625886e-16	4.4594694193035454e-15	96
NPL	-0.12662400000000001	0.457846462726593	0.4961544045279781	25
NPLOC4	0.09614895833333337	6.009521704478416e-05	0.00010324681463596847	96
NPM1	0.9142374999999997	2.290679830891315e-17	9.541570874547247e-16	96
NPM3	0.0715025	0.40127278786479725	0.43924606522841003	80
NPNT	-0.6872010416666668	3.838763111278682e-13	1.6790462796752394e-12	96
NPTN	-1.2227145833333333	4.149929451570504e-17	1.0274984544787615e-15	96
NQO1	0.4017093750000001	0.00018657280558845052	0.0003067933707580673	96
NQO2	-0.25622658227848105	0.0003281547394081171	0.0005264443201073786	79
NR2C2AP	-0.2926791666666665	1.1206033951010495e-05	2.070039044989794e-05	96
NR2F2	-0.24657471264367822	0.00022743865966603027	0.0003709909962799409	87
NR2F6	-0.2292483870967742	0.01869285199791193	0.02482881489883016	31
NR3C1	-0.47244374999999994	5.974899977445602e-06	1.1301269791001564e-05	32
NRAS	-0.15268600000000002	0.17191424676435396	0.20034265790204112	50
NRBF2	0.027343333333333334	0.3817984350025654	0.41998453851979195	30
NRBP1	-0.07074583333333333	0.0412573588067476	0.052662789237912795	96
NRBP2	-0.74848	4.39414243735295e-05	7.633428692957261e-05	25
NRDC	0.2808010416666666	1.0602827954906069e-14	6.379764372149311e-14	96
NRF1	-0.015046874999999996	0.6530852668022615	0.6855811383158148	96
NRM	-0.44596562500000003	4.091589582316035e-10	1.1971423684151016e-09	64
NRP1	-0.36561145833333336	8.374771572661124e-11	2.647801247925706e-10	96
NRP2	-0.93685375	2.1167113784207095e-12	8.280476173658624e-12	80
NSA2	0.8749678160919541	3.146377966424557e-15	2.20115221863841e-14	87
NSD3	0.179876	0.04826241731643677	0.06102385182359108	25
NSDHL	0.49824479166666663	1.1166076312986534e-14	6.688679105698809e-14	96
NSF	-0.06071666666666665	0.005797770784828485	0.008156268441059825	96
NSFL1C	-0.25830416666666667	2.071769529111161e-07	4.5304764572381944e-07	96
NSL1	-0.029337837837837836	0.5405446684744675	0.5771946810114917	37
NSMAF	-0.16588787878787878	0.0027295206673443317	0.003984355316092294	33
NSMCE1	-0.08517	0.36827659606933594	0.4063762636561143	20
NSMCE2	0.2748833333333333	0.003692160767968744	0.005308766950772033	36
NSMCE3	-0.028679166666666672	0.5961985537591229	0.6310975224313593	96
NSRP1	0.2614830985915492	8.969891124634673e-06	1.669783561464318e-05	71
NSUN2	0.529825	4.848841191360182e-17	1.1065582788653538e-15	96
NSUN4	0.13220606060606063	0.182668769499287	0.21228560099960445	33
NSUN5	0.15737291666666672	0.001132701302900179	0.0017220242558706777	96
NT5C	-0.5397010416666668	3.456302684941942e-15	2.3782907398231268e-14	96
NT5C2	0.2751010416666667	3.844376103243439e-09	1.0090735241259872e-08	96
NT5C3A	0.12102500000000004	0.016768240660161277	0.02237432907498449	96
NT5DC1	-0.2567510416666667	0.0005537181656281824	0.0008685749761981473	96
NT5DC2	0.4330864864864865	1.618379761910671e-08	3.9597774699703467e-08	74
NT5DC3	-0.5750222222222222	2.421215614511585e-08	5.8097051351066616e-08	90
NT5E	-0.47253229166666677	8.825120838009027e-09	2.2300465424558404e-08	96
NTHL1	-0.03205	0.8697905791376359	0.8864385531572838	52
NTM	-1.0903931506849316	7.414693597835591e-13	3.0897626924148433e-12	73
NTMT1	0.30816436781609186	6.337766193815374e-08	1.45716495525385e-07	87
NTPCR	-0.07278750000000005	0.004468319290006375	0.006370018713253392	96
NUB1	0.312621875	2.4205637856588263e-13	1.0921023831866218e-12	96
NUBP1	0.013295833333333338	0.6850153361081691	0.71462751657247	96
NUBP2	-0.09788020833333337	0.006233173942615887	0.008726703668825123	96
NUBPL	-0.3287270833333332	2.852392826724721e-06	5.554921182727475e-06	96
NUCB1	0.06194687500000001	0.14431632790222598	0.16992404913426343	96
NUCB2	-0.13386666666666666	0.005862931790208782	0.008244382891259889	96
NUCKS1	-0.34967916666666693	5.604216729835652e-05	9.648111378103001e-05	96
NUDC	0.24951875000000004	4.900629604358732e-07	1.034234791306786e-06	96
NUDCD1	0.581	8.082234765386357e-17	1.4774853689639528e-15	96
NUDCD2	-0.2244739583333333	2.613717871632244e-08	6.258184582719745e-08	96
NUDCD3	0.02282708333333333	0.6038217129508804	0.6381600302752767	96
NUDT1	0.015440540540540539	0.570653132192092	0.6064488933750587	37
NUDT12	-0.4258902439024391	0.0002881436976167606	0.000465260184671684	41
NUDT16	-0.34027812500000004	3.119442784480232e-10	9.231734292491345e-10	96
NUDT16L1	-0.15683020833333336	4.359384546810837e-06	8.34677823189324e-06	96
NUDT19	0.23057395833333338	7.93424069728133e-07	1.6363954837002592e-06	96
NUDT2	-0.2351989583333333	5.348370013398538e-09	1.38020614344291e-08	96
NUDT21	0.4706197916666668	3.8994030125895564e-17	9.947780457703697e-16	96
NUDT3	-0.7009125000000003	1.687538997430238e-11	5.823919307489437e-11	48
NUDT4	0.29869687499999986	2.725531844604016e-08	6.514283272336423e-08	96
NUDT5	0.06106770833333335	0.14381643439974867	0.16939333890237251	96
NUDT8	0.177644	0.2996123433113098	0.3358561756517256	25
NUDT9	-0.25426354166666665	1.0164691988304246e-10	3.176288707477093e-10	96
NUFIP2	0.4837656249999999	2.791349913573875e-16	3.1850728168059505e-15	96
NUMA1	0.05659479166666668	0.033435965206585636	0.043122239633022495	96
NUMB	-0.24307812499999995	4.223106203281697e-11	1.386824254420798e-10	96
NUMBL	-0.3594327868852459	3.6681038608876345e-07	7.834864311587119e-07	61
NUP107	0.189596875	3.03506217913867e-12	1.1603372696012307e-11	96
NUP133	0.27642916666666667	1.1994036304056225e-14	7.127368429044571e-14	96
NUP153	0.3610729166666668	2.363735496837886e-17	9.541570874547247e-16	96
NUP155	0.310840625	8.465621884034386e-17	1.490967226004597e-15	96
NUP160	0.22480520833333328	1.640485561999362e-11	5.67905966741678e-11	96
NUP188	0.31159062500000007	3.02344576821484e-14	1.616278697924571e-13	96
NUP205	0.33268645833333327	5.322771716473912e-17	1.1632076692450645e-15	96
NUP210	0.5006302083333335	3.637051338611816e-13	1.5969226067242587e-12	96
NUP214	0.24334375000000008	6.115059890486771e-16	5.762708190737161e-15	96
NUP35	0.28266041666666664	5.905228488083597e-13	2.5011475963732863e-12	96
NUP37	0.16444270833333327	6.096388369602305e-07	1.2741916130173618e-06	96
NUP43	-0.11238153846153846	0.11755544776867398	0.1406598000856133	65
NUP50	0.34646041666666677	5.121986005743504e-15	3.3233466259703254e-14	96
NUP54	0.39028124999999997	1.1516413812235347e-16	1.7888217246992375e-15	96
NUP58	0.4445812500000002	3.894297489797384e-16	4.050673156441961e-15	96
NUP62	0.42244062500000007	7.769105966131789e-16	6.9419973973775235e-15	96
NUP85	0.24045624999999995	1.3999851313902164e-13	6.57277833904616e-13	96
NUP88	0.29088125	9.672850305883073e-15	5.872864497933895e-14	96
NUP93	0.4885802083333335	1.780748745989751e-17	9.541570874547247e-16	96
NUP98	0.37451458333333343	3.8989356823842856e-17	9.947780457703697e-16	96
NUPL2	0.47372280701754366	1.8526148041075107e-08	4.5000697757991626e-08	57
NUTF2	-0.086034375	0.0700809065591487	0.08655611231688672	96
NXF1	0.19807604166666667	1.4581582364533283e-12	5.816657295274292e-12	96
NXN	-0.8157375000000006	2.3437645061173544e-14	1.2825706420506796e-13	96
NXPE4	-0.8179275862068969	1.4537725877867186e-05	2.653975589513223e-05	29
NXT1	0.08739204545454547	0.007056692848666319	0.009808028241496236	88
OAF	-0.35265714285714284	2.3914406028779922e-05	4.268202980768409e-05	42
OARD1	0.1626520833333334	0.00010252565573016629	0.0001726951102921631	96
OAS1	0.051029166666666674	0.5735947297059574	0.6092854720704984	96
OAS2	0.5054197916666668	4.1079700000137145e-09	1.0757365624548013e-08	96
OAS3	0.6709927083333335	1.2146929340837019e-15	9.903109851059257e-15	96
OASL	-0.12380428571428576	0.051321087208220546	0.06464761060457222	70
OAT	0.21433645833333329	0.0031877170446826353	0.00461315012535514	96
OCIAD1	-0.14970312500000002	7.569965432012305e-05	0.00012886804893014604	96
OCIAD2	0.8400052083333333	1.5397707463870477e-15	1.1984777849157182e-14	96
OCLN	-0.11311666666666666	0.022482202769318397	0.02962158255682583	96
OCRL	-0.2022597701149426	2.8843350012491325e-09	7.700359539745496e-09	87
OGDH	-0.48370312500000007	1.8229310823975035e-16	2.375174825813328e-15	96
OGDHL	-0.8707208955223881	1.0011951346544666e-09	2.8046004836729918e-09	67
OGFOD2	-0.6859000000000001	4.5841165731501326e-07	9.707966568580885e-07	96
OGFR	0.1492166666666666	4.194753295356163e-05	7.296499833690562e-05	96
OGN	-2.811220833333333	1.780857763610672e-17	9.541570874547247e-16	96
OGT	0.20620729166666674	9.547247979105336e-13	3.898508015326701e-12	96
OLA1	-0.06974270833333333	0.2810236755399047	0.31658984181346905	96
OLFM4	0.8509895833333331	1.1785099023056395e-05	2.1703968341020072e-05	96
OLFML1	-1.6440125000000005	2.2902620253293135e-17	9.541570874547247e-16	96
OLFML3	-1.136823958333334	8.466614959433632e-17	1.490967226004597e-15	96
OMA1	-0.1336397260273972	0.011532621834676784	0.015675113429669072	73
OPA1	-0.014526041666666637	0.44392699025741744	0.48223869456557866	96
OPA3	-0.27926875	6.073082379339358e-07	1.2712733130417395e-06	64
OPLAH	-0.2914833333333333	5.3980980844508167e-11	1.7481895912014739e-10	96
OPTN	-0.32756875	1.6966941688263375e-13	7.850790703436685e-13	96
ORC3	0.3685101265822785	3.358905683798358e-07	7.195050521265384e-07	79
ORC4	0.21084444444444447	0.0152839234797284	0.02049567112242611	36
ORC5	0.14089102564102562	0.013970971095501904	0.018810203708553536	78
ORM1	-0.9976135416666664	8.883458289041117e-10	2.509436701523236e-09	96
ORM2	-1.0505281250000003	1.383345602626952e-12	5.544125237768352e-12	96
OS9	0.142734375	7.787126600961884e-07	1.6089877537989921e-06	96
OSBP	0.08761041666666669	0.00022836291228093368	0.0003723175646398017	96
OSBP2	0.17484848484848484	0.182668769499287	0.21228560099960445	33
OSBPL10	0.003034210526315794	0.9087138711838634	0.9207916269102159	38
OSBPL11	-0.12331772151898734	0.0007072728648090518	0.0010958645842965194	79
OSBPL1A	-0.7350735632183908	2.442254447438335e-13	1.100408669433431e-12	87
OSBPL2	0.2209885416666667	9.348740212476016e-08	2.111097209205708e-07	96
OSBPL3	0.3737727272727273	7.428219136405573e-11	2.3630119576171164e-10	88
OSBPL5	-0.5231157894736843	5.8422117374336574e-06	1.1065894564212989e-05	38
OSBPL8	0.4212468750000003	9.020784525021527e-16	7.799880331270176e-15	96
OSBPL9	0.027378125	0.38544893319068807	0.4235140669466633	96
OSGEP	-0.11896321839080458	0.0051481814624412155	0.007297517310694721	87
OSGEPL1	0.14259047619047613	0.539189338684082	0.5759203463716714	21
OSTC	0.37406145833333326	2.8387094317336967e-10	8.445632628603712e-10	96
OSTF1	0.04773541666666667	0.13501511390791285	0.15972819337873642	96
OTC	-0.9169196721311474	1.680174764313154e-08	4.104986341506537e-08	61
OTUB1	-0.04272395833333333	0.1610853664729307	0.18854182199352618	96
OTUD6B	0.0740772151898734	0.1310167638871397	0.15549114964068994	79
OTUD7B	-0.39263281250000004	2.620852314523006e-10	7.835694375282909e-10	64
OTULIN	0.140522972972973	0.07069718362458194	0.08725301783247244	74
OVCA2	-0.15096704545454537	0.0116862810875407	0.015880749405774875	88
OXA1L	0.24210208333333336	3.7120028508021425e-07	7.926106660099164e-07	96
OXCT1	-0.8275093749999999	6.493271514505173e-16	6.02724797378804e-15	96
OXNAD1	0.03623260869565215	0.5513522981053143	0.5877647753723737	46
OXR1	-0.3187229166666666	5.448785311782307e-13	2.3136645985283228e-12	96
OXSM	-0.1066895833333333	0.01797317964983373	0.02391077974831142	96
OXSR1	-0.19098333333333337	7.041341579088134e-08	1.6122989984335254e-07	96
P2RX4	-0.34637395833333345	2.403288481938977e-08	5.7708169024082305e-08	96
P3H1	0.7701916666666667	8.006066936668552e-16	7.077161364893921e-15	96
P3H3	0.6994604166666664	2.773090097554969e-13	1.2395968521862988e-12	96
P3H4	0.40491562500000006	0.02400159277021885	0.03153675791135884	32
P4HA1	0.8185729166666668	9.286987337048376e-17	1.5423277948769751e-15	96
P4HA2	0.39173749999999985	6.101825175443875e-11	1.9624710020159617e-10	96
P4HB	0.39154791666666683	3.2813232127586525e-12	1.2458628995131748e-11	96
PA2G4	0.4762145833333333	5.662247667188595e-17	1.2062550249635281e-15	96
PAAF1	0.06393218390804599	0.1318792710519767	0.15637646332409183	87
PABPC1	0.5289895833333333	2.852721127142406e-17	9.541570874547247e-16	96
PABPC4	0.4115416666666665	4.832559881014993e-15	3.166176195481405e-14	96
PABPC4L	0.19334166666666674	0.033985137939453125	0.04379682874294872	24
PABPN1	-0.06019027777777781	0.14766825972874745	0.17353413111230806	72
PACS1	-0.1775479166666667	9.436795244503511e-05	0.00015959530954215797	96
PACS2	-0.34457499999999996	0.013616561889648438	0.01834776334959859	20
PACSIN2	-0.5952052083333331	9.004122050096767e-17	1.5218958751722538e-15	96
PACSIN3	-1.2750208333333335	1.921459342102385e-15	1.4419542199289596e-14	96
PADI2	-0.9826677083333332	1.4948765254777014e-15	1.1703229216451329e-14	96
PADI4	0.6809895833333335	3.0256763108866006e-08	7.185959050032217e-08	96
PAF1	0.34612604166666655	5.586226205509284e-15	3.601309493894111e-14	96
PAFAH1B1	-0.3863395833333334	9.398611789449962e-15	5.737514694760674e-14	96
PAFAH1B2	-0.13241875	0.10666177666470542	0.12833462332200657	96
PAFAH1B3	0.11233958333333334	0.07161226136182325	0.0883336388079559	96
PAFAH2	-0.23732022471910116	0.00015788434357554695	0.0002619950682780966	89
PAG1	-0.18509479166666662	0.00022461449706919368	0.00036665632114459777	96
PAICS	0.4912520833333334	3.15093401121002e-16	3.471789634165016e-15	96
PAIP1	0.1749739583333333	9.510059682180459e-07	1.9440277394195217e-06	96
PAIP2	-0.21724999999999997	0.10482031106948853	0.12630019162449685	26
PAK1	0.08185833333333334	0.006302681280519744	0.00881310417943585	96
PAK1IP1	0.5823270833333334	1.6826637164444823e-15	1.288697588313474e-14	96
PAK2	0.09582916666666665	1.4062983358861282e-05	2.5701050219177432e-05	96
PAK4	-0.09522272727272729	0.018314002253434665	0.024344886292509048	88
PALD1	0.08883593750000002	0.2555902102814972	0.2898503584818399	64
PALLD	-1.3078635416666666	3.9978509315131056e-14	2.0790796151440077e-13	96
PALM	-1.3842500000000004	6.820507866849442e-17	1.3418999201962731e-15	96
PALM2-AKAP2	-0.44321875000000016	1.2912426853871713e-11	4.516656504829266e-11	96
PAN2	-0.04492499999999999	0.5538843476764084	0.5902176125414587	52
PANK4	-0.5815364583333333	2.765272754487045e-17	9.541570874547247e-16	96
PANX1	0.3278904761904763	6.453808722544166e-07	1.346349587050647e-06	63
PAPD5	0.30597727272727276	0.004151344299316406	0.005938458188510399	22
PAPLN	-0.614797701149425	4.65478122590013e-12	1.724402387883157e-11	87
PAPOLA	0.24437500000000004	5.094612052050827e-13	2.1770542838986624e-12	96
PAPSS1	0.33100416666666665	7.834775971529692e-14	3.839555295324522e-13	96
PAPSS2	-0.6959708333333334	1.0055062713137502e-13	4.849706379758411e-13	96
PARD3	-0.18769479166666672	4.762541549878338e-07	1.0063587797837408e-06	96
PARD6B	0.2805861538461539	0.00019286692818954568	0.0003166774892862609	65
PARG	-0.10301190476190479	0.11292909435860565	0.1354866405672184	42
PARK7	-0.5950906250000004	2.3107757811252023e-14	1.2676201729819282e-13	96
PARL	-0.09262599999999997	0.4342615159429706	0.47212129484060766	50
PARN	0.4801354166666669	7.906772368663484e-15	4.902637321752617e-14	96
PARP1	0.3482583333333334	2.3582525044694004e-11	7.974554461938109e-11	96
PARP10	-0.09933437499999999	0.005797770784828485	0.008156268441059825	96
PARP12	-0.07815925925925929	0.10530728051701231	0.12684139048269938	81
PARP14	0.27421770833333325	3.201860535269738e-06	6.19425830600629e-06	96
PARP4	0.12518749999999992	0.012306987618454397	0.016687061425264865	96
PARP9	0.25216979166666675	7.500264660883564e-07	1.5535435507831995e-06	96
PARS2	-0.23436250000000003	0.00016603420945756863	0.0002748392576488596	96
PARVA	-1.3025	1.1445126068976314e-15	9.4583805363459e-15	96
PARVB	-0.6069379746835442	2.721482083604461e-09	7.285883199881217e-09	79
PARVG	0.11862285714285714	0.6215162658481859	0.6550035544416398	35
PATJ	-0.20076	0.004444812017027289	0.0063406854820829426	40
PATL1	0.20519583333333324	1.4446200141142139e-08	3.5606009091448424e-08	96
PAWR	-0.2834906250000001	2.2598624283186375e-06	4.455309148277913e-06	96
PAXBP1	0.27340208333333343	2.278018595835127e-14	1.2507350643818666e-13	96
PBDC1	0.18290416666666676	5.389760443390967e-07	1.1331840430808523e-06	96
PBK	0.16782115384615384	0.034617489201959964	0.04457749233319566	52
PBLD	-0.9912937499999993	9.954959805950103e-15	6.022346739235279e-14	96
PBRM1	0.18939791666666664	6.001077316246884e-10	1.7249883339631682e-09	96
PBX1	-0.7871900000000001	1.33514404296875e-05	2.4460626390708203e-05	20
PBXIP1	-0.5774906249999999	1.154473890900453e-13	5.489273801595421e-13	96
PC	-0.23312604166666653	1.502490263302536e-06	3.0171227705766877e-06	96
PCBD1	-0.4294718749999998	5.568297221198977e-08	1.2881967605870322e-07	96
PCBD2	-0.1603816901408451	0.0001557662305152722	0.00025855260762937954	71
PCBP1	0.15039270833333332	3.0797081219597425e-09	8.189362580351927e-09	96
PCBP2	0.2806	2.6383242006079116e-11	8.854685873876178e-11	96
PCCA	-0.5877041666666665	8.1377070586542e-15	5.0367775521872693e-14	96
PCCB	-0.6458885416666664	1.1518422791326138e-16	1.7888217246992375e-15	96
PCDH1	-0.3855678160919539	6.243227630659002e-13	2.634327935477437e-12	87
PCDH7	-0.8653692307692309	5.959968823344152e-11	1.921452707151173e-10	65
PCF11	0.14730666666666664	0.0011683799756499317	0.0017742556035842897	60
PCID2	0.2508208333333333	1.3901350102478478e-10	4.2821009108139627e-10	96
PCIF1	-0.00781971830985916	0.8725375842271268	0.8884283886143259	71
PCK1	-1.3188645833333337	9.43058483516197e-17	1.5622171273852262e-15	96
PCK2	-0.13319270833333333	0.043486345614292266	0.0552661285709958	96
PCM1	-0.021035416666666664	0.7066239958862695	0.7345429792998113	96
PCMT1	-0.6464781249999998	8.497818332809807e-16	7.452939946947293e-15	96
PCNA	0.7549854166666665	1.63357997479861e-15	1.2525357772484428e-14	96
PCNP	0.18995520833333332	1.5388202181924034e-05	2.8017049303239937e-05	96
PCOLCE	-0.04762812500000003	0.8693815306162969	0.886156288195797	96
PCP4	-1.0178157894736841	5.48507523490116e-06	1.0415898599193852e-05	38
PCP4L1	-1.8835303030303028	4.656612873077393e-10	1.3547795214863932e-09	33
PCSK1N	-1.651083720930233	3.195403570965935e-08	7.567229988567052e-08	43
PCSK9	0.24434230769230766	0.4677756428718567	0.5057706346538737	26
PCTP	-0.3567156249999999	2.2717908212869813e-11	7.713281690290666e-11	96
PCYOX1	-0.708179166666667	7.04436767044265e-15	4.412760289542459e-14	96
PCYOX1L	-0.13113478260869565	0.07486915588378906	0.09208014057274809	23
PCYT1A	0.054092708333333316	0.05277166332148974	0.06628816499230007	96
PCYT2	-0.12409166666666666	0.002847418599669365	0.004147488359787618	96
PDAP1	0.1546895833333333	5.56090487973234e-05	9.576140880367694e-05	96
PDCD10	-0.012405208333333334	0.16773957328472222	0.19585186167198076	96
PDCD11	0.635628125	1.838072737468209e-17	9.541570874547247e-16	96
PDCD2L	-0.1314533333333333	0.286581761398395	0.32254270042305516	45
PDCD4	-0.7934843750000001	4.809114410289778e-16	4.76578265563281e-15	96
PDCD5	-0.04878541666666667	0.41407751422024697	0.45208235035046984	96
PDCD6	0.009782291666666665	0.9650225923537521	0.9695023318510516	96
PDCD6IP	-0.09364375000000001	0.00011997767410370242	0.00020083615178268858	96
PDCL	-0.10892195121951219	0.007035187868778109	0.00978219179515696	82
PDCL3	-0.00043854166666665306	0.9330173550124936	0.9424290025261697	96
PDE12	0.054351041666666634	0.021015658045301252	0.027765665582104394	96
PDE3A	-0.9755041666666666	1.5647825115923818e-16	2.138480918970842e-15	96
PDE4D	-0.9596252873563216	2.747470195456991e-15	1.958849898121249e-14	87
PDE4DIP	-0.21227014925373133	1.1025313045007795e-06	2.238765896457545e-06	67
PDE5A	-1.0088250000000005	4.1504260122781984e-17	1.0274984544787615e-15	96
PDE6D	-0.26697111111111116	0.0010312346486784918	0.001575262581508197	45
PDF	-0.237857627118644	0.001523603099995342	0.0022867680532144856	59
PDGFRA	-0.2914299999999999	0.04844093322753906	0.06123802921114746	20
PDGFRB	-0.06915312500000002	0.25575087466413693	0.28998354201820087	96
PDHA1	-0.167696875	0.00031883435530592156	0.0005122269372000545	96
PDHB	-0.051976041666666674	0.1840647913240704	0.21368587731323554	96
PDHX	-0.11666458333333335	0.0015430499591620088	0.0023144024538381217	96
PDIA3	0.26907083333333326	2.2563530984519065e-08	5.4277063239561995e-08	96
PDIA4	0.25868333333333343	1.6311703589009961e-06	3.266722966527398e-06	96
PDIA5	0.1759645833333334	1.6016973778128467e-06	3.2105729631748997e-06	96
PDIA6	0.31375833333333336	1.6821613020607018e-11	5.808572316170632e-11	96
PDK1	-0.2450333333333333	5.042795699032118e-07	1.062232852270219e-06	96
PDK2	-0.4664126582278481	2.274307092235891e-09	6.152550920084916e-09	79
PDK3	-0.010325000000000048	0.9301123117936192	0.939777635515571	96
PDLIM1	-0.18325312499999993	0.00021099813687944975	0.00034526500007908006	96
PDLIM2	-0.3084593749999999	3.089538028819819e-08	7.326868375875633e-08	96
PDLIM3	-1.5280124999999998	2.0085319374557248e-15	1.487333418144642e-14	96
PDLIM4	-0.8971354166666664	3.1152368896592227e-12	1.1868327253108305e-11	96
PDLIM5	0.04885000000000001	0.17171480341843925	0.20014541623225904	96
PDLIM7	-1.8721281249999995	1.53968779209843e-15	1.1984777849157182e-14	96
PDP1	0.034624999999999996	0.3884578956948812	0.4265407565003205	96
PDPK1	-0.06613437500000002	0.02755578891467017	0.03591138069707113	96
PDPR	-0.10725625	0.004468286022366639	0.006370018713253392	96
PDS5A	0.26445520833333325	4.1783367405668594e-15	2.794861534642379e-14	96
PDS5B	0.19159999999999996	1.4352655888886692e-06	2.88818141447333e-06	96
PDSS2	-0.04225777777777776	0.6147444267971309	0.6483760980006212	45
PDXDC1	-0.10084479166666661	0.08996161682921912	0.10951778031341519	96
PDXK	0.05130208333333331	0.20347854121466935	0.23472103387366175	96
PDXP	-0.5414762499999999	3.319092677851809e-13	1.4659508081440282e-12	80
PDZD11	0.04493958333333331	0.11953277284080034	0.14284741235998033	96
PDZD8	0.09658974358974369	0.16676574353914475	0.19488440574884552	39
PEA15	-0.6057166666666665	4.006930902341932e-14	2.0790796151440077e-13	96
PEAK1	-0.13921666666666663	0.128027081489563	0.15229320739600674	24
PEBP1	-0.8167052083333335	2.5968189220036323e-17	9.541570874547247e-16	96
PECAM1	-0.23590104166666662	1.2410266275009513e-08	3.081438802333043e-08	96
PECR	-0.3846072916666665	2.252603964654719e-09	6.096483592224146e-09	96
PEF1	-0.33178333333333326	5.268555440624859e-11	1.7092233293593896e-10	96
PELO	-0.08067954545454548	0.06838541268267467	0.08452426928667361	88
PELP1	0.24153541666666678	1.1185802963352445e-08	2.793952050675039e-08	96
PEPD	-0.40082812500000004	9.930094266072278e-08	2.2394710552048877e-07	96
PES1	0.7394416666666664	2.0848726589042098e-17	9.541570874547247e-16	96
PET100	-0.16576086956521743	0.20015525817871094	0.2310463914523351	23
PET117	-0.004304545454545439	0.5235109329223633	0.5609702681642126	22
PEX1	0.01773636363636363	0.8189875959934394	0.8404080424472292	88
PEX11B	0.3068625	2.7550710066489625e-09	7.36992479410203e-09	96
PEX14	0.21158333333333332	5.59735245288143e-10	1.6130858078342575e-09	96
PEX16	0.1502758620689655	0.0622917003929615	0.07754964148012224	29
PEX19	-0.01594375	0.40680460296637977	0.44457685873307795	96
PEX26	-0.08982999999999998	0.3299827575683594	0.3672618315404982	20
PEX3	0.22189791666666656	1.1066304252522204e-08	2.7682265186491973e-08	96
PEX5	-0.3172288888888889	1.347418407249279e-05	2.4659035663225034e-05	45
PEX6	-0.09868400000000001	0.13364005088806152	0.1583523669035685	25
PF4	-0.6019724137931035	0.03080105036497116	0.03989271175648485	29
PFAS	-0.2463927083333333	1.8192607264440358e-06	3.6250134284862003e-06	96
PFDN1	0.006175000000000004	0.7643378828359942	0.7886875570212155	96
PFDN2	0.15883645833333332	6.389362559904557e-06	1.2061619312114216e-05	96
PFDN4	0.005507291666666674	0.676976005279061	0.707892854132059	96
PFDN5	0.017765625	0.19453437472733504	0.22498424729142724	96
PFDN6	0.20062812500000002	6.62423938644466e-08	1.5214660062874776e-07	96
PFKFB2	-0.1517802083333333	0.0123710385234792	0.01676552888397891	96
PFKL	-0.05963229166666665	0.030513977663030135	0.03953616765957303	96
PFKM	-0.8563437499999996	7.255270713191474e-17	1.3868512389009543e-15	96
PFKP	-0.36238854166666673	9.635055194716184e-08	2.1742881029717752e-07	96
PFN1	-0.7682437499999999	1.054261668973028e-14	6.349229387019789e-14	96
PFN2	-0.8609145833333333	2.0598692603364438e-16	2.5879518478646445e-15	96
PGAM1	-0.7025062499999999	9.815158768255153e-11	3.074225031569739e-10	96
PGAM5	0.5999958333333335	2.188974018419299e-16	2.680201366477361e-15	96
PGAP3	-0.094922	0.1255634661063354	0.1496013663838402	50
PGD	0.30583958333333333	2.3558867615388275e-09	6.3629807903236695e-09	96
PGGT1B	-0.25832916666666655	7.636847580616323e-08	1.7450820987178103e-07	96
PGK1	0.016463541666666665	0.5987348338135896	0.6332826738223826	96
PGLS	-0.02375208333333333	0.2697646827062994	0.3048940795614155	96
PGLYRP1	0.49790169491525416	0.0001953621417796921	0.0003204607846454656	59
PGLYRP2	-0.7426093750000001	1.270182502306845e-14	7.482075476102536e-14	96
PGM1	-0.921130208333333	2.4722814504825123e-16	2.9462663960947775e-15	96
PGM2	-0.3728916666666667	4.676413045345708e-08	1.090892041767189e-07	96
PGM2L1	0.05615000000000001	0.44719605743296087	0.4855548530741608	96
PGM3	0.13628437499999999	0.015401061233027947	0.020648625062426956	96
PGM5	-2.355611458333334	1.1874872303006181e-16	1.827684245032609e-15	96
PGP	-0.11458645833333335	0.025323080174815313	0.033182137674382016	96
PGPEP1	-0.1973603174603175	0.0006350020313501665	0.0009893703270618362	63
PGRMC1	-0.1149114583333334	0.004468286022366639	0.006370018713253392	96
PGRMC2	-0.3549145833333333	4.700403646824567e-17	1.106491511106878e-15	96
PHACTR2	-0.09222666666666672	0.16656971025480516	0.19468923102778535	45
PHACTR4	-0.43717499999999987	1.758892409498003e-08	4.283270118084248e-08	48
PHAX	0.06851549295774646	0.1993219097447808	0.2301636303748252	71
PHB	0.22286562500000004	1.2884030817881312e-07	2.869957554622513e-07	96
PHB2	0.18313854166666665	7.268507581285783e-06	1.365185256518654e-05	96
PHC2	0.12494848484848486	0.2602848338696484	0.2948669752696105	33
PHF1	-0.5452730158730157	4.3288254384858716e-08	1.012978369961692e-07	63
PHF10	0.15892812500000006	0.021623995155096054	0.02852445605496253	32
PHF14	0.21886145833333337	6.574759210639918e-07	1.3699069727765963e-06	96
PHF2	-0.25707857142857143	0.004035361109343698	0.005779939727281569	56
PHF3	0.010843589743589765	0.5351895385499816	0.5723874723627972	78
PHF5A	0.33718541666666674	1.6900361026201466e-14	9.625171657452091e-14	96
PHF6	0.7411479166666668	2.853238441876248e-17	9.541570874547247e-16	96
PHF8	0.4010953846153845	6.641166192842955e-09	1.698649789850682e-08	65
PHGDH	-0.41293854166666666	6.226078965274517e-06	1.1766412331838517e-05	96
PHIP	-0.03725	0.4256598945470915	0.4635961416422787	96
PHKA2	-0.1671931034482759	0.04802640900015831	0.060748336723616535	29
PHKB	-0.18328541666666665	1.1690458296556942e-09	3.2584663361695272e-09	96
PHLDA3	-0.6602000000000001	2.313892634126471e-06	4.553800434835581e-06	45
PHLDB1	-0.4621656249999999	9.865484715781755e-16	8.335961833523904e-15	96
PHLDB2	-0.6169816901408451	1.8367877782198786e-08	4.4632412908646016e-08	71
PHPT1	-0.6607937500000001	4.546769996970264e-11	1.4887398687005125e-10	96
PHRF1	0.05204000000000002	0.6580087852326646	0.690209652927759	20
PHYH	-0.11775512820512823	0.027525545968288084	0.03587893683723426	78
PHYKPL	-0.456934375	7.404014468193054e-05	0.00012613898696573693	32
PI4K2A	0.17740227272727266	8.13680521416251e-05	0.0001382020915995349	88
PI4KA	-0.35775312499999995	1.2627997086309311e-14	7.451295730171431e-14	96
PICALM	-0.010465624999999994	0.7202516720132027	0.7478979209931245	96
PICK1	0.05697500000000001	0.7965622618794441	0.8194014435677999	28
PIGK	0.04393645833333332	0.2542259081411111	0.28854705087442306	96
PIGO	0.12779425287356322	0.0007316208626862674	0.0011328050698735674	87
PIGR	-0.6102364583333335	4.436322111975706e-06	8.48697783672966e-06	96
PIGS	-0.00023750000000001778	0.45598195667894204	0.4942935768878691	96
PIGT	0.10467708333333331	0.000267206712557253	0.0004329123000595533	96
PIGU	0.254003125	1.6282085435140416e-07	3.5968558177266067e-07	96
PIH1D1	0.17527125000000005	5.76318596729436e-06	1.0922377021067193e-05	80
PIK3AP1	0.014438297872340423	0.9707359243559068	0.9743347788028585	47
PIK3C2A	0.08651388888888892	0.008214891696012952	0.01133793630704606	72
PIK3C3	-0.24999318181818184	2.4971157387331848e-08	5.985405320171824e-08	88
PIK3CA	-0.2774655172413793	0.006451543420553207	0.009013620326632958	29
PIK3R1	-0.2512568181818182	2.7498296947443484e-09	7.3588382217949084e-09	88
PIK3R2	-0.25273421052631573	0.00026493799520001764	0.0004294440709825848	38
PIK3R4	-0.21074687500000003	1.2590302080477783e-11	4.417800034410326e-11	96
PIN1	-0.6500437499999997	1.4277622998311496e-16	2.0511471669308747e-15	96
PIN4	0.3033718749999999	5.493082812534286e-07	1.1541839207420146e-06	96
PINX1	0.018779166666666663	0.8333734273910522	0.8530824419234925	24
PIP4K2A	-0.3880531250000003	3.630998848613932e-14	1.91061735492948e-13	96
PIP4K2B	-0.3952333333333334	3.933892288343308e-12	1.471973416759356e-11	96
PIP4K2C	0.07981458333333333	0.01052701277428477	0.014375275534841548	96
PIP5K1C	-1.17682	3.832878430045033e-15	2.6000790078030463e-14	90
PIR	0.04047916666666667	0.8037528809255816	0.8265447697930299	96
PISD	-0.0074700000000000035	0.9102974190317078	0.9219784698495965	90
PITHD1	-0.5875864583333331	3.384004790631169e-14	1.7949890845362161e-13	96
PITPNA	-0.5624687500000004	1.1524109304506698e-11	4.06067485945039e-11	96
PITPNB	-0.3737322916666666	4.0865981382092323e-07	8.690011698651581e-07	96
PITPNM1	-0.11593214285714286	0.23187671328635528	0.2648384183585559	28
PITRM1	0.24907812500000004	5.596984234318001e-10	1.6130858078342575e-09	96
PKLR	-0.5568423076923077	0.006130725145339966	0.008599421910952506	26
PKM	0.2774197916666666	7.089201913703854e-07	1.4734032106269875e-06	96
PKN1	-0.11331562500000003	0.006551777639000204	0.009146041652112438	96
PKN2	-0.19784479166666666	8.010027468900265e-10	2.2703537933608736e-09	96
PKP2	0.021300000000000013	0.8407085340259938	0.8596580726858393	96
PKP3	0.5740645833333332	1.7331062470597696e-15	1.3197968003999995e-14	96
PKP4	0.059103448275862044	0.18666628700887566	0.21644385059497873	87
PLA2G1B	-0.9824187499999999	1.1775188099250045e-05	2.169726365225722e-05	48
PLA2G2A	-1.291133333333334	7.315121595629243e-13	3.050164747363368e-12	96
PLA2G4A	-0.5457896551724137	5.2433924331930984e-08	1.2172290600101209e-07	87
PLAA	0.08587604166666668	0.002813575750836115	0.0041008645909970665	96
PLAC9	-1.0597282051282058	1.1910396081427298e-11	4.192384433908486e-11	78
PLAT	-0.8929255319148933	5.719016371585894e-10	1.6474401389853915e-09	47
PLAU	0.9713230769230767	1.1688825907185674e-08	2.9130881504943792e-08	39
PLAUR	0.15714230769230766	0.034617489201959964	0.04457749233319566	52
PLBD1	0.635271875	1.6427062858541006e-14	9.395965349752626e-14	96
PLBD2	0.044088059701492543	0.48807256543801614	0.5255985299395908	67
PLCB1	-1.0186206896551728	8.00927627714227e-14	3.919346064430889e-13	87
PLCB2	-0.17562857142857138	0.035904485501920186	0.046102046551652155	70
PLCB3	-0.05268750000000002	0.1458310890457541	0.17149531575950291	96
PLCB4	-0.17910689655172407	0.003177889161443154	0.0046008757842300645	87
PLCD1	-0.9423760416666668	1.781293897222056e-17	9.541570874547247e-16	96
PLCD3	-0.5554924050632911	7.878751654795392e-14	3.858287945403086e-13	79
PLCG1	0.07964791666666665	0.040715650512147795	0.05201090999352619	96
PLCG2	-0.4312416666666667	1.9990753117238567e-12	7.843155711318921e-12	96
PLD1	-0.15433595505617975	0.009892157842206022	0.013549711507423479	89
PLD3	-0.6012687500000001	7.613319726626047e-13	3.164669271743132e-12	96
PLEC	-0.11292083333333335	0.0034617732060099305	0.004992484187257227	96
PLEK	0.130034375	0.05551050501546329	0.06961121086892397	96
PLEK2	0.40440185185185173	2.560574629384623e-07	5.550531563341336e-07	54
PLEKHA1	-0.2568666666666666	0.002151489805849547	0.0031751749026494966	87
PLEKHA2	-0.14904270833333336	3.845168229256122e-05	6.712785232911612e-05	96
PLEKHA5	-0.031226041666666687	0.19961013485838397	0.23045678794783997	96
PLEKHA6	-0.07354895833333334	0.042545706405543914	0.05415274981498655	96
PLEKHA7	-0.14975172413793106	0.000906017242186175	0.001392228510725389	87
PLEKHF1	-0.20360892857142857	0.0006904408469660811	0.0010722610283091293	56
PLEKHF2	-0.21546666666666675	1.191954751554056e-07	2.6632538248291424e-07	87
PLEKHG3	-0.009950574712643687	0.592374342505344	0.6271484083743654	87
PLEKHO1	-1.0296243243243244	1.3154931366443634e-08	3.251895156133764e-08	37
PLEKHO2	-0.2178979166666666	1.9382376187817525e-05	3.494661699652453e-05	96
PLG	-0.5504041666666668	1.7143199372888733e-08	4.182317257916746e-08	96
PLGRKT	-0.023991666666666658	0.2925962251568345	0.32881542287725335	96
PLIN1	-1.2873760416666669	1.4675100880982142e-09	4.036958576948836e-09	96
PLIN2	0.7663895833333333	3.02344576821484e-14	1.616278697924571e-13	96
PLIN3	0.14606666666666665	5.3446450933526485e-08	1.23846805719239e-07	96
PLIN4	-2.3910052083333335	3.666029401551288e-16	3.8855278443929844e-15	96
PLOD1	0.5500989583333334	3.68226880173387e-14	1.9303084251634412e-13	96
PLOD2	1.0602697916666664	1.0832468762588728e-16	1.7140337954765985e-15	96
PLOD3	0.5024447916666667	2.604975543905349e-17	9.541570874547247e-16	96
PLP1	-2.160750632911392	1.560180928344999e-14	9.015722522193452e-14	79
PLP2	-0.2340885416666667	2.8873314119157384e-07	6.222649033903851e-07	96
PLPBP	-0.18420104166666676	5.6834981820344656e-08	1.3134891251556745e-07	96
PLPP1	-0.8248142857142856	6.67572021484375e-06	1.2573668422624008e-05	21
PLPP2	0.3523729166666667	0.00014528403752852326	0.00024156396723144053	48
PLPP3	-1.026858227848101	1.7492368519715315e-14	9.911849695842065e-14	79
PLRG1	0.3715395833333333	1.3677880296147267e-15	1.0927095855126882e-14	96
PLS1	-0.011809374999999995	0.9475548508133181	0.9539534494822443	96
PLS3	0.75543125	2.5486865145728734e-16	3.0051208833513896e-15	96
PLSCR1	0.3550739583333335	1.3013458517336596e-07	2.897686465078368e-07	96
PLSCR3	-0.5065259259259258	2.6540458447738602e-11	8.902996786293914e-11	81
PLSCR4	-0.934587692307692	4.822862282395455e-12	1.7846984584992336e-11	65
PLTP	-0.44678958333333335	5.042795699032118e-07	1.062232852270219e-06	96
PLVAP	-0.7648739583333329	2.5168114032870984e-17	9.541570874547247e-16	96
PLXDC2	-0.19691954022988511	0.01640560568012663	0.02191660862364985	87
PLXNB2	-0.2114447916666666	6.45898270914735e-15	4.08419556980863e-14	96
PM20D2	-0.058742708333333275	0.6084854322035049	0.6428864196304432	96
PML	0.5289322916666667	1.018564176125384e-16	1.6426795811599042e-15	96
PMM2	0.22826250000000003	3.637566860724637e-05	6.36692827252846e-05	96
PMPCA	0.38889999999999997	4.0065420939332795e-14	2.0790796151440077e-13	96
PMPCB	0.3389791666666668	2.4205637856588263e-13	1.0921023831866218e-12	96
PMVK	-0.6737760416666667	6.843308159425862e-15	4.302882328171332e-14	96
PNISR	0.1997696969696969	0.000670310628635297	0.001041963393770669	66
PNKD	0.01623749999999999	0.9199523722508071	0.9306333633037794	96
PNKP	0.16361609195402296	1.025663675210051e-08	2.5742895384164693e-08	87
PNN	0.4524916666666667	2.852893555536607e-17	9.541570874547247e-16	96
PNO1	0.686640625	2.3635919006751633e-17	9.541570874547247e-16	96
PNP	0.22644895833333323	6.014712218228309e-06	1.137336648029699e-05	96
PNPLA4	-0.18146470588235297	0.07234449649695307	0.089073082583604	34
PNPLA6	-0.09918229166666669	5.29486732822689e-05	9.136642208095217e-05	96
PNPLA8	-0.1098811320754717	0.011202128095190405	0.015263013279982215	53
PNPO	-0.15363020833333332	0.00747386692682075	0.0103535356622012	96
PNPT1	0.43211145833333364	3.941093227871332e-15	2.6629971719357266e-14	96
POC1B-GALNT4	0.4365166666666667	1.1960059435291392e-09	3.3280812422799646e-09	96
PODN	-0.8398080459770116	6.494414929706594e-15	4.1027334993786764e-14	87
PODXL	-0.22439687500000005	7.331185940860097e-06	1.3761870866600558e-05	96
POF1B	0.4601843749999997	4.038670067020321e-10	1.1821744101064282e-09	96
POFUT1	0.40383125000000003	1.8858242794239104e-08	4.577422246980831e-08	96
POFUT2	-0.14719111111111116	0.04392099500942983	0.0557610241814921	45
POGLUT1	0.05475104166666666	0.011327259626457236	0.015414723090040891	96
POGZ	0.049418749999999984	0.06497545443722086	0.08065130875472983	96
POLA2	0.39545769230769223	0.001971602439880371	0.0029186850770426763	26
POLB	0.32924270833333336	1.3076502576023529e-11	4.567083808010985e-11	96
POLD1	0.4222770833333333	3.4061650917218297e-15	2.346320632411532e-14	96
POLD2	0.1404916666666666	0.00246502866647869	0.003614836573421974	96
POLD3	0.37774285714285705	3.6471174098551273e-06	7.029161362458503e-06	35
POLDIP2	0.32593854166666675	6.573312715529336e-13	2.76144990660528e-12	96
POLDIP3	0.20761770833333337	1.0030697157049311e-07	2.2612885492823868e-07	96
POLE3	0.13339374999999995	0.0015822767607779308	0.002370588385006507	96
POLE4	-0.058592307692307714	0.5822249948978424	0.6172036704931715	26
POLR1A	0.46008854166666674	6.115398643982687e-16	5.762708190737161e-15	96
POLR1B	0.4683103448275862	8.271005878263154e-14	4.0409237799420455e-13	87
POLR1C	0.1197041666666666	0.0017376646706492253	0.002592393212227185	96
POLR1D	0.4042650000000001	1.2293345564111206e-08	3.0535377782162935e-08	80
POLR1E	0.6990645833333332	2.2566143050120903e-16	2.7526591586047482e-15	96
POLR2A	0.10650520833333331	1.0654192542931253e-05	1.97129006537578e-05	96
POLR2B	0.16504166666666656	7.972095592797077e-12	2.8601491621430797e-11	96
POLR2C	0.20635729166666675	1.1169268724956321e-09	3.1157847765377114e-09	96
POLR2D	0.11921477272727271	0.0001325079659778193	0.0002210882725056428	88
POLR2E	0.3637322916666667	3.34794865753026e-16	3.61135917917466e-15	96
POLR2F	0.3010833333333333	0.00865242383451914	0.011912397189778148	42
POLR2G	0.16100729166666664	6.166041249582033e-09	1.5837661080951707e-08	96
POLR2H	0.19857045454545455	8.10004192407472e-06	1.5145814177429568e-05	88
POLR2I	-0.05011375	0.24576331143070496	0.27969907657143334	80
POLR2J3	0.2480104166666666	3.4680027360787525e-05	6.082831465713033e-05	96
POLR2K	0.2839507936507937	3.548821878878435e-05	6.218084613579373e-05	63
POLR2L	0.3194822916666666	2.05569684834529e-11	6.99729586785822e-11	96
POLR3A	0.3706965909090908	2.2217257318323587e-11	7.547117941702935e-11	88
POLR3B	0.12857719298245612	0.21962170687303073	0.2519996633164295	57
POLR3C	-0.07892567567567567	0.09925068829376758	0.1200852782259489	74
POLR3E	0.3244250000000001	0.0023250579833984375	0.0034214338132490716	20
POLRMT	0.019009195402298854	0.48628551569486445	0.523842248682859	87
POM121C	0.07630961538461536	0.3919700289355267	0.43011562383520585	52
POMP	0.21947586206896552	0.047909541833156606	0.060611939686714626	58
PON1	-0.8607427083333339	6.0956070738975844e-15	3.891096846696374e-14	96
PON2	0.2943906250000001	1.2517567697969984e-09	3.4718071078622567e-09	96
PON3	-0.933561458333333	2.7352474065540256e-12	1.051018032678749e-11	96
POP1	0.38699270833333327	1.3735064340461257e-10	4.236714788972624e-10	96
POP4	0.4752826086956521	8.570030746593362e-07	1.7620697603093737e-06	46
POP7	0.08206956521739121	0.24052124611117165	0.27411799888892713	46
POR	0.2989958333333335	9.054234482589938e-12	3.2242494237630516e-11	96
POSTN	0.5904666666666666	1.1206412000898691e-05	2.070039044989794e-05	96
POTEF	-0.9113635416666667	5.43255253444452e-05	9.364727135786369e-05	96
POTEI	-2.1287114942528738	5.9725430507298644e-15	3.830763989230082e-14	87
POTEJ	-1.3125604166666667	4.7757238080249826e-11	1.5576242599922026e-10	96
POU2F1	0.2609354838709678	0.00018116808766251442	0.0002986380098594126	62
PPA1	0.5449531250000001	3.5576395940353234e-09	9.374785560244693e-09	96
PPA2	-0.10257604166666666	0.042732306612682465	0.054349013282367145	96
PPAN-P2RY11	0.5376227272727273	1.2575317979260923e-14	7.42674369039274e-14	88
PPAT	0.17291041666666673	2.1026926963099704e-06	4.167493441519525e-06	96
PPBP	-0.8375999999999998	1.8137171796264954e-11	6.237158882147759e-11	96
PPCS	-0.1458333333333334	1.2621935195391666e-06	2.551387864594236e-06	96
PPFIA1	-0.008382291666666665	0.5441060486185394	0.5804432310672255	96
PPFIBP1	-0.02649062499999999	0.5861027382537152	0.6210967099896028	96
PPFIBP2	0.069871875	0.23919386281484356	0.27273141156097647	64
PPHLN1	0.5030080459770115	5.0959221767832896e-14	2.5900410518211433e-13	87
PPIA	0.11201354166666672	0.00030780525325955626	0.0004960522325530538	96
PPIB	0.3306395833333332	1.2934640438166694e-10	3.9990093409981725e-10	96
PPIC	0.29985729166666664	4.918969604564555e-09	1.2741840570279382e-08	96
PPID	0.3369572916666666	3.9978509315131056e-14	2.0790796151440077e-13	96
PPIE	0.22550000000000006	8.12296054860462e-06	1.5180206774537156e-05	96
PPIF	0.32713333333333333	2.409243558706627e-09	6.494217869116818e-09	96
PPIG	0.4007885416666664	4.876049361565899e-14	2.487712179980655e-13	96
PPIH	0.3197072916666666	6.752576634418573e-12	2.444848172709887e-11	96
PPIL1	0.198946875	9.562673754132625e-07	1.9529978148090042e-06	96
PPIL2	-0.011682758620689675	0.9864928120877747	0.9884080460419475	87
PPIL3	-0.020945833333333313	0.7477711854448261	0.7739583843699758	96
PPIL4	0.2620208333333333	4.0696887183268636e-11	1.3377531411687863e-10	96
PPIP5K2	-0.20244687500000005	4.5404280806674003e-07	9.621519896777508e-07	96
PPL	-0.5710156250000001	5.954036857882747e-11	1.9204631384391994e-10	96
PPM1A	-0.6504229166666667	1.564872706020501e-16	2.138480918970842e-15	96
PPM1B	-0.21596666666666672	8.36601100955195e-08	1.9013403747657195e-07	96
PPM1F	-0.47315729166666665	6.492912469866922e-16	6.02724797378804e-15	96
PPM1G	0.49587604166666654	2.1939117015832907e-15	1.6017125190248598e-14	96
PPM1H	0.25860540540540544	0.0800417212449247	0.09803462018306869	37
PPME1	0.022196875000000005	0.08588283160483741	0.10478049049588184	96
PPOX	-0.08741250000000002	0.02461440168005659	0.0322976766813025	96
PPP1CA	0.3813468749999999	8.498284482657146e-16	7.452939946947293e-15	96
PPP1CB	-0.7860583333333332	1.663346136762959e-16	2.2367366055356416e-15	96
PPP1CC	-0.07152395833333335	0.02291730739522465	0.030159320383397834	96
PPP1R10	0.45038125	1.1876252075578165e-16	1.827684245032609e-15	96
PPP1R11	-0.331152380952381	2.737462584765957e-06	5.349733900726712e-06	63
PPP1R12A	-1.0097562500000001	1.2891082663687595e-15	1.0382505833214894e-14	96
PPP1R12B	-2.0095343750000003	2.122969302222796e-16	2.628610808420695e-15	96
PPP1R12C	-1.2494062500000005	1.050322859665645e-16	1.677961351147697e-15	96
PPP1R13L	0.4927666666666669	1.4248409453648521e-13	6.680124320372323e-13	87
PPP1R14A	-2.357094791666666	4.1504260122781984e-17	1.0274984544787615e-15	96
PPP1R14B	0.234953125	7.223749885305242e-07	1.4995092196940864e-06	96
PPP1R14D	-0.4942614285714284	7.647044503029173e-08	1.7468172138516417e-07	70
PPP1R18	0.04131562499999999	0.2215681142799435	0.2540592170063478	96
PPP1R1B	-0.15936874999999998	0.00637284161858532	0.008905518520951658	96
PPP1R2	-0.36013020833333337	3.518641154399167e-09	9.286610348097565e-09	96
PPP1R21	-0.3532895833333334	2.7910334706855233e-16	3.1850728168059505e-15	96
PPP1R37	-0.019375000000000024	0.7285060882568359	0.755650486412355	20
PPP1R3D	0.17598333333333338	0.014547944962304923	0.01953606139954038	66
PPP1R7	-0.2968166666666667	9.053233108126282e-13	3.7104934161520875e-12	96
PPP1R8	0.128059375	9.508472023182791e-05	0.00016064552708016457	96
PPP1R9B	0.056111494252873546	0.10592733047133071	0.12749667386655142	87
PPP2CA	-0.079696875	0.1488929679408228	0.17488146392068982	96
PPP2CB	-0.43659374999999995	4.894302507166994e-11	1.5940920885255218e-10	96
PPP2R1A	-0.11888229166666665	4.688689938680086e-09	1.219241116224988e-08	96
PPP2R1B	0.148578125	0.004267625466533257	0.006100894791172304	96
PPP2R2A	-0.06808541666666668	0.11996737495693686	0.14332050142512576	96
PPP2R2D	-0.6910099999999999	1.8189894035458565e-11	6.248643066251486e-11	40
PPP2R5A	-0.27867708333333324	3.4360586680322712e-09	9.090109465232061e-09	96
PPP2R5C	-0.20117500000000002	4.5145597592340125e-06	8.631728821155617e-06	96
PPP2R5D	-0.2936687500000001	7.249749720630915e-15	4.532951619358137e-14	96
PPP2R5E	-0.24345520833333326	3.307839708733006e-13	1.4619431229176375e-12	96
PPP3CA	-0.10755416666666666	0.0005487821411357712	0.0008620415323998804	96
PPP3CB	-0.6067974683544305	1.646283269160131e-11	5.696191053530335e-11	79
PPP3R1	-0.28248111111111107	3.6696889534660242e-06	7.070632736589189e-06	90
PPP4C	-0.020035416666666684	0.4256598945470915	0.4635961416422787	96
PPP4R1	-0.10613854166666668	0.02152974282924672	0.028422480252148025	96
PPP4R2	0.24338333333333337	3.930434872034193e-09	1.0308556511523613e-08	96
PPP4R3A	0.1108333333333333	0.0038678882727660032	0.005550729929836817	96
PPP4R3B	0.21346666666666664	0.002135947265873801	0.0031529307385582683	78
PPP5C	-0.2557166666666667	8.895336023889217e-11	2.801822036820317e-10	96
PPP6C	0.01191562499999999	0.8679434661396745	0.8850938918271891	96
PPP6R1	-0.047840625	0.17114258387457448	0.19958206070128978	96
PPP6R2	-0.30788645833333317	4.7174060796569626e-11	1.5401010894607573e-10	96
PPP6R3	-0.012539583333333335	0.8307206802667513	0.850756379775551	96
PPT1	0.02682916666666665	0.6114889676987263	0.6455514530748631	96
PPWD1	0.11066590909090905	0.028929081968044654	0.037598839775980546	88
PQBP1	0.37994895833333325	1.5296298219447396e-14	8.847241932074282e-14	96
PRAF2	-0.1922229166666667	0.0009302781326738167	0.0014272206705027751	96
PRAM1	0.49759166666666665	0.011516094207763672	0.01565582087940962	24
PRC1	0.40778505747126437	4.1324566986366395e-09	1.0817265700801097e-08	87
PRCC	0.2136583333333334	3.359159937439978e-05	5.9042714226577974e-05	96
PRCP	-0.21092187500000004	1.2856346778500678e-06	2.5956434106819457e-06	96
PRDX1	0.069128125	0.020413362642967982	0.027012475339580313	96
PRDX2	-0.7871239583333334	2.3265792135019554e-16	2.8124360258350664e-15	96
PRDX3	-0.09709895833333333	0.002968707842749353	0.004312988856640071	96
PRDX4	0.2510333333333335	2.3763268437796255e-07	5.166162279623301e-07	96
PRDX5	0.11661875000000003	0.14482091036261457	0.17042724746765459	96
PRDX6	-0.8400510416666659	6.611499067870543e-17	1.3282756477231894e-15	96
PREB	0.15303333333333335	7.953401718579311e-08	1.813094533807292e-07	96
PRELP	-1.8359927083333336	1.3023605998200003e-16	1.928816173110901e-15	96
PREP	-0.20113229166666668	0.007115236575964851	0.009881209312388364	96
PREPL	-0.1902957746478873	0.0003733650786768524	0.0005956971017462552	71
PREX1	-0.09860459770114942	0.06749069787931046	0.08346453310088366	87
PRG2	-0.41376458333333327	0.0004913357757058659	0.0007743414891262989	96
PRG3	-0.3675812499999999	0.0028247387668990254	0.004116240744380009	96
PRIM1	0.24210425531914892	0.01092692948733692	0.014900156489947844	47
PRIM2	0.40956125000000004	0.00044662222455290777	0.0007068621147736396	80
PRKAA1	-0.18074687499999995	5.0632518402789185e-09	1.3100407480305153e-08	96
PRKAB1	-0.19519166666666657	3.937616143953631e-05	6.87090888256419e-05	96
PRKAB2	-0.9171816091954023	1.4361568782953341e-15	1.1389097513573754e-14	87
PRKACA	-0.5058822916666665	3.119868944911621e-15	2.1851156177318043e-14	96
PRKACB	-1.0358916666666669	5.1594163565571056e-17	1.1501209738983099e-15	96
PRKACG	-0.9626084745762713	5.1429039780173636e-11	1.6692667048146344e-10	59
PRKAG1	-0.3195270833333334	3.508568044529454e-10	1.0337717615611816e-09	96
PRKAR1A	-0.8502937499999996	2.8530659937810055e-17	9.541570874547247e-16	96
PRKAR1B	-0.5637907407407409	3.7888997515432946e-05	6.619720946120824e-05	54
PRKAR2A	-0.2109937500000001	7.26057051588708e-09	1.8507282519409734e-08	96
PRKAR2B	-1.2276197916666667	1.7810758177901125e-17	9.541570874547247e-16	96
PRKCA	-1.1182770833333338	2.6271196030880623e-16	3.0495408837561495e-15	96
PRKCB	-1.0931416666666667	7.770815390416635e-16	6.9419973973775235e-15	96
PRKCD	-0.004269791666666671	0.48519385136379556	0.5227502085755106	96
PRKCDBP	-1.6114468750000004	2.2193125308566303e-17	9.541570874547247e-16	96
PRKCE	-0.8013822222222221	4.943672138324473e-10	1.435183746257849e-09	45
PRKCI	0.0855134146341463	0.08176478509673588	0.0999744747975216	82
PRKCSH	0.13090937499999997	2.6402472555651503e-05	4.684995488768588e-05	96
PRKD1	-0.06079	0.7285060882568359	0.755650486412355	20
PRKD2	-0.15119375000000007	0.0030356000456895874	0.004407236681785639	80
PRKDC	0.6267000000000003	1.780748745989751e-17	9.541570874547247e-16	96
PRKG1	-1.002078125	9.294794075766354e-16	8.00497733688273e-15	96
PRKRA	0.08373125	0.0013861385707356077	0.0020879217941322838	96
PRMT1	0.4762822916666665	3.384500211564038e-14	1.7949890845362161e-13	96
PRMT3	0.5864734177215191	1.9798069483111908e-13	9.103855254434393e-13	79
PRMT5	0.12387812500000002	6.593209040692765e-05	0.00011278388438043795	96
PRNP	-1.3595160919540228	1.3409921094417633e-15	1.0774510254185379e-14	87
PROC	-0.42064090909090907	0.01272726058959961	0.017229053933741682	22
PROCR	-0.6810874999999998	2.966026828589264e-16	3.3109940088195295e-15	96
PROM1	0.2793909090909091	0.006254862751809049	0.008755241853095537	66
PROS1	-0.3595458333333334	2.515322982366222e-05	4.473834010788702e-05	96
PRPF19	0.5753333333333333	2.4389408955562175e-17	9.541570874547247e-16	96
PRPF3	0.4289614583333335	6.458649963231837e-15	4.08419556980863e-14	96
PRPF31	0.3445229166666668	1.7684315987303836e-16	2.330113220602478e-15	96
PRPF38A	0.1472104166666666	3.2535670294088774e-05	5.72617555097171e-05	96
PRPF38B	0.33296875	5.642838087421233e-12	2.0676859871592298e-11	96
PRPF39	0.03929642857142857	0.7792982533574104	0.8031705408191134	28
PRPF4	0.39128854166666655	1.564872706020501e-16	2.138480918970842e-15	96
PRPF40A	0.4922114583333334	2.1235758804054505e-16	2.628610808420695e-15	96
PRPF4B	0.3989239583333333	1.3645770627365345e-14	7.974692956358372e-14	96
PRPF6	0.39948229166666677	1.3022096889322225e-16	1.928816173110901e-15	96
PRPF8	0.4296833333333334	1.7809667875440116e-17	9.541570874547247e-16	96
PRPH	-2.2583875	1.8379603134925984e-17	9.541570874547247e-16	96
PRPS1	-0.24582395833333337	2.186193506782576e-08	5.2683808322572926e-08	96
PRPS2	0.31212291666666664	1.2517963025665225e-09	3.4718071078622567e-09	96
PRPSAP1	-0.07080312500000002	0.004391967121484887	0.00627063362801492	96
PRPSAP2	-0.3189468749999999	1.1867708453721372e-13	5.622913560453155e-13	96
PRR15	0.075646875	0.5142105182506496	0.5517096949870821	96
PRR15L	-0.5649352272727274	2.7442134200842817e-12	1.053859635680907e-11	88
PRR5-ARHGAP8	0.1539083333333334	0.13066144444746897	0.15517925841707722	36
PRRC1	0.046059374999999986	0.2745523619118483	0.3099397267485428	96
PRRC2A	0.22614375000000006	1.4203292571275322e-12	5.672017253612271e-12	96
PRRC2B	0.2535949152542373	5.050502725426853e-05	8.728444818363925e-05	59
PRRC2C	0.3145041666666665	2.1511874056686433e-17	9.541570874547247e-16	96
PRSS1	-0.5732833333333334	1.8818872759035992e-09	5.138616904370064e-09	96
PRSS23	-0.7022909090909089	4.789361839560283e-09	1.2449038679259222e-08	88
PRSS3	-0.35978524590163924	0.007621319887567797	0.010546913185992646	61
PRSS8	0.37534583333333327	0.0023572678546812786	0.0034651424270501093	48
PRTN3	0.7822958333333334	6.512108458781902e-09	1.6669109366641656e-08	96
PRUNE1	-0.3731749999999998	5.303929984098946e-13	2.2552102492913976e-12	96
PRUNE2	-1.1352968749999997	1.5177269179091885e-16	2.1171735511991784e-15	96
PSAP	0.05278229166666664	0.6347028665942487	0.6680611126421109	96
PSAT1	0.6041614583333329	2.5734663541543225e-11	8.645661377076288e-11	96
PSEN1	0.16598958333333333	0.0006866430994047684	0.0010666099916431097	96
PSIP1	-0.05227395833333332	0.3328480476930463	0.3700211353724354	96
PSMA1	0.18262708333333325	1.3401622805352265e-09	3.706161887926972e-09	96
PSMA2	0.11553124999999992	4.2950904291277466e-05	7.469093231990165e-05	96
PSMA3	0.20437916666666658	1.0643073775461184e-07	2.3913054909433716e-07	96
PSMA4	0.2210927083333333	4.497240386833154e-07	9.536025839211009e-07	96
PSMA5	0.2267302083333332	5.5116887146851866e-08	1.275540516965261e-07	96
PSMA6	0.11654479166666665	8.551854007315749e-05	0.00014510467510136913	96
PSMA7	0.24088541666666666	6.399435064117871e-13	2.691893277764409e-12	96
PSMB1	0.05476979166666666	0.06685590819390655	0.08272524678585744	96
PSMB10	0.31306979166666665	3.3579606579697206e-08	7.93000671370152e-08	96
PSMB2	0.00044791666666666043	0.7784174743817495	0.8024589483139455	96
PSMB3	-0.05885104166666668	0.06962103566676914	0.08600396396397608	96
PSMB4	0.07921458333333338	0.004840273401118832	0.0068784990993658625	96
PSMB5	-0.3003989583333332	1.707117214846053e-06	3.4116918064945398e-06	96
PSMB6	-0.36444479166666666	4.868322370180586e-10	1.4151462210373287e-09	96
PSMB7	0.009406250000000001	0.6769772771070638	0.707892854132059	96
PSMB8	0.27970625	3.1005312657049264e-11	1.0313071027077021e-10	96
PSMB9	0.30844895833333336	4.724686708445527e-08	1.1017700078888094e-07	96
PSMC1	0.2731677083333332	9.02127847507456e-16	7.799880331270176e-15	96
PSMC2	0.28466562499999987	2.541231289943443e-15	1.8176999182528585e-14	96
PSMC3	0.2056968749999998	1.15436587895219e-13	5.489273801595421e-13	96
PSMC4	0.20766666666666658	3.636561470894167e-13	1.5969226067242587e-12	96
PSMC5	0.2382406250000001	3.8275956565835855e-15	2.5992595485530588e-14	96
PSMC6	0.15815520833333338	4.5390516569232697e-10	1.3228713104386715e-09	96
PSMD1	0.2297093750000001	9.672358412280642e-15	5.872864497933895e-14	96
PSMD10	-0.11835937500000006	0.0018489466092704281	0.0027493152727617346	96
PSMD11	0.263703125	9.574905231391799e-16	8.215481039143805e-15	96
PSMD12	0.20905833333333343	1.467602022533643e-09	4.036958576948836e-09	96
PSMD13	0.23790520833333328	3.7878744985418926e-14	1.983829040649302e-13	96
PSMD14	0.37861875	9.864945994908218e-16	8.335961833523904e-15	96
PSMD2	0.3189072916666667	5.588245233111425e-16	5.3876127860224965e-15	96
PSMD3	0.23258958333333335	1.5737530274083178e-14	9.070712251617186e-14	96
PSMD4	0.1590489583333333	3.089538028819819e-08	7.326868375875633e-08	96
PSMD5	-0.15302708333333329	5.869962928252846e-07	1.2302899495672708e-06	96
PSMD6	0.3198468749999999	4.848841191360182e-17	1.1065582788653538e-15	96
PSMD7	0.17586562500000005	3.7645837649256884e-10	1.1058052749074623e-09	96
PSMD8	0.31843541666666675	8.872889360195413e-15	5.4363666408722395e-14	96
PSMD9	-0.35890416666666675	9.407029962894688e-12	3.3464613643717646e-11	96
PSME1	0.10396041666666667	0.028734458571241617	0.03737485121257464	96
PSME2	0.27631875	6.899730592714678e-08	1.5809526142938105e-07	96
PSME3	0.7696822916666669	3.232977711649924e-17	9.764418690273611e-16	96
PSME4	0.09807341772151895	0.006982652869082244	0.009713169831779552	79
PSMF1	-0.21253541666666675	2.2195012194145468e-06	4.382261188480636e-06	96
PSMG1	0.4215239583333334	4.513531640962516e-13	1.9474361852577127e-12	96
PSMG2	0.398490625	1.5708212916862305e-09	4.3138109070499056e-09	96
PSMG3	0.31889545454545454	8.116989821338024e-06	1.5173275205170464e-05	66
PSMG4	0.021781395348837208	0.619666805345787	0.6533623443446306	43
PSPC1	0.4746739583333333	2.4722814504825123e-16	2.9462663960947775e-15	96
PSPH	0.14059076923076927	0.058509113955192635	0.07315274795478707	65
PSTPIP2	0.3443027397260274	7.351232768584789e-06	1.3795642138303594e-05	73
PTBP1	0.5024520833333335	6.025915837448744e-17	1.2594351823502686e-15	96
PTBP2	0.6388135416666668	1.9572804238343518e-17	9.541570874547247e-16	96
PTBP3	0.3733562499999999	5.092750833368042e-15	3.3233466259703254e-14	96
PTCD3	0.2519250000000001	5.1823799641876664e-08	1.204825025929732e-07	96
PTDSS1	0.21126145833333343	4.538027533670295e-05	7.869581111702111e-05	96
PTDSS2	-0.15193661971830985	0.002996907343902106	0.004352002461090742	71
PTEN	-0.29997343750000005	9.66601448538603e-05	0.00016326609059026906	64
PTER	-0.5545423076923077	1.2667682601947012e-09	3.51042885487247e-09	78
PTGDS	-0.8302486111111111	1.6502465339741924e-11	5.706960822903534e-11	72
PTGES	-0.21298450704225355	0.005550010762993634	0.007829062701624116	71
PTGES2	0.1156822916666667	0.003361455640960979	0.0048540692843752065	96
PTGES3	0.45389270833333334	2.7747553108154082e-15	1.972120584753246e-14	96
PTGES3L-AARSD1	0.031817977528089854	0.2666574587400793	0.30163629922225454	89
PTGFRN	-1.0769437499999999	2.0200829402503628e-17	9.541570874547247e-16	96
PTGIS	-0.8114750000000002	3.733075117361181e-11	1.2325394174397718e-10	96
PTGR1	-0.8666645833333336	2.6271196030880623e-16	3.0495408837561495e-15	96
PTGR2	-0.3821130434782608	1.4642635626857967e-06	2.9456504473940062e-06	69
PTGS1	-1.4898208333333336	2.439236999585466e-17	9.541570874547247e-16	96
PTGS2	1.1690363636363637	0.0021948814392089844	0.0032356536092404036	22
PTK2	-0.00120729166666667	0.6530849962374269	0.6855811383158148	96
PTK2B	-0.2074937499999999	1.7353080105023465e-07	3.8221212877413795e-07	96
PTK6	-0.20680789473684213	0.002404527782346122	0.0035307456537010578	38
PTK7	0.4308500000000001	2.987385280373371e-11	9.96636889409495e-11	96
PTMA	0.3115666666666666	3.814983477875975e-05	6.66355744677686e-05	96
PTMS	-0.6444687499999996	6.659902024450696e-10	1.9045730043495195e-09	96
PTN	-2.1374436619718313	2.429215736341892e-13	1.0952693800482361e-12	71
PTP4A1	-0.47348965517241376	9.578738025343722e-11	3.004383048715803e-10	87
PTP4A2	-0.279225	5.190780494035954e-06	9.887832576515394e-06	96
PTPA	-0.3348052083333332	4.121083632136495e-14	2.1317155040866423e-13	96
PTPMT1	0.33765312499999983	5.860492775443707e-08	1.3535297081351618e-07	96
PTPN1	0.3536989583333334	4.298125254322173e-14	2.2181632562498045e-13	96
PTPN11	-0.3122791666666665	3.0747660423510754e-12	1.1747497367957496e-11	96
PTPN12	0.3008031249999999	1.9466627448437548e-08	4.7148593339916076e-08	96
PTPN18	-0.12339615384615381	0.380193829536438	0.41828802924892794	26
PTPN2	-0.018339436619718305	0.9497439502116114	0.9560138277523932	71
PTPN23	-0.16428854166666673	4.574736018766261e-13	1.9699553241272687e-12	96
PTPN6	-0.022043749999999997	0.5392654070512506	0.5759203463716714	96
PTPN9	-0.20769374999999995	2.1505997908347024e-06	4.2586700108353065e-06	80
PTPRA	-0.2760181818181818	5.4741377099082685e-06	1.0398314739751894e-05	88
PTPRC	0.03189062500000001	0.45157616985651483	0.49015119294084425	96
PTPRCAP	-0.29772499999999996	0.03623390197753906	0.04649832600751905	20
PTPRE	0.06575925925925923	0.04719562004820694	0.05971999526658248	81
PTPRF	-0.46908958333333345	3.212677329032805e-15	2.2358767842822708e-14	96
PTPRJ	0.20687142857142854	0.020973315393341543	0.027717669956035335	56
PTPRK	-0.00945632183908048	0.6969945386953074	0.725432261884396	87
PTRF	-2.0722958333333334	2.290679830891315e-17	9.541570874547247e-16	96
PTRH1	0.17455833333333326	0.000279157885813651	0.0004514028093332814	96
PTRH2	0.27987499999999993	4.019821668474836e-11	1.3220089987155725e-10	96
PTRHD1	-0.07274583333333333	0.05144516404880419	0.0647795806312739	96
PTTG1IP	0.35270625	0.000104080009426659	0.0001750495821618088	96
PTX3	-0.6020989583333333	9.515826853810689e-10	2.6756782213837345e-09	96
PUDP	-0.381271875	1.0287497463543804e-10	3.2116714975763325e-10	96
PUF60	0.40803333333333325	1.1170579838288015e-16	1.7510144891372497e-15	96
PUM1	0.19755632183908045	1.2483402299230576e-07	2.7870597679047566e-07	87
PUM2	-0.09634807692307691	0.3343779622261287	0.3715372223542725	52
PUM3	0.7554489583333334	2.853238441876248e-17	9.541570874547247e-16	96
PURA	-0.7160145833333335	4.281464974138939e-17	1.0407994743733164e-15	96
PURB	-0.13599270833333332	7.569860782736749e-05	0.00012886804893014604	96
PUS1	0.5562593749999999	3.1338471737606277e-17	9.689515323513995e-16	96
PUS7	0.6269781609195401	7.725545552520244e-16	6.9419973973775235e-15	87
PVR	0.20429487179487174	0.00016460081391762632	0.00027253694018287945	78
PWP1	0.17104479166666667	0.0007536631291452624	0.0011658579509881406	96
PWP2	0.5863854166666668	4.807504852074702e-16	4.76578265563281e-15	96
PXDN	-0.06757291666666666	0.6412691733620888	0.6742320771174194	96
PXK	-0.28541071428571424	0.00019368529319763184	0.0003179433892984859	28
PXN	-0.18712604166666677	3.4068805384338116e-06	6.581273116139488e-06	96
PYCARD	0.10661979166666667	0.0357813629086652	0.0459791541379496	96
PYCR1	0.9829364583333331	1.8381851679476562e-17	9.541570874547247e-16	96
PYCR2	0.8101499999999998	3.663808158724764e-17	9.793023480830454e-16	96
PYCRL	0.2823541666666667	1.1299482308801975e-06	2.2923564200106575e-06	96
PYGB	-0.511446875	2.5763165681062906e-09	6.922741121496868e-09	96
PYGL	-0.21310833333333343	0.0005689125252495724	0.000890119900163102	96
PYGM	-1.6605344827586217	5.460181414946209e-16	5.301354140792202e-15	87
PYM1	0.021100000000000018	0.6649884766944374	0.6969860475149166	96
PYURF	-0.23987111111111112	2.2491189988014584e-05	4.020607344246998e-05	90
PYY	-2.3666531249999996	3.1514680089528913e-16	3.471789634165016e-15	96
PZP	-0.5308327586206897	1.1138683766603727e-05	2.0592292474550677e-05	58
QARS	0.16003645833333335	3.4368967742376663e-07	7.35272336044659e-07	96
QDPR	-0.7429260416666666	6.115737415121269e-16	5.762708190737161e-15	96
QKI	-0.18588124999999991	3.176401618640925e-05	5.597709077872857e-05	96
QPCT	0.030546808510638325	0.9874560002606501	0.9890776807627204	47
QPCTL	-0.07888513513513513	0.15731803236023567	0.18432530197429642	74
QPRT	0.0722927083333333	0.7491559862915573	0.775271866733003	96
QRICH1	0.0892829545454546	0.0052731370806777976	0.007466753202673563	88
QRSL1	0.14812187499999993	0.000673023451633431	0.0010459379979172315	96
QSOX1	-0.27715833333333334	3.440378511716031e-05	6.040696004999438e-05	96
QSOX2	0.16678902439024393	0.002297383773339624	0.003383043840064868	82
QTRT1	-0.10032395833333335	0.01092052407786753	0.014894539904682164	96
QTRT2	0.11716354166666663	0.010920590518874878	0.014894539904682164	96
RAB10	0.1373427083333333	5.9172273403436096e-05	0.00010176538894223347	96
RAB11A	-0.17383432835820908	0.007934969062517262	0.010974171807962958	67
RAB11B	-0.152540625	5.3446450933526485e-08	1.23846805719239e-07	96
RAB11FIP1	0.3141541666666668	3.5608989304086946e-09	9.379690193997618e-09	96
RAB11FIP5	-0.20220379746835432	0.0003343645148157336	0.0005358938198515902	79
RAB12	-0.6604287356321837	9.711108555102687e-14	4.693935684163107e-13	87
RAB13	0.039770833333333346	0.5135711070769351	0.5512877691806652	96
RAB14	0.04532291666666666	0.3686737222968143	0.4067475748872434	96
RAB15	-0.15865312500000006	0.0004450901429925562	0.0007046035321701415	96
RAB18	-0.18572500000000003	1.508530362993721e-08	3.704513252315108e-08	96
RAB1A	0.18476562500000004	8.888808253447409e-08	2.0140160274359562e-07	96
RAB1B	-0.1413239583333333	9.948509988246265e-05	0.00016778419686059375	96
RAB20	0.2637909090909092	1.1920888854029248e-05	2.1947651844588975e-05	66
RAB21	0.02223958333333334	0.5987345286943154	0.6332826738223826	96
RAB22A	0.14257708333333338	0.0017703691959741195	0.002638837355207813	96
RAB23	-1.1731041666666664	1.1166076312986534e-14	6.688679105698809e-14	96
RAB24	-0.055654430379746836	0.20125979470321242	0.23228143173298677	79
RAB25	0.08777708333333338	0.3745416829043513	0.412543121097569	96
RAB27A	-0.42756666666666665	1.310079315469614e-09	3.625957973385165e-09	96
RAB27B	-0.42203229166666684	2.5624333120228834e-06	5.0208426081663325e-06	96
RAB29	-0.05457586206896552	0.3431002419637469	0.38015846793307645	87
RAB2A	0.2201354166666666	3.057405089278478e-08	7.258361905155453e-08	96
RAB2B	-0.24186060606060605	3.867966076539054e-07	8.243387677096732e-07	66
RAB31	0.2916760416666668	1.6853541712751258e-05	3.053481267913805e-05	96
RAB32	-0.07408333333333329	0.12083998056219708	0.14428145762499345	96
RAB33B	-0.13903437500000002	0.0006168571421936683	0.0009617797093880558	96
RAB34	-0.7222625	2.4992786660621514e-13	1.123085101849362e-12	88
RAB35	-0.047460416666666706	0.10084193802951137	0.12187868172221074	96
RAB39A	0.327796551724138	0.027409173548221588	0.03574808424086676	29
RAB3A	-0.14365	0.0030401773732531036	0.0044100648642497456	96
RAB3D	0.2094531249999999	9.017944302662216e-05	0.00015274271226094625	96
RAB3GAP1	0.022838541666666667	0.3706230550412217	0.4085627268236294	96
RAB3GAP2	0.12177083333333334	6.331084735131734e-07	1.3215696169259117e-06	96
RAB43	0.03558645833333334	0.7533154271373019	0.7784955638730989	96
RAB4A	-0.22437126436781615	1.4657791687309944e-09	4.0352533619270585e-09	87
RAB4B	-0.28164375	4.2046089693968936e-06	8.066548920698816e-06	64
RAB5A	0.01628020833333334	0.5711088993857225	0.6068371247986716	96
RAB5B	-0.6062635416666665	1.8969845600084223e-17	9.541570874547247e-16	96
RAB5C	0.07280416666666666	0.0008599790452258576	0.0013220896916636754	96
RAB6A	0.16033749999999997	1.0889082088341278e-06	2.211772683338832e-06	96
RAB7A	0.13712604166666667	1.7182113536688126e-07	3.786951370487537e-07	96
RAB8A	-0.14485104166666665	0.000131174680907842	0.00021908163659714017	96
RAB8B	-0.27896770833333334	2.1365257740893342e-10	6.442225356568694e-10	96
RAB9A	-0.057009374999999994	0.05740141852293744	0.07186156314058355	96
RABAC1	-0.05549875	0.3398502650135454	0.3769309684205449	80
RABEP1	-0.3147010416666667	2.5212622881555647e-13	1.1322054010197914e-12	96
RABEP2	-0.1293239583333333	3.0628602377897075e-06	5.944092952077277e-06	96
RABGAP1	-0.4325270833333333	1.9213114312362105e-14	1.0724392168954387e-13	96
RABGAP1L	-0.31879090909090907	3.458986889299534e-10	1.0196108541436982e-09	88
RABGEF1	-0.21298390804597708	4.940351908768427e-09	1.2792289060566336e-08	87
RABGGTA	-0.14405312500000003	1.502490263302536e-06	3.0171227705766877e-06	96
RABGGTB	0.06346865671641795	0.36176330486552355	0.3997809277454781	67
RABIF	-0.137359649122807	0.09760525087409513	0.11820101590510906	57
RABL3	0.10468020833333334	0.0014952898769237518	0.002245277480815007	96
RABL6	-0.052153125	0.06604496959498438	0.08185769462640868	96
RAC1	-0.2708166666666667	3.381395357599026e-11	1.1202855039077465e-10	96
RAC2	-0.008908333333333344	0.40680460296637977	0.44457685873307795	96
RACGAP1	0.5213282051282049	0.00185751460745274	0.00276014739787385	39
RACK1	0.4003260416666665	4.358644338478187e-14	2.2460491296293261e-13	96
RAD21	0.11723749999999998	4.7169031051599153e-07	9.970947604102564e-07	96
RAD23A	-0.34630625	1.6965375709517635e-13	7.850790703436685e-13	96
RAD23B	-0.14265312500000002	2.7049844452957184e-05	4.792115300630836e-05	96
RAD50	0.3636135416666666	4.036451029375683e-12	1.5086657357148444e-11	96
RAE1	0.5078239583333334	9.876951887422962e-17	1.6045602882427223e-15	96
RAF1	-0.24979629629629635	0.00713010867941418	0.009895717652087242	54
RAI14	-0.20677187500000005	0.0012925501213866986	0.0019526500257562173	96
RALA	0.05441354166666667	0.42142562594846733	0.45935735572514497	96
RALB	-0.06970520833333332	0.014061091056410426	0.018920148394997505	96
RALBP1	-0.261829213483146	2.995545579334042e-08	7.126636628280882e-08	89
RALGAPA1	-0.16939014084507045	0.0003064372262368184	0.0004940849196882515	71
RALGAPA2	0.17515316455696198	0.0030608072822449544	0.004438071332738578	79
RALGAPB	0.00419166666666667	0.9156021768611806	0.9267916422090616	96
RALY	0.6527072916666667	1.4949571379488432e-15	1.1703229216451329e-14	96
RALYL	0.615215625	1.0337036721591737e-13	4.971410707179854e-13	96
RAN	0.3938635416666667	2.9063888575293054e-10	8.624043717454272e-10	96
RANBP1	0.05410833333333337	0.13030895513217597	0.15481543828258695	96
RANBP10	-0.04713809523809522	0.32045745849609375	0.35725308890832386	21
RANBP2	0.4364270833333335	2.2902620253293135e-17	9.541570874547247e-16	96
RANBP3	-0.14221874999999998	0.0002992520851403918	0.00048296421438703125	96
RANBP6	-0.00811666666666669	0.6836731075554118	0.7136709006673809	96
RANBP9	-0.05005729166666667	0.13985222051837423	0.16507187675189527	96
RANGAP1	0.5109218750000001	2.2908191154248807e-17	9.541570874547247e-16	96
RAP1A	-0.9789031249999995	2.5486865145728734e-16	3.0051208833513896e-15	96
RAP1B	-0.25117708333333333	1.5871217754101652e-06	3.183258592295007e-06	96
RAP1GAP	0.010177272727272747	0.7023849487304688	0.7303627744936012	22
RAP1GAP2	-0.32964489795918367	4.852928526588585e-06	9.262673537662252e-06	49
RAP1GDS1	-0.2231708333333334	6.141392786667499e-10	1.762416697854613e-09	96
RAP2B	-0.06564166666666668	0.13406378198617813	0.15879883083133645	96
RAP2C	0.09025104166666664	0.0018604439484431652	0.0027614664258882983	96
RAPGEF1	-0.20347887323943661	0.000598768413347199	0.0009350878224269921	71
RAPGEF2	-0.17020923076923072	0.0004895728328110587	0.0007717443926995754	65
RAPH1	-0.014875714285714268	0.34161469311917425	0.37870009519770986	70
RARRES2	-0.5517437500000001	9.381897996583131e-14	4.551204169130602e-13	96
RARS	0.2577947916666666	1.2885585182156677e-14	7.577015484451155e-14	96
RARS2	-0.019890625000000006	0.31492751816041187	0.35155552734412704	96
RASA1	0.0831135416666667	0.053445161614923915	0.06709648002891552	96
RASA2	-0.0948371794871795	0.024209134966159583	0.03179077832999895	78
RASA4	-0.4924533333333333	0.006639536470174789	0.009260842032931947	30
RASAL1	-0.20357027027027025	0.09429205847845878	0.11447799861237423	37
RASAL2	0.2965681818181819	0.032894134521484375	0.04244792238981317	22
RASAL3	-0.2977773333333333	5.558203237478945e-07	1.1667705106460026e-06	75
RASIP1	-0.3471086956521739	0.006710529327392578	0.009352085844926632	23
RASSF2	-0.11981492537313429	0.028791372052802605	0.03744161951972333	67
RAVER1	0.3823072916666666	2.130281468787773e-15	1.561973592797505e-14	96
RAVER2	-0.34777894736842113	7.46389832942646e-09	1.9003906600425852e-08	57
RB1	0.6555687499999999	2.068469489034155e-15	1.521640548457253e-14	96
RBBP4	0.2970406250000001	1.906890441105139e-11	6.527208147639988e-11	96
RBBP5	0.0998250000000001	0.0013757166231821848	0.002073154273344402	88
RBBP6	0.4125260416666667	4.693823668752677e-15	3.090690962607764e-14	96
RBBP7	0.42193125000000004	1.4104160012665666e-11	4.913022301400517e-11	96
RBBP9	-0.241234375	3.5607400140339336e-06	6.866629708006227e-06	96
RBCK1	-0.1453306451612903	0.001965550787552433	0.0029110110891146295	62
RBFOX2	-0.06828545454545455	0.39276602753334644	0.43091860649570257	55
RBKS	-0.8768354166666664	6.722943759997601e-14	3.3484951511376326e-13	96
RBL2	-0.010243333333333325	0.6120056137442589	0.6459952269682556	30
RBM10	0.21803854166666667	5.810601513875118e-11	1.877809516213303e-10	96
RBM12	0.4120604166666666	2.019959698033919e-17	9.541570874547247e-16	96
RBM12B	0.11893645833333331	2.7769778377319807e-06	5.419168191300574e-06	96
RBM14	0.3725552083333334	2.1559073675118804e-16	2.663716856102616e-15	96
RBM15	0.24445520833333337	3.109836692579481e-14	1.6585783290753068e-13	96
RBM15B	0.09034	0.4708104995661415	0.5084783711508762	35
RBM17	0.38099166666666684	5.934673079453423e-16	5.631956054260559e-15	96
RBM19	0.44371408450704214	1.391700567472772e-09	3.84551857791385e-09	71
RBM22	0.3848718749999998	3.3082026864024376e-15	2.292844196598549e-14	96
RBM25	0.37333229166666676	7.10321423751428e-16	6.474927217321101e-15	96
RBM26	0.40184062499999995	8.138123217425845e-15	5.0367775521872693e-14	96
RBM27	0.26604791666666655	7.106994500115108e-12	2.5676266074998523e-11	96
RBM28	0.8736791666666665	1.8381851679476562e-17	9.541570874547247e-16	96
RBM3	0.3808489583333335	3.219642208740904e-09	8.54791435632874e-09	96
RBM33	0.16135342465753422	0.0004386176256387673	0.0006950131436963839	73
RBM34	0.2592385416666666	2.8386129153465826e-10	8.445632628603712e-10	96
RBM38	0.34565294117647066	0.10122521140147	0.12227582702420998	34
RBM39	0.4996239583333331	3.335200692105143e-17	9.764418690273611e-16	96
RBM4	-0.06505104166666668	0.6957889152715198	0.7242898111026573	96
RBM42	0.11942708333333331	0.0009181943863802842	0.0014090180904854843	96
RBM45	0.05896904761904762	0.11881826305125287	0.14206945763871956	42
RBM47	-0.11690416666666671	0.026171877815065313	0.034207505992844965	96
RBM5	-0.105584126984127	0.059743933525126094	0.07458542054709173	63
RBM6	-0.3479395833333334	3.754951314179982e-05	6.563827088804977e-05	96
RBM7	0.05223561643835617	0.11086946907484269	0.13320617264024348	73
RBM8A	0.5095718750000001	4.262964218168108e-16	4.35979069202589e-15	96
RBMX	0.5430020833333334	9.71859433852582e-16	8.317042306776398e-15	96
RBMXL1	0.10434166666666667	0.014792269692130263	0.01984429861317775	96
RBP1	-0.1992384615384615	0.012671646332522078	0.017160693428520512	78
RBP4	-1.174405208333333	6.648583569934612e-15	4.188295508985099e-14	96
RBPJ	0.09191643835616438	0.2296665482072704	0.2625841123160958	73
RBPMS	-0.764380208333333	2.3866205037927238e-14	1.3049581874446115e-13	96
RBSN	-0.600054022988506	1.055172941861369e-12	4.285202946094386e-12	87
RBX1	0.05433333333333334	0.053671783337116634	0.06734318204763709	96
RCC1	0.57625	3.4418527871711955e-17	9.764418690273611e-16	96
RCC1L	0.16020416666666662	2.9316992926573924e-05	5.1759922511680114e-05	96
RCC2	0.7096364583333333	2.5972910376602726e-17	9.541570874547247e-16	96
RCL1	0.5901298850574713	2.814116981708278e-13	1.2561484251683857e-12	87
RCN1	0.7091125000000003	1.950097083440405e-15	1.4521532890796618e-14	96
RCN2	0.3608281249999999	4.3016144049439e-15	2.868740660314973e-14	96
RCN3	0.657875	8.177665159294347e-12	2.926194084385736e-11	96
RCOR1	0.31832187500000003	1.4938025449552163e-10	4.578310312519208e-10	96
RCOR3	0.009593478260869563	0.6493194614506308	0.6819480693287856	46
RCSD1	-0.5438689655172415	9.764341701682944e-12	3.466549730797199e-11	87
RDH10	0.36189885057471266	3.036021103360087e-07	6.528418455911161e-07	87
RDH11	0.06200104166666668	0.15837252617695508	0.18552842293018887	96
RDH13	-0.021184374999999995	0.8079958865262696	0.8303989587476628	96
RDH14	-0.31635624999999995	4.699599599250981e-13	2.021129084062489e-12	96
RDX	-0.8683489583333331	4.150177724909504e-17	1.0274984544787615e-15	96
RECQL	0.37837604166666683	1.9213114312362105e-14	1.0724392168954387e-13	96
RECQL5	-0.10279230769230768	0.3152514398097992	0.3518480729570953	26
REEP3	-0.24185384615384617	5.926507130174846e-05	0.00010189886298396473	65
REEP4	0.2729050632911392	9.038003030273898e-07	1.851399317013722e-06	79
REEP5	-0.0853229166666667	0.049085338778146415	0.06200593821551201	96
REEP6	0.8737281250000001	1.3248717693703886e-10	4.0924852579097973e-10	96
REG1A	-0.2121044776119403	0.2173077966096688	0.24960075457186578	67
REG3A	-0.3133427083333334	0.12215835062300628	0.1457781139418242	96
REG4	-0.03211354166666669	0.6984914941990491	0.7267648006484834	96
REL	0.04776913580246913	0.514338643623913	0.551758548140843	81
RELA	-0.031247916666666656	0.18822223639283853	0.21809723384448249	96
RELL1	-0.6621103448275862	6.386482074271154e-15	4.053633702581379e-14	87
RENBP	-0.4869386363636361	9.39500078898354e-11	2.9508923358282104e-10	88
REP15	-0.6521895833333334	1.368821488644693e-05	2.5022951954542906e-05	48
REPIN1	0.3692141025641026	2.9462305585092833e-09	7.849984438855751e-09	78
REPS1	-0.07831041666666667	0.018603705237023985	0.024720193787917195	96
REPS2	-0.3472826923076923	0.00013082251270025473	0.00021860230079850785	52
RER1	0.4231906249999999	2.2591722048899764e-15	1.6406068824549516e-14	96
RETN	0.5522494252873563	9.767201548585492e-06	1.8126737258495175e-05	87
RETREG2	-0.4010473684210526	4.6253817128527206e-07	9.789175366412903e-07	57
RETREG3	0.1421072916666666	0.0003903675534761412	0.0006219368122230899	96
RETSAT	-0.6353479166666663	1.4865007734687117e-14	8.627970578447933e-14	96
REXO2	-0.41816666666666674	2.8873314119157384e-07	6.222649033903851e-07	96
REXO4	0.6254377358490567	6.978013310028528e-07	1.4511931586169063e-06	53
RFC1	0.2562541666666666	2.4637766910814765e-09	6.638344506211094e-09	96
RFC2	0.3317156249999999	4.559722473766646e-15	3.0136104778265625e-14	96
RFC3	0.28730520833333345	1.4938025449552163e-10	4.578310312519208e-10	96
RFC4	0.46556458333333345	1.517902039241027e-16	2.1171735511991784e-15	96
RFC5	0.29548437499999985	8.451419750900364e-09	2.138898136774051e-08	96
RFK	0.1411666666666667	0.03998732538373492	0.0511292102152616	72
RFT1	0.24053013698630135	0.00018322616947098261	0.00030173401349553814	73
RFTN1	0.05276041666666667	0.1359723092856449	0.16077515385925129	96
RFX1	-0.08619589041095892	0.46972290216387447	0.507630629931932	73
RGL2	-0.27718723404255324	0.010013182523493924	0.013704292441885096	47
RGPD3	0.5615268656716417	1.6062660714931578e-12	6.3652918332236245e-12	67
RGS10	-0.7511187500000002	1.7810758177901125e-17	9.541570874547247e-16	96
RGS19	0.1314208333333333	0.032059585282201854	0.04142676380167416	72
RHBDD2	0.12528358208955223	0.01867940899560598	0.024815872267627825	67
RHBDF2	0.23126842105263162	0.03989292356709484	0.0510182280235683	38
RHEB	0.22529540229885062	0.006134981910301244	0.00860359398750231	87
RHOA	0.035947916666666684	0.36093838626666763	0.398935030224559	96
RHOB	-0.6951908045977009	1.1310701115018582e-11	3.9938680937189295e-11	87
RHOC	-0.15493125	0.0025559433227499923	0.00373919890227878	96
RHOG	-0.11044999999999998	0.0004966364637873285	0.0007825115160989166	96
RHOT1	-0.1841447916666666	2.7524077396273633e-06	5.375808886509455e-06	96
RHOT2	0.003947916666666659	0.8407085340259938	0.8596580726858393	96
RHPN2	0.26233888888888884	1.9160321643690655e-05	3.457412531132883e-05	72
RIC8A	-0.16128958333333335	8.262795443942873e-06	1.542863752669433e-05	96
RICTOR	-0.16669104477611937	0.013490378879040496	0.01819966859028407	67
RIDA	0.10456562499999995	0.2292596113731301	0.26220639834680015	96
RIF1	0.44458850574712655	1.1569499467015004e-12	4.68153027287115e-12	87
RILP	-0.6767304347826086	0.00018143653869628906	0.00029900705922707036	23
RILPL1	-0.2462620689655172	0.021553177386522293	0.028447819611681698	29
RIN1	-0.027713725490196062	0.38335175814754086	0.42155498203767444	51
RIN3	-0.2644897435897436	0.006367417041339902	0.008899791860489458	39
RING1	0.23506458333333327	2.474881727526088e-05	4.407746617991113e-05	96
RINT1	-0.10036794871794874	0.009126488461799665	0.012539342840510741	78
RIOK3	-0.21425319148936176	0.019201422062408824	0.025479102178936074	47
RIOX1	0.11743023255813954	0.09714849642205081	0.1177328870114774	43
RIOX2	0.31342068965517245	1.0491209073385635e-07	2.3587641311442436e-07	87
RIPK1	-0.20278541666666663	3.258101024909732e-11	1.0810385645954198e-10	96
RIPK3	-0.13561145833333335	0.0007946174516965297	0.0012264081872912643	96
RIPOR1	-0.2436461538461539	7.117129832374002e-06	1.3375020741007614e-05	78
RMDN1	-0.015562499999999993	0.2549870034929359	0.2892461117035831	96
RMDN2	-0.5223961538461538	2.55106854504211e-12	9.85326359740214e-12	78
RMDN3	0.227953125	5.981696407281646e-08	1.3795880524771487e-07	96
RMND1	0.3076	7.761162224546288e-06	1.4544591442592472e-05	79
RMND5A	-0.09506829268292681	0.13050103672776459	0.1550161925294923	41
RNASE1	-1.3679895833333333	5.1600300066089027e-17	1.1501209738983099e-15	96
RNASE2	-0.5365093750000001	8.872889360195413e-15	5.4363666408722395e-14	96
RNASE3	-0.166915625	0.10352555901809243	0.12482979429410175	96
RNASE4	-0.9656322916666671	1.7684315987303836e-16	2.330113220602478e-15	96
RNASE6	-0.6337744186046511	3.260151426300794e-07	6.99020642986642e-07	43
RNASEH2A	0.27859213483146084	1.7846633553035905e-09	4.887063857441547e-09	89
RNASEH2B	0.5396197916666666	5.643066094035698e-12	2.0676859871592298e-11	96
RNASEH2C	0.20357499999999992	0.00010356751101031733	0.00017436246709365594	88
RNASEL	-0.2514693181818181	4.442517579415664e-09	1.1579195975252404e-08	88
RNASET2	-0.34539375	0.00022031275867955298	0.0003598048437149759	96
RNF113A	0.17603454545454547	0.0010845058860177257	0.0016536249975665732	55
RNF114	0.440059375	1.3620563446538012e-13	6.412656853531475e-13	96
RNF123	-0.5196270833333333	1.4949571379488432e-15	1.1703229216451329e-14	96
RNF126	0.09713478260869564	0.1843466061595791	0.21393900375793395	46
RNF14	-0.4075757575757576	6.16670074515179e-08	1.4192931492014875e-07	66
RNF169	-0.08056818181818183	0.5059169405730017	0.5440272242676404	44
RNF170	0.021151041666666676	0.6743059413101986	0.7055393886852966	96
RNF181	-0.1265789473684211	0.04483864221600931	0.05686624775561559	57
RNF185	0.006393650793650791	0.5792131479173873	0.6142809056872829	63
RNF2	0.13634	0.023494996380650893	0.03089532158325889	35
RNF20	0.1714072916666667	1.1510224165511985e-06	2.333698819172557e-06	96
RNF213	0.5234781249999998	3.0571027079446487e-16	3.3957122628477895e-15	96
RNF214	-0.06853020833333331	0.005329470515143439	0.007539941946363841	96
RNF25	-0.14518095238095235	0.06503310782708878	0.08070793940287432	63
RNF31	-0.18169195402298843	8.103608475499054e-07	1.6697515129644702e-06	87
RNF40	0.03218645833333331	0.24818781373596577	0.28207556197773914	96
RNF5	0.22896785714285722	0.001991245055229075	0.0029464629632844873	56
RNH1	-0.5305333333333333	6.612670537182073e-17	1.3282756477231894e-15	96
RNMT	0.3554062499999999	2.77334159357823e-13	1.2395968521862988e-12	96
RNPEP	-0.13867604166666667	4.3211981283175e-06	8.283119497966318e-06	96
RNPS1	0.40081874999999995	7.717795458902494e-17	1.4382969370493566e-15	96
ROCK1	-0.45277916666666673	1.42759729019224e-16	2.0511471669308747e-15	96
ROCK2	-0.09168645833333333	0.0014306800425586492	0.0021521148891313854	96
ROMO1	0.40942291666666675	1.4583317210314766e-10	4.48393561704866e-10	96
ROR2	-0.847066	1.3535839116229909e-12	5.4378409958554765e-12	50
RP2	0.17361041666666668	6.763312072378169e-07	1.4078517124910064e-06	96
RP9	-0.008086666666666683	0.7891646777424939	0.8126639789676733	30
RPA1	0.13180312500000002	0.00010725139641457134	0.00018015764109798678	96
RPA2	0.3462624999999999	1.0617328938612683e-12	4.309235320577888e-12	96
RPA3	0.1229989583333333	0.012759404928046062	0.017269083651858187	96
RPAP3	0.2809343750000002	7.41077438097356e-14	3.6558003913199717e-13	96
RPE	-0.21695208333333338	9.924463002431536e-07	2.0220463647970126e-06	96
RPF2	0.9037260416666664	1.837623080584887e-17	9.541570874547247e-16	96
RPIA	0.045525	0.8093445490701223	0.8316576167424492	96
RPL10	0.3315187499999999	2.8571242473390275e-14	1.5385496017927631e-13	96
RPL10A	0.5012614583333334	6.729669921047314e-17	1.3418999201962731e-15	96
RPL11	0.5263156250000002	5.1600300066089027e-17	1.1501209738983099e-15	96
RPL12	0.4258635416666667	1.0786235090603964e-15	8.989912100574704e-15	96
RPL13	0.4872083333333333	2.708238279289353e-16	3.1219193497856134e-15	96
RPL13A	0.4590666666666667	3.778252617915174e-16	3.954492482619797e-15	96
RPL14	0.49486875000000013	6.2747062535329306e-15	3.9864587362644345e-14	96
RPL15	0.43215104166666674	1.1490980838965608e-14	6.864914554641164e-14	96
RPL17	0.4599302083333334	1.2630239498030356e-16	1.8914347498278047e-15	96
RPL18	0.4133625	1.1790885515860562e-15	9.690782719986241e-15	96
RPL18A	0.3307708333333334	7.121996607533989e-13	2.975315564174588e-12	96
RPL19	0.45559062499999986	4.546769996970264e-11	1.4887398687005125e-10	96
RPL21	0.33377500000000015	1.2539926891401646e-13	5.928849155349799e-13	96
RPL22	0.26994895833333343	9.625815629599865e-10	2.700945088205165e-09	96
RPL22L1	0.6920812499999999	5.390111858554562e-05	9.296210914920966e-05	96
RPL23	0.31264999999999993	2.355172016346851e-13	1.0677710350410574e-12	96
RPL23A	0.4457125000000004	1.8934385562716624e-15	1.4225172759268288e-14	96
RPL24	0.6810125000000001	3.610926374693098e-15	2.4697500123801493e-14	96
RPL26	0.46866145833333334	4.3937211092060594e-13	1.9017725755911903e-12	96
RPL26L1	0.4666364583333335	7.8713753102464e-12	2.825524716770631e-11	96
RPL27	0.40559270833333333	6.93418267709501e-13	2.9039595243839215e-12	96
RPL27A	0.3480583333333334	5.303929984098946e-13	2.2552102492913976e-12	96
RPL28	0.4367437500000002	9.130632515144022e-15	5.5792836648585995e-14	96
RPL29	0.18618437499999985	0.00013713653403387175	0.00022847007867724003	96
RPL3	0.44723541666666683	1.3428269520153603e-16	1.9628643944996438e-15	96
RPL30	0.4459812500000004	1.4447861986299276e-14	8.399962878143307e-14	96
RPL31	0.3379625	5.405642971830367e-10	1.5625359197763867e-09	96
RPL32	0.5010302083333337	3.3477598836623023e-16	3.61135917917466e-15	96
RPL34	0.7616552083333331	1.1517753094913196e-16	1.7888217246992375e-15	96
RPL35	0.5139593749999998	1.7639968635108088e-14	9.953948806087554e-14	96
RPL35A	0.5927791666666667	1.6333164401718773e-15	1.2525357772484428e-14	96
RPL36	-0.036679166666666624	0.8722588456545772	0.8882796013636095	96
RPL36A	1.4172586206896551	1.0895516535060404e-14	6.544137908121778e-14	87
RPL36AL	0.7465999999999998	1.4465289666710255e-11	5.0362028216896265e-11	96
RPL37	0.6757677083333334	6.842107603968798e-13	2.8689812446891665e-12	96
RPL37A	0.3119927083333335	2.8807161993527953e-09	7.693759944847892e-09	96
RPL38	0.37302812500000004	9.052840174113702e-13	3.7104934161520875e-12	96
RPL39	0.3089312499999999	2.4943948209623985e-06	4.8946753009174405e-06	96
RPL4	0.3941864583333334	6.45898270914735e-15	4.08419556980863e-14	96
RPL5	0.4685197916666668	2.8776266298394544e-16	3.2392612516095467e-15	96
RPL6	0.4819479166666667	1.6135546674834222e-16	2.195808978528657e-15	96
RPL7	0.41349479166666664	1.0161974384862606e-15	8.565844963993015e-15	96
RPL7A	0.48318333333333324	6.690743508738731e-16	6.1744426685183154e-15	96
RPL7L1	0.8535458333333334	1.7811848543493422e-17	9.541570874547247e-16	96
RPL8	0.3130791666666665	8.282883062824766e-12	2.9606858244428036e-11	96
RPL9	0.40736770833333336	8.756655178116728e-16	7.63958382184462e-15	96
RPLP0	0.4266479166666665	1.7849417063800943e-15	1.3531995690549578e-14	96
RPLP1	0.23305104166666668	1.540941778283974e-07	3.412021152420137e-07	96
RPLP2	0.30197604166666664	1.7467268608471656e-11	6.021988956538353e-11	96
RPN1	0.3942708333333333	1.6095263609107598e-15	1.2383385728612715e-14	96
RPN2	0.3108333333333333	2.5512723113811268e-14	1.388198372835035e-13	96
RPP14	0.10014827586206897	0.22136975452303886	0.25387515950343037	29
RPP25	0.3398385416666665	3.3658605309390695e-09	8.908179526830196e-09	96
RPP25L	-0.09148611111111113	0.13477486031479202	0.1595561210255761	36
RPP30	0.3986156250000001	1.816812841665743e-13	8.388848833265981e-13	96
RPP38	0.17864375	0.0003358837473967924	0.0005382001579376833	48
RPP40	0.4875208333333332	4.436514734189139e-09	1.1568044054284857e-08	72
RPRD1A	0.03369444444444445	0.5003317400207492	0.5382818543616431	90
RPRD1B	0.5295572916666665	2.9210837215096605e-16	3.277182389232159e-15	96
RPRD2	0.12458124999999999	0.0002366999384485044	0.00038506786785912127	96
RPS10	0.3130229166666669	7.924824620402817e-13	3.281953603597685e-12	96
RPS11	0.4801708333333334	2.5483968193168426e-16	3.0051208833513896e-15	96
RPS12	0.4867479166666668	6.612280025645093e-17	1.3282756477231894e-15	96
RPS13	0.4940739583333335	2.1890989814271578e-16	2.680201366477361e-15	96
RPS14	0.140015625	7.985667318838767e-06	1.494281463495394e-05	96
RPS15	0.20795520833333325	5.101254907098841e-06	9.722817946513104e-06	96
RPS15A	0.44465000000000016	9.43330951770734e-16	8.11385558388443e-15	96
RPS16	0.4500885416666669	2.3389200521542493e-12	9.075659126606625e-12	96
RPS17	0.3914989583333332	9.862791387724448e-16	8.335961833523904e-15	96
RPS18	0.40424791666666654	1.111238131236851e-15	9.226852255529744e-15	96
RPS19	0.44841875000000014	9.020784525021527e-16	7.799880331270176e-15	96
RPS19BP1	0.19969500000000004	0.5705966949462891	0.6064488933750587	20
RPS2	0.4815281249999999	9.875798400464077e-17	1.6045602882427223e-15	96
RPS20	0.3570895833333332	4.76349197205991e-13	2.0459838438252203e-12	96
RPS21	0.34245416666666656	4.8358457134022515e-12	1.786619384461584e-11	96
RPS23	0.4038947916666666	2.939128197352668e-14	1.5763051852624288e-13	96
RPS24	0.61200625	1.3393344768789948e-16	1.9628643944996438e-15	96
RPS25	0.6697406249999999	1.1823391517988356e-14	7.033614033511371e-14	96
RPS26	0.34498333333333325	5.789833301323488e-12	2.1179929999225345e-11	96
RPS27	0.35780999999999996	1.5930986002049964e-07	3.521614006186267e-07	60
RPS27A	0.46450833333333336	1.2404291109584592e-12	5.00724362540331e-12	96
RPS27L	0.18888392857142863	0.0646620671666869	0.08029202454586386	56
RPS28	0.5208979166666668	3.5073509586202116e-15	2.4109444243220288e-14	96
RPS29	0.49915000000000015	1.9472716912908845e-12	7.653336717557436e-12	96
RPS3	0.4326072916666667	7.834404469354759e-14	3.839555295324522e-13	96
RPS3A	0.4411645833333335	4.1360973766858024e-16	4.2497139908733616e-15	96
RPS4X	0.4804114583333332	2.123454551710004e-16	2.628610808420695e-15	96
RPS4Y1	-0.3070166666666667	0.007129983143170957	0.009895717652087242	60
RPS4Y2	-0.36646249999999997	0.026594987604767084	0.03474022037390623	32
RPS5	0.5494854166666665	6.690743508738731e-16	6.1744426685183154e-15	96
RPS6	0.5645697916666664	2.364022713906771e-17	9.541570874547247e-16	96
RPS6KA1	-0.06513437499999997	0.19017090257529468	0.2202030696198916	96
RPS6KA3	-0.24511145833333334	3.634314699784317e-10	1.0698822870053964e-09	96
RPS6KA4	0.3274458333333333	3.50376785977899e-07	7.491006555531307e-07	96
RPS6KA5	-0.5739499999999997	2.6498929953474263e-14	1.4383602027334856e-13	88
RPS7	0.5817614583333334	7.034784858655437e-17	1.3640569831421772e-15	96
RPS8	0.4803677083333335	1.4721521173112018e-16	2.092514524373062e-15	96
RPS9	0.38538645833333324	6.097972581861433e-14	3.05080522384104e-13	96
RPSA	0.19125312500000002	5.527391657307645e-09	1.42518334469166e-08	96
RPTOR	-0.20228645833333328	1.4762921594399273e-05	2.692156590835138e-05	96
RPUSD2	0.39615714285714293	0.0001353248953819275	0.00022556390636455938	28
RRAGC	-0.15701041666666665	6.0093511468531186e-05	0.00010324681463596847	96
RRAS	-1.6161333333333332	6.214086429128577e-17	1.2868900889260009e-15	96
RRAS2	-0.9617489583333337	1.050322859665645e-16	1.677961351147697e-15	96
RRBP1	0.32045312499999995	2.267026793205549e-10	6.817338751956982e-10	96
RREB1	0.08657999999999998	0.5290746589113577	0.5666932764175879	60
RRM1	0.5139864583333333	2.1342643278746988e-11	7.257364103249546e-11	96
RRM2	0.7665218750000001	3.2600097405229966e-15	2.266466875561532e-14	96
RRM2B	-0.084609375	0.024381906009313663	0.032005127649478646	96
RRP1	0.9216208333333337	1.2247171138390964e-16	1.8676320427390004e-15	96
RRP12	0.6761447916666666	2.0200829402503628e-17	9.541570874547247e-16	96
RRP15	0.8848590909090905	3.8622945529856893e-16	4.036157968221338e-15	88
RRP1B	0.7533895833333331	1.9377225919791964e-16	2.476508652575027e-15	96
RRP7A	0.4487011494252873	4.796045569023217e-11	1.5634922119813782e-10	87
RRP8	0.42521388888888917	5.1132449759739524e-12	1.8848769529565518e-11	72
RRP9	0.6157927083333334	4.955744195724657e-16	4.889424677811282e-15	96
RRS1	0.7911416666666667	2.0847455728212165e-17	9.541570874547247e-16	96
RSBN1	0.14757714285714293	0.03873352683149278	0.049592219754291046	35
RSF1	0.11284204545454547	0.0004180650290097477	0.0006641719819148466	88
RSL1D1	1.0916166666666667	1.838072737468209e-17	9.541570874547247e-16	96
RSL24D1	0.4828037037037036	0.00018434226512908936	0.00030342302668082935	27
RSPRY1	-0.19226333333333334	0.22855282202363014	0.26153178969069324	30
RSRC2	0.20055416666666667	2.073940440491734e-08	5.0069961563898045e-08	96
RSU1	-1.3196937499999997	5.262345975119217e-16	5.154886567055492e-15	96
RTCA	-0.014631249999999991	0.6373504836766197	0.6703223514077737	96
RTCB	0.03888333333333333	0.02604922400926299	0.03405399055983765	96
RTF1	-0.009739583333333331	0.5083353657094529	0.5462793478367323	96
RTFDC1	0.5387208333333332	2.6269704247490633e-16	3.0495408837561495e-15	96
RTKN	0.4509114942528735	2.0263402135218936e-11	6.911396284961049e-11	87
RTN1	-0.44852413793103446	1.7916013147182406e-10	5.456129469107887e-10	87
RTN2	-0.9460890624999999	1.5021513881750895e-11	5.227144016217155e-11	64
RTN3	-0.31183020833333325	1.5251525017174242e-08	3.741224180629689e-08	96
RTN4	-0.4436364583333332	7.122308534899968e-13	2.975315564174588e-12	96
RTN4IP1	-0.05916875000000002	0.11610052612723543	0.13899329582220243	96
RUFY1	0.0831875	0.0010058699609738157	0.0015386186885940102	96
RUFY2	0.096225	0.4523754119873047	0.4907805043697974	20
RUFY3	-0.7194296296296296	1.047425672988461e-14	6.313727619119124e-14	81
RUVBL1	0.33370625000000004	2.939128197352668e-14	1.5763051852624288e-13	96
RUVBL2	0.4223802083333334	1.4718971370472151e-16	2.092514524373062e-15	96
RWDD1	0.017652083333333318	0.7505417977109803	0.7761074168993475	96
RWDD4	-0.2531730769230769	2.5833077351873646e-05	4.5898865453845416e-05	52
RXRB	0.07577702702702703	0.12403495813592824	0.1479115773433954	74
RYBP	-0.07354137931034484	0.40468135103583336	0.44254395828841175	29
S100A1	-1.2810457627118643	9.88898913526863e-11	3.0959042514473747e-10	59
S100A10	-0.1841104166666666	0.00037967436680788635	0.0006056194310304588	96
S100A11	1.1563968750000002	1.7811848543493422e-17	9.541570874547247e-16	96
S100A12	1.0963385416666673	4.038670067020321e-10	1.1821744101064282e-09	96
S100A13	-0.8476635416666664	4.239423759514121e-15	2.8328978090219357e-14	96
S100A14	-0.4552958333333333	1.7384171625396235e-06	3.4712120059089703e-06	96
S100A16	-0.34091145833333325	2.219544420697153e-06	4.382261188480636e-06	96
S100A4	-0.4876531250000002	5.2903717589800456e-09	1.3662102308389325e-08	96
S100A6	-0.15168125000000007	0.026295406780227758	0.03435557625872406	96
S100A8	1.208180208333333	1.116855911658407e-09	3.1157847765377114e-09	96
S100A9	1.2647197916666666	4.2815887639894083e-10	1.250551981611012e-09	96
S100B	-1.8604552083333328	9.877528678554841e-17	1.6045602882427223e-15	96
S100P	1.8032468750000001	1.7683300279793672e-16	2.330113220602478e-15	96
SAA1	-0.6413582089552239	4.14511546528088e-08	9.720230568531782e-08	67
SAA2-SAA4	-1.0157229166666666	1.364508441490876e-14	7.974692956358372e-14	96
SAAL1	0.3876954545454547	4.3325971002524e-09	1.1314672614088496e-08	88
SACM1L	-0.09187187499999998	5.917059111519016e-05	0.00010176538894223347	96
SAE1	0.4649854166666669	3.953075476360183e-16	4.105446342244654e-15	96
SAFB	0.4305718749999998	1.5176393643844687e-16	2.1171735511991784e-15	96
SAFB2	0.21143854166666673	2.5733687637804087e-11	8.645661377076288e-11	96
SAMD1	0.31037272727272724	2.001879688941829e-05	3.605217777686108e-05	55
SAMD4B	-0.09844444444444443	0.5303222090005875	0.5677248604092774	27
SAMD9	-0.11022298850574715	0.04506591513539124	0.05713288447530987	87
SAMD9L	0.18316486486486488	0.6015187961311312	0.6358263121543658	37
SAMHD1	-0.18724999999999992	4.467571259025941e-05	7.752957986757641e-05	96
SAMM50	-0.07740833333333338	0.005181147004983513	0.007342694392994167	96
SAP130	-0.026669117647058812	0.6141873549488168	0.6479922887799358	68
SAP18	0.45751875	5.75921258446327e-16	5.512225603731869e-15	96
SAP30	0.2810068181818183	0.00017909917107772344	0.00029551803707831935	44
SAP30BP	0.21849999999999994	1.5746197018006436e-08	3.8585477856081503e-08	96
SAP30L	-0.06998307692307693	0.10300294238624903	0.12426663198513661	65
SAR1A	-0.013443750000000006	0.7339688100972548	0.7609637995584118	96
SAR1B	-0.3462156249999999	7.749832531821967e-09	1.967220070222988e-08	96
SARM1	-0.7061390804597699	7.509047920598569e-14	3.7013605476757806e-13	87
SARNP	0.23056145833333333	4.954758560485822e-11	1.6128808919116632e-10	96
SARS	-0.28091145833333336	4.5924806302532787e-10	1.337861595673871e-09	96
SARS2	-0.12715729166666664	3.07618464351772e-05	5.428227978264172e-05	96
SART1	0.262209375	4.3016144049439e-15	2.868740660314973e-14	96
SART3	0.2981729166666665	1.2887827379055074e-13	6.084759597894475e-13	96
SASH3	-0.22926818181818184	3.9406897303025836e-05	6.87417769126366e-05	88
SATB2	-0.3100479166666666	0.00023001238771013272	0.000374642658205215	96
SBDS	-0.2530208333333333	1.9918887400847283e-07	4.361482231471424e-07	96
SBF1	-0.20527083333333332	8.270620312691576e-09	2.096244491040717e-08	96
SBF2	-0.398532	0.0009118914604187012	0.0014009342358481947	25
SBNO1	0.4012206896551725	1.8503025737605423e-14	1.0379331076387523e-13	87
SBSPON	-1.3107375000000003	3.120033411445221e-15	2.1851156177318043e-14	96
SCAF1	0.12472812499999998	0.009674418815355112	0.01326771787248926	96
SCAF11	0.12282916666666661	0.0003718421744430027	0.0005934151675851616	96
SCAF4	0.1721114583333333	9.924463002431536e-07	2.0220463647970126e-06	96
SCAF8	-0.008503124999999999	0.9970842883132232	0.997827937096273	96
SCAMP1	-0.016725	0.5368525231125578	0.5738008822431155	96
SCAMP2	-0.022164583333333335	0.23067770378065766	0.26355870481342514	96
SCAMP3	0.2321437499999999	3.854959107655667e-06	7.416954589406903e-06	96
SCAMP4	-0.020038095238095226	0.5167608261108398	0.5541797286409247	21
SCARA5	-1.3153558823529412	2.9103830456733704e-09	7.763721611698863e-09	34
SCARB1	0.4761772727272728	2.6097735924630243e-10	7.806050393149545e-10	88
SCARB2	0.0015760416666666672	0.8179189957318769	0.8394398871600369	96
SCCPDH	-0.16543750000000004	0.0002035148005215677	0.00033334900776280704	96
SCD5	-0.42344583333333324	0.0025163888931274414	0.0036885412025326643	24
SCFD1	-0.04989999999999999	0.05277166332148974	0.06628816499230007	96
SCFD2	0.07315681818181817	0.029082152171233475	0.0377685170183518	88
SCG2	-2.0041218749999996	1.7811848543493422e-17	9.541570874547247e-16	96
SCGN	-2.1651614583333334	1.780748745989751e-17	9.541570874547247e-16	96
SCIN	-1.0195500000000004	5.026584304252835e-13	2.1521921106333486e-12	96
SCLY	-0.186353125	1.3472200899185184e-05	2.4659035663225034e-05	96
SCN7A	-1.9243141025641022	3.5021547456929836e-14	1.85153319061105e-13	78
SCO1	0.0702885416666667	0.1086606219465569	0.1306458983224821	96
SCO2	-0.07140833333333337	0.058366149681385635	0.07300199990100635	96
SCOC	-0.3178068965517241	2.9751998783550107e-06	5.784009268004569e-06	58
SCP2	-0.005095833333333345	0.7672307109320774	0.7915348054195459	96
SCPEP1	-0.24531041666666661	0.0010731441737992936	0.00163667293976346	96
SCRIB	0.12095312500000001	8.815463502066097e-05	0.00014942633813886167	96
SCRN1	-0.8527145833333333	2.467690073214028e-15	1.776366169655892e-14	96
SCRN2	-0.47367500000000007	1.9385740393048402e-10	5.871735092413622e-10	88
SCRN3	-0.6540166666666667	3.551226949510749e-17	9.764418690273611e-16	96
SCYL1	0.05978125	0.022807993054641113	0.03002724203367096	96
SCYL2	-0.17054999999999995	1.0428545199527238e-09	2.9164280843529906e-09	96
SCYL3	-0.3510681818181818	8.154882435048687e-07	1.6798006219447848e-06	66
SDAD1	0.4451000000000001	3.797057202591535e-12	1.4286296646302407e-11	79
SDC1	0.017449999999999993	0.7505417977109803	0.7761074168993475	96
SDC2	-0.057220833333333325	0.39056725212988175	0.428716573059453	72
SDC4	-0.21094374999999996	3.2018632875996764e-05	5.636657254396806e-05	96
SDCBP	0.20352291666666666	0.0038232080192664494	0.0054913086279722995	96
SDCBP2	-0.1720942528735632	0.026860286063029405	0.03507311389584746	87
SDF2	0.3228197916666667	3.4368967742376663e-07	7.35272336044659e-07	96
SDF2L1	-0.027285416666666673	0.45819293899906	0.49636951844739113	96
SDF4	-0.011057291666666651	0.9825070925545858	0.984561625683154	96
SDHA	-0.3913583333333331	1.763908900227252e-14	9.953948806087554e-14	96
SDHAF2	-0.03390444444444446	0.7884889043277781	0.8122174204107268	45
SDHB	-0.36878229166666676	4.274963299294541e-11	1.4031667698124792e-10	96
SDHC	-0.3664583333333333	1.5718300074629573e-07	3.4768900494787275e-07	96
SDHD	-0.1734480769230769	0.05130973597887481	0.06464544951779738	52
SDPR	-2.3659447916666663	2.150925377510111e-17	9.541570874547247e-16	96
SDR39U1	-0.5604739583333336	1.4389513415066615e-13	6.732790004695563e-13	96
SDSL	-0.3960239583333333	3.0245681508307547e-11	1.007038596720771e-10	96
SEC11A	0.25926145833333325	2.4709911839028807e-07	5.363273973731617e-07	96
SEC11C	-0.3277781250000001	1.2489764382123818e-05	2.294464108424663e-05	96
SEC13	0.19233750000000002	5.860789688675876e-08	1.3535297081351618e-07	96
SEC14L2	0.1960956521739131	0.06051826477050781	0.07549591638998455	23
SEC16A	0.10828437500000004	0.00011051527564136948	0.00018531541721518316	96
SEC22B	0.06758958333333333	0.01982597508672404	0.026276662753226314	96
SEC23A	-0.04498645833333335	0.11812423309097826	0.14126479140951392	96
SEC23B	0.2557864583333334	2.9117764740706487e-06	5.665634676490714e-06	96
SEC23IP	0.09927604166666666	8.695636939325415e-06	1.619628768071466e-05	96
SEC24A	0.13450416666666667	8.711982626467785e-07	1.787968535973459e-06	96
SEC24B	-0.08366562499999998	0.00044508523452763685	0.0007046035321701415	96
SEC24C	-0.03920416666666668	0.05389860531071218	0.06761513519625431	96
SEC24D	0.33097291666666667	1.0151889063857544e-11	3.594143732423233e-11	96
SEC31A	0.10333333333333335	2.679532520995119e-06	5.241103114681123e-06	96
SEC61A1	0.4067104166666667	3.580256774255006e-14	1.8885442257523727e-13	96
SEC61B	0.3058052083333334	1.4237343449098637e-10	4.3815751009175577e-10	96
SEC61G	-0.2891416666666667	0.0008462667465209961	0.0013028002759085276	24
SEC62	0.267121875	3.0353136207335817e-12	1.1603372696012307e-11	96
SEC63	0.32526666666666665	1.1867708453721372e-13	5.622913560453155e-13	96
SEH1L	0.2200791666666667	6.490764978819337e-08	1.4913199398253057e-07	96
SEL1L	0.14982604166666666	2.8523384574160315e-06	5.554921182727475e-06	96
SEL1L3	0.2158345454545454	0.0029356435527442266	0.0042676560336643585	55
SELENBP1	-1.6594447916666664	2.5413661101821153e-15	1.8176999182528585e-14	96
SELENOF	0.19918437499999997	1.752486482149139e-07	3.8574251341005815e-07	96
SELENOH	0.4527489583333333	7.063560888929718e-11	2.2513609949284764e-10	96
SELENOI	-0.07162380952380953	0.3038158416748047	0.34022708759744025	21
SELENOK	0.03522784810126583	0.39785166036487074	0.4357855982674152	79
SELENOM	-0.6604802083333333	4.121083632136495e-14	2.1317155040866423e-13	96
SELENON	-0.14776896551724142	0.12065461277961731	0.14411105521425183	29
SELENOO	-0.231801282051282	7.677001939866219e-07	1.5891701948337693e-06	78
SELENOP	-0.7841283950617284	6.27942385371562e-13	2.6479355521419292e-12	81
SELENOS	0.09573541666666674	0.014792186461934226	0.01984429861317775	96
SELENOT	0.07771272727272727	0.20282672592320028	0.2340093730384782	55
SELENOW	-1.0745839080459771	7.550206718094633e-15	4.7032810465828134e-14	87
SEMA4B	-0.28629076923076924	1.683067647629264e-05	3.0501623036047356e-05	65
SENP3	0.12980344827586207	0.021259241342020375	0.028076427197561947	58
SEPHS1	-0.03752083333333331	0.34863238922862927	0.3859694223324874	96
SEPHS2	-0.34336704545454544	3.5421824564535827e-09	9.345065709928071e-09	88
SEPSECS	-0.43995466666666677	1.1412228446091139e-08	2.847327655069745e-08	75
SEPT1	-0.3918540229885058	4.032802375750495e-08	9.466784863159577e-08	87
SEPT10	-0.8124177083333332	1.564872706020501e-16	2.138480918970842e-15	96
SEPT11	-0.1050177083333334	0.0004330017314876524	0.0006864387090148062	96
SEPT2	-0.3945333333333334	2.0924072552846224e-14	1.1582475475003738e-13	96
SEPT3	-0.3818383333333334	0.00030953640842355047	0.0004987223256756965	60
SEPT4	-0.4052454545454546	1.1050977698892616e-05	2.043577987372397e-05	55
SEPT5	-0.46237291666666663	7.479323724862773e-12	2.6963343831329577e-11	96
SEPT6	-1.056855208333333	7.96031066873704e-17	1.4591727944414426e-15	96
SEPT7	-0.41242708333333344	3.610926374693098e-15	2.4697500123801493e-14	96
SEPT8	0.08832708333333332	0.00988152681837632	0.013537913707267047	96
SEPT9	-0.5309989583333331	6.612280025645093e-17	1.3282756477231894e-15	96
SERBP1	0.39854999999999996	4.559722473766646e-15	3.0136104778265625e-14	96
SERF2	0.19316966292134824	3.086177611783146e-05	5.4444295549442886e-05	89
SERINC1	-0.16070967741935488	0.007324135210336937	0.010152401472345146	62
SERINC3	0.21976399999999996	0.005514507953669444	0.007783890986991016	50
SERPINA1	-1.3992114583333335	1.9576390041525702e-17	9.541570874547247e-16	96
SERPINA3	-1.1369718749999997	1.0831837854418467e-16	1.7140337954765985e-15	96
SERPINA4	-0.6269885416666666	9.93492233184077e-13	4.046957736752867e-12	96
SERPINA5	-0.7110760416666668	1.950201391356052e-15	1.4521532890796618e-14	96
SERPINA6	-1.125121875	4.281720896214567e-17	1.0407994743733164e-15	96
SERPINA7	-1.0344916666666661	3.4418527871711955e-17	9.764418690273611e-16	96
SERPINB1	0.31352291666666665	1.0132533786152229e-07	2.2811801735333994e-07	96
SERPINB10	0.4368926829268292	0.017213468535373977	0.02292736954612349	41
SERPINB5	1.2966604166666669	4.088960092549153e-12	1.5274406047278545e-11	96
SERPINB6	-0.35751354166666666	1.0264159360954026e-08	2.5742895384164693e-08	96
SERPINB8	0.2949593749999999	6.096519716478956e-07	1.2741916130173618e-06	96
SERPINB9	0.18851874999999998	4.3978309255404134e-05	7.63588190461973e-05	96
SERPINC1	-1.0921229166666666	9.005176466272906e-17	1.5218958751722538e-15	96
SERPIND1	-1.0631260416666672	8.006066936668552e-16	7.077161364893921e-15	96
SERPINE1	-0.4707477272727271	0.00013553065474134694	0.0002258507607202426	44
SERPINE2	0.28935104166666664	0.001019839736526748	0.001558921119243097	96
SERPINF1	-0.23286145833333327	0.006130228003058146	0.008599421910952506	96
SERPINF2	-1.0060499999999999	1.6094397657238351e-15	1.2383385728612715e-14	96
SERPING1	-0.939373958333333	3.248336035236121e-16	3.5378387111037558e-15	96
SERPINH1	1.1670552083333332	8.732313701098553e-17	1.5060435120994909e-15	96
SET	0.4603854166666665	2.9189429281122333e-12	1.1196791369185233e-11	96
SETD3	-0.07993541666666669	0.0012761924107867223	0.0019283727216144412	96
SETD7	-0.5335322916666668	2.9141371599307727e-11	9.741378279011238e-11	96
SF1	0.330984375	4.694067955192195e-15	3.090690962607764e-14	96
SF3A1	0.3908822916666667	3.5503736061770894e-17	9.764418690273611e-16	96
SF3A2	0.4673625000000002	3.941505726236662e-15	2.6629971719357266e-14	96
SF3A3	0.4141000000000001	1.564872706020501e-16	2.138480918970842e-15	96
SF3B1	0.4781645833333335	1.780748745989751e-17	9.541570874547247e-16	96
SF3B2	0.4653041666666668	2.2195826620055546e-17	9.541570874547247e-16	96
SF3B3	0.3389343750000002	3.3360036935579033e-17	9.764418690273611e-16	96
SF3B4	0.4839562499999998	4.559722473766646e-15	3.0136104778265625e-14	96
SF3B5	0.16308124999999998	0.0003516778210223716	0.0005624330157900098	96
SF3B6	0.544028125	5.840252942811286e-17	1.2324385556430094e-15	96
SFN	0.11690312500000004	0.0007946335355723843	0.0012264081872912643	96
SFPQ	0.4832260416666669	2.0202061895772765e-17	9.541570874547247e-16	96
SFRP1	-1.4719948717948719	1.6821750448706568e-14	9.588540676327304e-14	78
SFRP2	0.011797916666666708	0.5773338641617798	0.6124818194763945	96
SFRP4	0.7753112500000001	1.8050658269782133e-07	3.966911113838233e-07	80
SFSWAP	0.38559873417721513	1.1260647393229231e-08	2.810553696472281e-08	79
SFT2D2	0.17112835820895517	2.481388016550333e-05	4.416989175653008e-05	67
SFXN1	0.27681875000000006	1.1524109304506698e-11	4.06067485945039e-11	96
SFXN2	0.014497701149425276	0.564882214379512	0.6006377255950873	87
SFXN3	0.11000208333333338	0.006302768497977822	0.00881310417943585	96
SFXN4	0.06139195402298851	0.09624657758080235	0.11672420263731074	87
SFXN5	-0.7258479166666665	1.752269440657983e-10	5.338771878916625e-10	48
SGCB	-1.0136160919540234	5.895431999354368e-14	2.958298674919107e-13	87
SGCD	-1.0982666666666672	2.068359055563178e-15	1.521640548457253e-14	96
SGCE	-1.0090635416666665	2.0921997550547756e-14	1.1582475475003738e-13	96
SGK3	-0.17260476190476184	0.05950736999511719	0.07430391686157477	21
SGPL1	0.3783572916666666	3.356743759920103e-15	2.3240860562749196e-14	96
SGPP1	0.1260416666666667	0.5270590782165527	0.5646821072748087	24
SGSM3	-0.2247121621621622	0.00047649169462400296	0.0007520072404686981	74
SGTA	0.12823541666666674	3.5236721310928195e-05	6.175631224530231e-05	96
SH2D4A	0.20958854166666666	0.001562535848762658	0.002342058313080579	96
SH3BGRL	-1.326296875	5.93500213200509e-16	5.631956054260559e-15	96
SH3BGRL2	-0.21401354166666672	0.00013313543458573992	0.00022207996783583518	96
SH3BGRL3	-0.16565520833333333	0.00869560640999607	0.011962030634542473	96
SH3BP1	-0.11973749999999994	0.002169655697974945	0.003200576094484148	96
SH3BP4	0.25150487804878047	0.0005091299362902646	0.0008014436280083025	41
SH3D19	-0.3245041666666666	1.434643071865709e-09	3.9511577870061746e-09	96
SH3GL1	-0.016846874999999994	0.6716381886866216	0.7034062765998352	96
SH3GLB1	-0.18912187499999997	2.975845133151293e-10	8.814545253117891e-10	96
SH3GLB2	-0.40281979166666687	8.006066936668552e-16	7.077161364893921e-15	96
SH3KBP1	-0.05528437499999999	0.25043983774173983	0.28434606048558686	96
SH3PXD2A	-0.2474682926829268	0.0005685117894245195	0.0008897003954394918	41
SH3PXD2B	0.22362604166666677	8.711617264544119e-07	1.787968535973459e-06	96
SHBG	-0.7357117647058823	4.336470738053322e-07	9.200943131435717e-07	34
SHC1	-0.07493333333333337	0.0011012305380118821	0.00167760119880148	96
SHMT1	-0.5047770833333333	1.2512880083851548e-15	1.0139856991244602e-14	96
SHMT2	0.8719364583333333	1.9577585447302082e-17	9.541570874547247e-16	96
SHOC2	-0.30115520833333326	2.4483985249767443e-11	8.266887621574725e-11	96
SHPK	-0.260425	2.4951631964927893e-07	5.412237272961566e-07	96
SHROOM2	-0.055160000000000035	0.6915188431739807	0.7204555401713484	25
SHROOM3	-0.48740000000000006	3.7960059454989554e-12	1.4286296646302407e-11	71
SHTN1	-0.06347083333333335	0.14381643439974867	0.16939333890237251	96
SI	-0.9157407407407406	0.002707734704017639	0.003953469451415526	27
SIAE	-0.5962135416666667	6.432954714936538e-10	1.8412411767282097e-09	96
SIGIRR	-0.15973249999999994	0.013150016228588777	0.017758345184702515	80
SIGLEC1	-0.9347921874999997	6.5077507626466425e-12	2.361303400032251e-11	64
SIGLEC5	0.08865217391304346	0.6220676898956299	0.6553787894958827	23
SIGMAR1	-0.06923617021276597	0.31529447229364393	0.3518480729570953	47
SIL1	0.1869915492957746	0.0005500926302837053	0.0008636956369233276	71
SIN3A	0.015112500000000003	0.9621099161198811	0.967010550898619	96
SIPA1	-0.20712840909090913	3.096404732867029e-06	6.005718228622405e-06	88
SIPA1L1	-0.28281449275362325	0.0006762505311001072	0.0010507097760886102	69
SIPA1L3	-0.2805772727272727	0.0006937980651855469	0.0010767270921419926	22
SIRPA	0.06521265822784808	0.28891987634652483	0.32506514345276455	79
SIRT2	-0.490975	6.230348767260698e-13	2.6306639249197633e-12	96
SIRT3	-0.24484102564102564	2.4256443153316524e-06	4.761160828425997e-06	78
SIRT5	-0.2522031249999999	9.415963573430628e-09	2.3740506304344277e-08	96
SKAP2	0.5494545454545454	1.787009296094766e-08	4.350161599237948e-08	44
SKIV2L	-0.28135729166666656	2.5410964764103816e-15	1.8176999182528585e-14	96
SKIV2L2	0.36555937499999985	1.997933143667549e-16	2.5197181734799374e-15	96
SKP1	-0.14123333333333335	3.500247109342416e-08	8.259992211248073e-08	96
SLAIN2	-0.19520833333333332	8.72939586572064e-05	0.00014800484423330748	96
SLC12A2	0.7660864583333331	1.15436587895219e-13	5.489273801595421e-13	96
SLC12A4	-0.16986904761904764	0.1955963560035343	0.22609509862641483	42
SLC12A6	-0.00999555555555557	0.7519615484321489	0.7773359057675326	45
SLC12A7	0.0513875	0.09241158173101996	0.11233725345776643	96
SLC12A9	0.14889375	6.593209040692765e-05	0.00011278388438043795	96
SLC16A1	-0.5638093749999998	1.813786999414261e-11	6.237158882147759e-11	96
SLC16A3	0.8057218749999997	3.248152716846292e-16	3.5378387111037558e-15	96
SLC16A7	-1.129025925925926	1.4901161193847656e-08	3.660633117888097e-08	27
SLC17A5	0.01190506329113924	0.7012486005908557	0.7292941964600915	79
SLC1A4	0.26928437499999985	5.56405761688868e-06	1.0560094503462836e-05	96
SLC1A5	0.725913541666667	1.3816794794583937e-16	2.002134376549262e-15	96
SLC22A18	0.06761818181818179	0.4690725611554769	0.5070911718968892	88
SLC25A1	0.12094166666666666	0.0040282294723837	0.005770956978480086	96
SLC25A10	0.3687885416666667	7.02716583464732e-13	2.94106397907978e-12	96
SLC25A11	-0.32879270833333335	5.016129731243097e-11	1.630485192195249e-10	96
SLC25A12	-0.6172531250000001	8.126087118016956e-16	7.173410325628389e-15	96
SLC25A13	0.33921249999999986	4.349791736226257e-09	1.1355156715308155e-08	96
SLC25A15	0.5543635416666666	2.004822340147045e-11	6.842006228535351e-11	96
SLC25A17	0.14374583333333332	0.2405325174331665	0.27411799888892713	24
SLC25A19	0.14896911764705884	0.0013655982267980265	0.002059579031754311	68
SLC25A20	-0.33371979166666654	4.513531640962516e-13	1.9474361852577127e-12	96
SLC25A22	0.5481312500000002	4.39366416181196e-16	4.4594694193035454e-15	96
SLC25A24	0.15124583333333336	0.0015527717992088379	0.0023279432404228143	96
SLC25A3	0.06390833333333336	0.18771123228017583	0.21754269431122814	96
SLC25A4	-1.26031875	1.8232449475240183e-16	2.375174825813328e-15	96
SLC25A40	-0.06665625000000001	0.5563013904740135	0.5922587497673892	96
SLC25A42	-0.39027999999999996	0.0037809014320373535	0.005432869502578412	25
SLC25A46	-0.4210958333333333	2.985821285643685e-15	2.1064011572432686e-14	96
SLC25A5	0.25484166666666663	2.8317953995646727e-07	6.112917687725329e-07	96
SLC25A6	0.30135312499999994	8.282028968898727e-08	1.8841686114730944e-07	96
SLC26A2	-1.4618927083333342	7.034784858655437e-17	1.3640569831421772e-15	96
SLC26A3	-1.8087875	1.7809667875440116e-17	9.541570874547247e-16	96
SLC26A6	-0.2963543859649123	2.0935219940329026e-05	3.7554649887611614e-05	57
SLC27A1	-0.3671875	2.7352474065540256e-12	1.051018032678749e-11	96
SLC27A2	0.011253124999999994	0.8108283374555887	0.8329146274972339	96
SLC27A3	-0.36104479166666675	1.4184574916766395e-09	3.91622687722575e-09	96
SLC27A4	-0.16626249999999998	1.4886690927274511e-05	2.7125151936742175e-05	96
SLC29A1	-0.39215666666666676	7.711911628534082e-05	0.00013118462250465303	60
SLC2A1	0.20435416666666653	0.10508452618170992	0.12659581363855124	96
SLC2A3	0.38414791666666653	3.385960050637754e-05	5.9482602722515564e-05	96
SLC2A4	-1.431515789473684	2.353430654039466e-10	7.06134448029999e-10	57
SLC30A1	-0.051269999999999996	0.16352200778152814	0.19129366176220963	80
SLC30A7	0.2113774647887324	0.0008024136680931436	0.0012381309335871436	71
SLC30A9	0.05071149425287357	0.3650780568103821	0.4031120281666974	87
SLC31A1	0.1491	0.004277748808175018	0.006112761821948071	59
SLC33A1	0.21774318181818195	1.9268456729617694e-05	3.4759902177737326e-05	88
SLC35A1	-0.28862500000000024	0.0014563068792678116	0.0021896823964607237	64
SLC35A3	-0.10325428571428569	0.12593116820064582	0.14993295607065354	70
SLC35B2	0.4281020833333334	7.839892522951041e-13	3.2507935065808738e-12	96
SLC35F6	0.0968427083333333	0.11909940515191803	0.14235487424981616	96
SLC37A4	0.07125652173913041	0.4633810520172119	0.5015040293569083	23
SLC38A1	0.5006155172413793	3.4265193818196174e-07	7.337541823373065e-07	58
SLC38A10	-0.07240845070422536	0.18754976706022952	0.2174306872657819	71
SLC39A11	0.09584895833333333	0.06339800446945368	0.07882453891504165	96
SLC39A14	0.10619479166666664	0.039649977097053084	0.05071719663377104	96
SLC39A7	0.2831802083333333	2.4091700414247396e-09	6.494217869116818e-09	96
SLC3A2	0.8929093750000003	1.8969845600084223e-17	9.541570874547247e-16	96
SLC43A2	-0.39019722222222214	0.000991061155218631	0.0015173503629305786	36
SLC44A1	-0.4688718749999998	3.3530988554384386e-13	1.4799960671800317e-12	96
SLC44A2	-0.5608854166666666	1.9990753117238567e-12	7.843155711318921e-12	96
SLC44A4	-0.12505999999999995	0.1701449716261647	0.19845316666202	80
SLC4A1	-1.332078125	8.496826158007783e-15	5.2394491446759387e-14	96
SLC4A1AP	0.3507114583333333	9.649544815266291e-12	3.428961661314701e-11	96
SLC4A2	0.24570975609756088	0.061566552753902215	0.07668956599070367	41
SLC4A4	-1.6067395833333338	2.5972910376602726e-17	9.541570874547247e-16	96
SLC4A7	-0.08862676056338029	0.06338704927590778	0.07882453891504165	71
SLC50A1	-0.5299931034482758	1.0278075933456421e-05	1.904851144683954e-05	29
SLC5A1	0.4897151515151515	0.002915517892688513	0.004241155581536694	33
SLC5A6	1.0074774647887321	3.49982991239376e-12	1.3265739481497026e-11	71
SLC7A1	0.4883404494382024	1.0040779800832309e-10	3.139030367371107e-10	89
SLC7A5	1.22400625	7.488704563214635e-12	2.6982663219445216e-11	64
SLC8A1	-0.9609782608695652	7.152557373046875e-07	1.48565038438921e-06	23
SLC9A1	-0.40061891891891893	3.565073711797595e-07	7.619649420978039e-07	37
SLC9A3	-0.7896424242424243	0.0018177954480051994	0.0027047215925187144	33
SLC9A3R1	-0.41727604166666676	9.930580398322464e-08	2.2394710552048877e-07	96
SLC9A3R2	-0.16206145833333332	3.05172043419491e-05	5.386475241518982e-05	96
SLCO2A1	-0.648961224489796	3.1718129067275365e-07	6.805146399499534e-07	49
SLFN5	0.06216458333333336	0.18832448956152803	0.21817803496257843	96
SLIRP	0.3847354166666667	1.272095333747417e-08	3.154088057567685e-08	96
SLK	-0.30268437499999995	2.0049760389477567e-11	6.842006228535351e-11	96
SLMAP	-2.1177625	1.2627310052169392e-16	1.8914347498278047e-15	96
SLPI	-1.0684572916666668	2.2919346394631675e-13	1.0421211044317248e-12	96
SLTM	0.28024895833333335	1.1330825123859636e-10	3.5161196001838247e-10	96
SLU7	0.25278399999999995	0.00032907724380493164	0.0005277980465425022	25
SMAD2	-0.3638788732394366	2.182798108322014e-06	4.3147886000979355e-06	71
SMAD3	-0.06556666666666666	0.2428417205810547	0.2765147833296497	21
SMAD4	-0.4120968750000001	1.4866498716180967e-14	8.627970578447933e-14	96
SMAP1	-0.21600937499999986	1.4461222256231137e-08	3.562994495668553e-08	96
SMAP2	-0.2961864583333333	1.852167685703106e-10	5.622906863760228e-10	96
SMARCA1	-0.21997058823529406	0.5097294937586412	0.5476088602358975	34
SMARCA2	-0.07389545454545456	0.1293588224494159	0.15374924475236937	88
SMARCA4	0.353875	3.481025416227433e-14	1.8419036331619578e-13	96
SMARCA5	0.5467739583333332	2.6794970021544967e-17	9.541570874547247e-16	96
SMARCAD1	0.2828307692307692	0.031220704317092896	0.040381666717442886	26
SMARCB1	-0.02865312500000002	0.8722590570552183	0.8882796013636095	96
SMARCC1	0.3907072916666668	7.290976085235533e-12	2.6298472341852252e-11	96
SMARCC2	0.21036875000000008	3.0624344477908666e-11	1.0191405114200855e-10	96
SMARCD1	0.02717575757575757	0.6212516147643328	0.6548275072197814	33
SMARCD2	0.1503114583333333	1.6441300525001312e-05	2.984434123978187e-05	96
SMARCE1	0.3466250000000002	3.630822091453022e-14	1.91061735492948e-13	96
SMC1A	0.27272812499999993	2.774902119551445e-15	1.972120584753246e-14	96
SMC2	0.6527385416666666	1.342671487120723e-16	1.9628643944996438e-15	96
SMC3	0.2646947916666667	1.9214069737789795e-14	1.0724392168954387e-13	96
SMC4	0.587296875	4.2979172123574424e-14	2.2181632562498045e-13	96
SMC5	0.028662499999999997	0.6779994335956872	0.7087407603604651	32
SMC6	0.06543908045977012	0.1501469955412727	0.17623096450076953	87
SMCHD1	0.07397812500000005	0.14583075270246704	0.17149531575950291	96
SMCO4	-0.06609000000000001	0.7011814117431641	0.7292941964600915	20
SMDT1	-0.007112643678160925	0.9190920687539902	0.9299032859705202	87
SMG1	-0.3596871794871795	5.430032077796223e-06	1.0325987871296728e-05	78
SMG8	0.120608536585366	0.09745443725511133	0.11808232247508432	82
SMG9	-0.005689999999999998	0.9647691997243222	0.9693929251086532	60
SMIM12	0.007016417910447765	0.7311730609884579	0.7582995928538514	67
SMIM20	-0.06075822784810129	0.08019238502231525	0.09819505587054445	79
SMIM22	-0.3243777777777778	1.3926308788516076e-06	2.805753923788419e-06	72
SMN1	0.4670885416666666	8.620110643742513e-15	5.310589743697752e-14	96
SMNDC1	0.2578409090909091	4.225788004890208e-10	1.235867991491212e-09	88
SMPD3	-0.6859898305084745	8.842489457075361e-09	2.2335941930541638e-08	59
SMPD4	0.29069062500000004	5.642610089265509e-12	2.0676859871592298e-11	96
SMPDL3A	-0.8816649999999999	0.0004825592041015625	0.0007610460038357741	20
SMPDL3B	0.34145857142857144	0.00023498080614144565	0.00038254943664230986	70
SMPX	-1.9910567901234564	4.2060783656025296e-14	2.1740046036076559e-13	81
SMS	-0.10426770833333333	0.035620893775210126	0.045790491729811214	96
SMTN	-2.4740083333333325	1.7953228410373202e-16	2.3571078161486073e-15	96
SMU1	0.36014375000000004	3.212677329032805e-15	2.2358767842822708e-14	96
SMYD3	0.1481891304347826	0.06446943740272104	0.08006765189464189	46
SMYD5	-0.05308225806451613	0.4140484391031345	0.45208235035046984	62
SNAP23	-0.12969687500000002	0.00014873158775640378	0.00024723494109457703	96
SNAP29	-0.30238854166666657	1.594954359647963e-15	1.2327821196864267e-14	96
SNAPIN	0.10039886363636365	0.0003485407945347512	0.000557681896144442	88
SNCA	-1.4884760416666662	3.663808158724764e-17	9.793023480830454e-16	96
SNCG	-2.0986000000000002	1.8378478960203912e-17	9.541570874547247e-16	96
SND1	0.47034479166666676	2.5169640473458225e-17	9.541570874547247e-16	96
SNF8	-0.16165000000000002	5.468473434555085e-06	1.0393197810886703e-05	96
SNIP1	0.0599411764705882	0.041947329699110275	0.05351295587589482	51
SNRNP200	0.4300218749999998	1.7811848543493422e-17	9.541570874547247e-16	96
SNRNP27	0.28563800000000006	5.121092026350027e-05	8.843605252196225e-05	50
SNRNP40	0.4536520833333337	3.7796819000407493e-17	9.90542416694273e-16	96
SNRNP70	0.5379229166666667	1.780857763610672e-17	9.541570874547247e-16	96
SNRPA	0.23186874999999998	8.451660397358785e-09	2.138898136774051e-08	96
SNRPA1	0.42418645833333324	2.5171167001560145e-17	9.541570874547247e-16	96
SNRPB2	0.5293895833333333	3.248336035236121e-16	3.5378387111037558e-15	96
SNRPC	0.47870937500000016	1.3427492174469266e-16	1.9628643944996438e-15	96
SNRPD1	0.2547697916666665	9.300407882063945e-10	2.6173841140522542e-09	96
SNRPD2	0.4893135416666667	3.4418527871711955e-17	9.764418690273611e-16	96
SNRPD3	0.38073020833333326	1.2521275137162356e-14	7.401342281517378e-14	96
SNRPE	-0.4515052083333336	2.08627654650842e-10	6.293538377034618e-10	96
SNRPF	0.4391083333333332	2.2158539188436094e-11	7.530984772807383e-11	96
SNRPG	0.5197312500000002	4.809114410289778e-16	4.76578265563281e-15	96
SNRPN	0.4982927083333333	7.102430812379102e-16	6.474927217321101e-15	96
SNTA1	-0.7714869565217389	6.031990051269531e-05	0.00010357978309180262	23
SNTB1	-0.3913177083333333	2.9140272431338756e-11	9.741378279011238e-11	96
SNTB2	-0.7194677083333333	2.4721408172762415e-16	2.9462663960947775e-15	96
SNU13	0.5780458333333335	6.819703013672534e-17	1.3418999201962731e-15	96
SNUPN	0.1549222222222223	0.00041149446553829876	0.0006543532517886813	63
SNW1	0.36331354166666685	7.541132435649139e-16	6.810098003133777e-15	96
SNX1	-0.18391145833333342	7.599207740688222e-11	2.4139718149752506e-10	96
SNX12	-0.17693333333333336	2.155528143157169e-05	3.862563651827309e-05	96
SNX15	-0.364746875	1.275086629094294e-11	4.464799684025897e-11	96
SNX17	-0.45931874999999983	3.1989671508513605e-14	1.7033230646874427e-13	96
SNX18	-0.4443843749999998	2.106593178408038e-12	8.24570223683753e-12	96
SNX2	-0.3228145833333334	3.717902083784176e-15	2.5325909222249073e-14	96
SNX27	-0.2430000000000002	1.4307058186485994e-08	3.527602108531221e-08	96
SNX3	-0.1581958333333334	5.963060132911493e-06	1.1282055959307165e-05	96
SNX30	-0.012365517241379307	0.6536958504039667	0.6861147466145514	87
SNX33	-0.26357115384615387	7.447764611278298e-05	0.00012685212687754788	52
SNX4	-0.19558125000000012	1.4183684782547335e-09	3.91622687722575e-09	96
SNX5	-0.2832020833333333	3.307839708733006e-13	1.4619431229176375e-12	96
SNX6	-0.316390625	3.40598603371715e-15	2.346320632411532e-14	96
SNX7	-0.2571620253164557	2.5290461313158716e-08	6.059775176785066e-08	79
SNX8	0.02573437499999999	0.16848138232269894	0.1965811467831282	96
SNX9	-0.10908125000000006	0.0032832295651405753	0.0047451932685325555	96
SOAT1	0.4017520833333333	1.6049000408167965e-10	4.914319659443125e-10	96
SOD1	-0.8406520833333334	4.717231860775983e-11	1.5401010894607573e-10	96
SOD2	0.33743020833333337	9.042940387776057e-07	1.851399317013722e-06	96
SOD3	-1.273561458333333	2.472422091222775e-16	2.9462663960947775e-15	96
SON	0.22108854166666655	1.3832865232068775e-12	5.544125237768352e-12	96
SORBS1	-1.9199770833333325	2.3263140656604483e-16	2.8124360258350664e-15	96
SORBS2	-1.9593104166666657	4.150177724909504e-17	1.0274984544787615e-15	96
SORBS3	-0.5916281250000002	4.666501510980602e-16	4.672769945846099e-15	96
SORD	0.7069562499999997	9.286987337048376e-17	1.5423277948769751e-15	96
SORL1	-0.14957708333333333	0.0006912396154148792	0.0010732530848920215	96
SORT1	-0.11498854166666668	0.0021828767811721025	0.003218773873899517	96
SOS1	-0.22045822784810132	6.609901972118905e-06	1.2456694474984756e-05	79
SOWAHC	-0.4029436781609198	8.683726313925991e-11	2.739027731082721e-10	87
SOX9	0.5833027027027027	8.95071942396886e-08	2.0266748773340222e-07	74
SP1	0.1401072916666666	1.3584958349866247e-05	2.484096090740056e-05	96
SP100	0.108009375	0.001705531802142321	0.002546153284506638	96
SP110	0.2593384615384617	0.0007373194971205567	0.0011408386776249574	65
SP3	0.09402643678160924	0.012372355567831209	0.01676552888397891	87
SPAG1	0.3811574712643678	4.104086546287531e-07	8.721671409262923e-07	87
SPAG7	0.023234848484848487	0.5893398877778664	0.6244285071228215	66
SPAG9	-0.13412187499999997	1.1832231796662025e-06	2.3960894392938583e-06	96
SPARC	0.5004500000000001	2.634688621633021e-09	7.070450385014375e-09	96
SPARCL1	-0.9161923076923076	1.5152811580580567e-11	5.270099165065579e-11	78
SPAST	0.14514252873563216	9.183784393963416e-06	1.7077053630571107e-05	87
SPATA20	-0.44247999999999993	7.127230313127543e-10	2.0321541934030038e-09	80
SPATA5	-0.07944479166666665	0.012180918512594842	0.016526144044691365	96
SPATA5L1	-0.20129218749999997	0.0019594230057258465	0.0029025764949027833	64
SPATS2	0.10758409090909088	0.16829864982082654	0.19643626333471212	44
SPATS2L	0.18551249999999997	3.84307641987418e-08	9.040392602011175e-08	96
SPC24	-0.04745185185185187	0.9717257022857666	0.9750684619556099	27
SPCS1	-0.027490909090909087	0.4426780958455484	0.4810377947890807	88
SPCS2	0.0757447916666666	0.12573046980968047	0.1497247489422882	96
SPCS3	-0.04288541666666665	0.4829113875169443	0.5205418539285314	96
SPECC1	-0.047970833333333324	0.24538963041124262	0.2793211792380432	72
SPECC1L	-0.2782708333333333	1.683604363489409e-10	5.141238814133111e-10	96
SPG20	-0.7756395833333333	3.941505726236662e-15	2.6629971719357266e-14	96
SPG21	0.18928854166666678	9.043129470642372e-07	1.851399317013722e-06	96
SPG7	-0.23966666666666672	2.3043351950607477e-08	5.5393048524437346e-08	96
SPIN1	0.20422000000000007	0.00026720106945588755	0.0004329123000595533	80
SPINK1	-0.6495184615384618	0.0005396770634606246	0.000848533728323724	65
SPINK4	-0.42557125000000007	0.013149884758515057	0.017758345184702515	80
SPINT1	-0.044389583333333316	0.2673930372069079	0.30236730900510655	96
SPINT2	0.6096954022988506	2.128939872068905e-12	8.323460140856808e-12	87
SPN	-0.12457391304347827	0.2725830078125	0.3078719527633102	23
SPNS1	-0.15556282051282047	0.007995716819905739	0.011051352316594067	78
SPON1	-1.0901416666666663	7.033955436404984e-17	1.3640569831421772e-15	96
SPON2	-0.3060653846153846	0.08902901411056519	0.10844147706386743	26
SPOUT1	0.6152854166666665	3.895888967937264e-14	2.034048177890358e-13	96
SPPL2A	-0.1453033333333333	0.5291051845997572	0.5666932764175879	30
SPR	-0.05171145833333333	0.041989352292932935	0.05354620120381811	96
SPRYD4	-0.22754375000000007	2.7523551183670784e-06	5.375808886509455e-06	96
SPRYD7	0.08845641025641031	0.006687462853665603	0.009323813026858382	78
SPTA1	-1.23496875	8.376133190375678e-15	5.169777145743369e-14	96
SPTAN1	-0.1756010416666667	6.371435486454849e-09	1.6328188487833356e-08	96
SPTB	-1.1377864583333337	8.37570525734137e-15	5.169777145743369e-14	96
SPTBN1	-0.17476666666666665	7.636847580616323e-08	1.7450820987178103e-07	96
SPTBN2	-0.31183333333333335	0.00436694365686202	0.006236233502317432	96
SPTLC1	0.19346041666666666	1.27791641893843e-07	2.8483525762983147e-07	96
SPTLC2	0.17256666666666673	0.00042121568711324836	0.0006687320596789613	96
SQLE	0.831455357142857	1.430252831532111e-07	3.175237010836841e-07	56
SQOR	-0.36837291666666666	1.574576458651311e-08	3.8585477856081503e-08	96
SQSTM1	0.44225104166666673	3.5804311519556436e-14	1.8885442257523727e-13	96
SRA1	-0.25598850574712634	5.369213769141462e-06	1.0216124553933655e-05	87
SRBD1	-0.01962592592592592	0.7222332351354817	0.7497234681299624	81
SRC	-0.0015281250000000043	0.6089285259988455	0.6431519963674834	96
SREK1	0.24072708333333337	3.024454252500478e-11	1.007038596720771e-10	96
SRFBP1	0.654976056338028	5.9206048692621405e-12	2.1634715723246026e-11	71
SRGAP2	-0.18263571428571426	0.09209571172207079	0.11203447505772855	56
SRI	-0.5562083333333332	3.2813232127586525e-12	1.2458628995131748e-11	96
SRM	0.22931458333333332	2.644324132313244e-10	7.89909878258543e-10	96
SRP14	0.4245906249999998	5.587934850581468e-16	5.3876127860224965e-15	96
SRP19	0.04514166666666667	0.14992408711829558	0.17600012256809186	96
SRP54	0.18559166666666663	8.580447472639474e-11	2.7077244634966244e-10	96
SRP68	0.2698770833333333	3.115107988649091e-12	1.1868327253108305e-11	96
SRP72	0.26918125	3.5468532218762536e-12	1.342880263293893e-11	96
SRP9	0.33133958333333324	3.7354611586368636e-12	1.4079330850165573e-11	96
SRPK1	0.5870593749999998	1.9379446155938129e-16	2.476508652575027e-15	96
SRPK2	0.1399645833333333	0.002406073196150798	0.003531498718651392	96
SRPRA	0.5269072916666665	6.41070309705956e-17	1.3152723877117e-15	96
SRPRB	0.41110624999999984	1.9789434266541687e-15	1.468664983343232e-14	96
SRPX	-1.615004166666667	2.0202061895772765e-17	9.541570874547247e-16	96
SRPX2	0.37170270270270256	0.001387087783268535	0.002088882589887453	74
SRRM1	0.19368541666666658	3.323035489600975e-08	7.858387416190674e-08	96
SRRM2	0.2755697916666667	1.7683300279793672e-16	2.330113220602478e-15	96
SRRT	0.40804166666666686	2.1510563878168195e-17	9.541570874547247e-16	96
SRSF1	0.47815625000000006	1.018564176125384e-16	1.6426795811599042e-15	96
SRSF10	0.446153125	1.998991142007916e-12	7.843155711318921e-12	96
SRSF11	0.317375	1.0151488637674918e-11	3.594143732423233e-11	96
SRSF2	0.3842260416666669	1.3754006275255685e-11	4.7935391221137864e-11	96
SRSF3	0.6452177083333334	1.3846927272601843e-16	2.002134376549262e-15	96
SRSF4	0.30408854166666666	6.252742933536975e-11	2.007233603877751e-10	96
SRSF5	0.28281874999999995	5.500169704231961e-12	2.019739384000669e-11	96
SRSF6	0.6580218749999999	3.8994030125895564e-17	9.947780457703697e-16	96
SRSF7	0.53346875	5.934344044054662e-16	5.631956054260559e-15	96
SRSF9	0.6007218750000001	3.44164582655916e-17	9.764418690273611e-16	96
SRXN1	0.10828472222222224	0.1853836245399002	0.21503090197755714	72
SSB	0.5393947916666665	3.777828059781794e-16	3.954492482619797e-15	96
SSBP1	0.5711124999999999	1.0923986122394834e-13	5.231438844678934e-13	96
SSBP3	0.2650863636363636	9.923507225807159e-06	1.840155057433395e-05	88
SSC5D	-0.9254427083333331	1.950097083440405e-15	1.4521532890796618e-14	96
SSFA2	0.08535520833333334	0.01309125809308516	0.01768967785428164	96
SSH3	-0.41929583333333365	2.4720001916035524e-16	2.9462663960947775e-15	96
SSNA1	-0.25805520833333345	2.1731384263555053e-05	3.891002322503092e-05	96
SSPN	-0.9614571428571429	3.7868825114511186e-06	7.289667662036369e-06	28
SSR1	0.4703312499999999	3.827796145432139e-15	2.5992595485530588e-14	96
SSR2	0.03795731707317073	0.749739510363208	0.7757560726444729	82
SSR3	0.45678333333333326	3.1202496287003477e-07	6.703091501425114e-07	96
SSR4	0.5306635416666666	6.629634945850504e-14	3.3044740603054257e-13	96
SSRP1	0.5762874999999998	5.423788137313659e-16	5.281305459105564e-15	96
SSSCA1	0.056305208333333356	0.13761171432335392	0.16251311237376895	96
SST	-1.8186413793103446	5.21540641784668e-08	1.2115706945060032e-07	29
SSU72	0.21259154929577462	1.082090890482082e-06	2.1992571294287453e-06	71
ST13	-0.40415000000000006	2.480292788453947e-14	1.350739027762486e-13	96
ST14	-0.11256458333333332	0.08324804704550162	0.1016768883357492	96
ST3GAL4	-0.3272818181818183	0.1054534912109375	0.1269779744304964	22
ST5	-0.6118114942528738	7.713362388303085e-12	2.774742534215839e-11	87
ST6GAL1	0.5147837500000002	2.868086260454968e-08	6.84768353074462e-08	80
ST6GALNAC1	-0.9269000000000007	4.2768442669743503e-13	1.8535754642849427e-12	96
ST6GALNAC6	-0.8443057142857144	1.6033358340365006e-09	4.399501067709972e-09	70
STAB1	-0.7958020833333331	1.8377354850512496e-17	9.541570874547247e-16	96
STAG1	-0.049160416666666686	0.03253512197638254	0.04200079533183576	96
STAG2	0.22988333333333333	3.3579606579697206e-08	7.93000671370152e-08	96
STAM	0.08819240506329115	0.02856725988545492	0.03717178948245094	79
STAM2	-0.1042989583333334	0.00023001238771013272	0.000374642658205215	96
STAMBP	-0.07793229166666664	0.012563930139459775	0.017021689682075045	96
STAMBPL1	0.2269106382978723	0.02953668383963759	0.038329131891707655	47
STAP2	-0.20533749999999998	2.4950049717762744e-05	4.438872541937689e-05	96
STARD10	-0.19142604166666663	0.001236124879398759	0.0018720455566334704	96
STARD5	-0.5707583333333336	4.199516091775026e-09	1.0980275815942474e-08	96
STARD7	0.17542307692307688	0.0728031789280096	0.08962138117945255	52
STAT1	0.7183312500000002	1.842108505790887e-13	8.493955989932e-13	96
STAT2	0.09014791666666667	0.07190018911254949	0.08859106864207429	96
STAT3	-0.11748541666666666	0.0006596553067842051	0.0010263514501890612	96
STAT5A	-0.16157916666666666	3.695816655189754e-05	6.467197167362561e-05	96
STAT5B	-0.31111460674157293	5.047290313989462e-08	1.1753651758609963e-07	89
STAT6	-0.27603645833333346	4.827807865045392e-13	2.0722816997178206e-12	96
STAU1	0.5397145833333331	1.2437251383116972e-16	1.8914347498278047e-15	96
STAU2	0.17008813559322042	0.00044842897409230856	0.0007095542422606835	59
STBD1	-0.7090291666666665	4.39366416181196e-16	4.4594694193035454e-15	96
STEAP3	0.04118305084745764	0.5017302180989691	0.5396998610270938	59
STEAP4	-1.0794337078651683	1.3681264746320735e-15	1.0927095855126882e-14	89
STIM1	-0.3530145833333335	1.8797325001284814e-16	2.420700276693723e-15	96
STIM2	-0.6477777777777777	3.769993782043457e-06	7.2597268322989536e-06	27
STIP1	0.12680625000000004	3.8579246663950634e-07	8.224600122924844e-07	96
STK10	0.187165625	5.4675050633567095e-09	1.4102841780107712e-08	96
STK17B	-0.22561219512195121	0.03480462813149643	0.04479268178289076	41
STK24	0.09630624999999997	0.0030401773732531036	0.0044100648642497456	96
STK25	-0.09997042253521125	0.04080052774570246	0.05210941188766759	71
STK26	-0.12806041666666668	0.00120489262847716	0.0018263950846030877	96
STK3	0.055274683544303795	0.3406009328403038	0.37763868094952874	79
STK38	-0.09107499999999998	0.006515633190131287	0.009099371996792425	96
STK38L	-0.42596562499999985	2.5101700527847738e-11	8.449940232881609e-11	96
STK39	-0.010547916666666664	0.7938739353054477	0.8168865386448234	96
STK4	0.176725	2.2195012194145468e-06	4.382261188480636e-06	96
STMN1	0.19471354166666668	0.0009181943863802842	0.0014090180904854843	96
STMN2	0.30463854166666676	1.8299403853119768e-05	3.304835797302495e-05	96
STOM	-0.5653385416666666	6.565611207145966e-11	2.1025625579351924e-10	96
STOML2	0.3428020833333334	2.4008212028746862e-12	9.294350519380422e-12	96
STON1-GTF2A1L	-0.5744371428571429	0.0003057453432120383	0.0004932064216421171	35
STRAP	0.05977604166666667	0.01599607654508698	0.02139144202423949	96
STRBP	0.5717843749999999	3.037533506038975e-17	9.56751750798849e-16	96
STRIP1	-0.18856354166666658	1.663552829505834e-10	5.086953479104212e-10	96
STRN	-0.08765312500000001	0.0005574749596989525	0.000873456195800354	96
STRN3	-0.5338677083333331	6.115398643982687e-16	5.762708190737161e-15	96
STRN4	-0.07316145833333333	0.09419461723791654	0.1143803958460058	96
STT3A	0.31733750000000005	2.664898318013958e-12	1.0257488706572373e-11	96
STT3B	0.5071604166666666	1.7683300279793672e-16	2.330113220602478e-15	96
STUB1	-0.12217916666666666	0.00010887323925507348	0.00018279043097154353	96
STX10	0.21788846153846153	0.0016040503978729248	0.002400529582719039	26
STX11	-0.09980833333333333	0.6839864253997803	0.7138868898579848	24
STX12	-0.27149270833333333	2.4873981198227925e-13	1.118495575461871e-12	96
STX16	0.14899479166666668	0.00019915305493448487	0.0003265195125990858	96
STX17	-0.06889166666666667	0.11297452153952517	0.13551690774337108	96
STX18	0.009598958333333333	0.8722588456545772	0.8882796013636095	96
STX2	-0.5207320000000002	0.000429689884185791	0.0006813494287408348	25
STX3	0.3701031249999998	1.0334398604965405e-09	2.8925106483401295e-09	96
STX4	-0.21374687500000009	1.6404221437700207e-11	5.67905966741678e-11	96
STX5	0.061189583333333374	0.022590497713657776	0.029758423161384256	96
STX6	-0.08678275862068965	0.1916562643232238	0.2218847070482327	87
STX7	-0.12536249999999996	4.8413750128774934e-06	9.24325126960589e-06	96
STX8	-0.26027249999999996	2.149046897496752e-10	6.477069018556024e-10	80
STXBP1	-0.75586875	2.8776266298394544e-16	3.2392612516095467e-15	96
STXBP2	0.2315291666666667	3.8829859382288226e-08	9.124676938555928e-08	96
STXBP3	-0.2813156249999999	1.94554464951687e-13	8.95940837482947e-13	96
STXBP5	-0.1679505747126436	0.00016255066719673652	0.0002694052436321407	87
STXBP6	-0.2802764705882353	0.0069431556554137	0.009662234244383014	51
SUB1	0.09417083333333333	0.033740752089439004	0.04349859834128483	96
SUCLA2	-0.13209166666666658	0.0017594626384273323	0.002623163298046438	96
SUCLG1	-0.35786979166666666	5.881891475141377e-11	1.8981053346187346e-10	96
SUCLG2	-0.5734666666666665	8.281815766016266e-14	4.0409237799420455e-13	96
SUDS3	0.03847999999999998	0.8078304156661034	0.8303560990813371	30
SUGP1	0.19643181818181815	6.345636500594477e-06	1.1985606779979828e-05	88
SUGP2	0.1627022988505747	0.0002430426910528382	0.0003951947198917818	87
SUGT1	0.20651145833333331	3.025836088290507e-08	7.185959050032217e-08	96
SULF1	0.6425437500000003	6.141392786667499e-10	1.762416697854613e-09	96
SULT1A1	-1.0933199999999998	4.730959142047743e-13	2.0333122923765735e-12	80
SULT1A4	-0.8329916666666666	1.234387387716151e-14	7.302914448137264e-14	96
SULT1B1	-1.0409489583333333	6.314058531008109e-13	2.6591976575350532e-12	96
SULT2B1	0.2913307692307693	0.029966583890200127	0.038849432139005345	39
SUMF1	0.059486486486486474	0.1797827718497632	0.20907654989427307	74
SUMF2	0.07815104166666666	0.0028644673649983227	0.004169605457099966	96
SUMO1	0.3698876543209878	6.548184903963932e-07	1.3656130718276041e-06	81
SUMO2	0.3504181818181818	1.400457815527344e-08	3.4555614138922216e-08	88
SUMO3	-0.11828039215686277	0.1801134634267031	0.20942482255281647	51
SUN1	-0.3255197916666667	3.115107988649091e-12	1.1868327253108305e-11	96
SUN2	-0.30835312500000006	5.30416484815759e-13	2.2552102492913976e-12	96
SUOX	-0.5714864583333333	1.005411740696448e-13	4.849706379758411e-13	96
SUPT16H	0.5449406250000001	9.864945994908218e-16	8.335961833523904e-15	96
SUPT4H1	-0.16725714285714288	0.20846232133333942	0.24018095720854785	49
SUPT5H	0.20973125	5.303929984098946e-13	2.2552102492913976e-12	96
SUPT6H	0.11026562500000005	3.151084494273192e-05	5.5545522522540316e-05	96
SUPV3L1	0.011661458333333328	0.8421375055093919	0.8607404820936183	96
SURF1	0.031590625000000004	0.4471968157915098	0.4855548530741608	96
SURF4	0.3131979166666667	3.281187718654239e-12	1.2458628995131748e-11	96
SURF6	0.6203781249999999	1.5859069916532431e-15	1.2287523665533758e-14	96
SUSD2	-0.7834010416666669	8.514845948590885e-14	4.148591246847948e-13	96
SVIL	-1.226004166666667	1.8385005153245864e-15	1.3843434295524861e-14	96
SWAP70	-0.04686979166666669	0.08858512987257507	0.1079399993307494	96
SYAP1	0.23033125	1.8051840260170108e-07	3.966911113838233e-07	96
SYF2	-0.04167878787878787	0.6088165012188256	0.6431349246854198	33
SYK	0.25352499999999994	1.437542429903362e-07	3.190364592200349e-07	96
SYMPK	0.38895624999999995	8.729243991228494e-17	1.5060435120994909e-15	96
SYN1	-2.131514545454545	1.1703294039499764e-10	3.628345642837519e-10	55
SYN2	-2.273302739726028	1.1803832773129706e-13	5.608492498224306e-13	73
SYNC	-0.8160978723404255	7.093145266878764e-05	0.00012105803000633332	47
SYNCRIP	0.6365229166666667	2.151449464009323e-17	9.541570874547247e-16	96
SYNE1	-0.8560239583333332	2.6949903108870244e-15	1.9234776591213877e-14	96
SYNE2	-0.12806562500000004	9.086736680359059e-05	0.00015383022051104953	96
SYNE3	-0.5015559999999999	1.25566907655901e-07	2.8015576437094773e-07	50
SYNGR2	0.27115517241379306	2.8409840256528736e-05	5.019795056124606e-05	87
SYNJ2	-0.07237468354430378	0.2967665625701603	0.3331114051000846	79
SYNJ2BP-COX16	-0.3747333333333336	5.904968048883778e-13	2.5011475963732863e-12	96
SYNM	-2.5888520833333337	2.0677834028591042e-16	2.5930390373423795e-15	96
SYNPO	-0.5093114583333336	2.624894908069585e-14	1.425944934270352e-13	96
SYNPO2	-2.3064249999999995	1.9977044478868754e-16	2.5197181734799374e-15	96
SYNRG	-0.052303125	0.1379014184770192	0.16282657806447057	96
SYP	-1.2623000000000002	1.1920928955078125e-07	2.6632538248291424e-07	24
SYPL1	-0.2572166666666666	8.763890414665022e-08	1.9870544370391222e-07	96
SYS1	0.08099999999999999	0.12253367900848389	0.14619926239870504	27
SYTL1	0.0021782608695651946	0.8932116031646729	0.906315282158468	23
SYTL2	-0.48524457831325285	1.448818996565218e-10	4.4567293204750336e-10	83
SYTL4	-0.33264067796610164	0.00012588560955333565	0.00021056259149671627	59
SYVN1	0.16271666666666665	0.00024707416271866126	0.0004014581152045286	96
SZRD1	-0.35109531250000003	5.258763478792237e-06	1.0011647042910646e-05	64
TAB1	-0.37521145833333347	1.842108505790887e-13	8.493955989932e-13	96
TACC1	-0.41341145833333326	3.008620512478401e-13	1.334975860993227e-12	96
TACC2	-0.3649104166666665	3.1764912352519817e-13	1.4066719272148876e-12	96
TACC3	0.5665354838709676	0.00070173479616642	0.0010880376120823924	31
TACO1	-0.07689895833333328	0.0913549976015041	0.11115355076323741	96
TACSTD2	0.5219439999999999	0.05875152349472046	0.07341478322333388	25
TAF10	-0.1292482142857143	0.014400075560231438	0.019349110140915827	56
TAF15	0.5507760416666668	4.293173660523375e-09	1.1216083367776995e-08	96
TAF4	-0.1507	0.11098843696527183	0.13332523251566852	35
TAF5	-0.04501000000000001	0.4304332733154297	0.4684147332803273	20
TAF6	-0.10179861111111113	0.012127002706965472	0.016456323050370418	72
TAF6L	0.16761139240506334	0.003995915958429917	0.00572833336861246	79
TAF7	-0.16314050632911398	0.000694791411106739	0.0010780193286575189	79
TAF8	-0.9747599999999997	0.0012963414192199707	0.001957936646003328	25
TAF9	0.2907973684210527	1.7856655176728964e-07	3.927878674776217e-07	38
TAGLN	-2.4743437500000005	2.541231289943443e-15	1.8176999182528585e-14	96
TAGLN2	0.6173677083333334	2.6798214807690706e-17	9.541570874547247e-16	96
TAGLN3	-1.2878906250000004	4.848841191360182e-17	1.1065582788653538e-15	96
TALDO1	0.28891562499999995	9.253727974598209e-14	4.4922764820245575e-13	96
TAMM41	0.21708873239436616	0.0003064022265919917	0.0004940849196882515	71
TANC1	-0.3292662921348314	3.3378675215430566e-10	9.869437286043351e-10	89
TANGO2	-0.665040625	1.5650531095762163e-16	2.138480918970842e-15	96
TANK	-0.1824898550724637	0.0001557712982617308	0.00025855260762937954	69
TAOK1	-0.21760925925925928	0.01379591852903743	0.018581974987213836	54
TAOK3	0.009014583333333335	0.9098056160347977	0.9216194893518735	96
TAP1	0.5310145833333336	2.308365922090098e-12	8.967473637117815e-12	96
TAP2	0.5278354166666669	1.1818570113197419e-11	4.1622460309418107e-11	96
TAPBP	0.4344635416666666	9.624583234056628e-10	2.700945088205165e-09	96
TAPBPL	0.03709791666666665	0.14482124576138006	0.17042724746765459	96
TAPT1	-0.31228387096774196	0.0018533961847424507	0.0027546377942926675	31
TARDBP	0.22978229166666672	7.871061558323338e-12	2.825524716770631e-11	96
TARS	0.06108854166666667	0.026048974889305146	0.03405399055983765	96
TARS2	0.1462916666666666	0.0006552475826069992	0.0010197300003967427	96
TATDN1	-0.23065312500000001	1.0476439007575507e-05	1.9400063290594557e-05	96
TAX1BP1	0.13524374999999994	0.07849029234223792	0.09628659194077056	48
TAX1BP3	-0.24873229166666666	1.0916719486094213e-09	3.0491370121651157e-09	96
TBC1D1	-0.8626238636363639	2.1139499630278817e-14	1.1692077742748607e-13	88
TBC1D10A	-0.054232352941176475	0.4265116018941626	0.46444835856321	34
TBC1D10B	0.01073020833333333	0.48177198060132964	0.5195640922447067	96
TBC1D13	-0.15148645833333327	5.101162431631133e-06	9.722817946513104e-06	96
TBC1D15	0.1184364583333334	9.924875062269432e-07	2.0220463647970126e-06	96
TBC1D17	-0.4194795454545455	3.277339657701965e-12	1.2458628995131748e-11	88
TBC1D2	0.33911562500000003	2.8387094317336967e-10	8.445632628603712e-10	96
TBC1D20	-0.16844333333333333	0.40449450351297855	0.4424117417783784	30
TBC1D22A	-0.28785208333333323	1.9059302303010988e-08	4.622879940379635e-08	96
TBC1D23	-0.023245833333333316	0.460409551457289	0.498530132929276	96
TBC1D24	-0.26718850574712644	2.501767129878921e-09	6.732593531631641e-09	87
TBC1D2B	0.08119885057471263	0.02407917264495118	0.03163249838946102	87
TBC1D4	0.34007708333333336	4.021482761546786e-09	1.0534997207035296e-08	96
TBC1D5	0.08589583333333335	0.002091446173573053	0.003087920857944897	96
TBC1D8B	-0.014656923076923076	0.9973929424392848	0.9979879568717617	65
TBC1D9B	-0.10529062499999997	1.2085437556583616e-05	2.222620629581126e-05	96
TBCA	-0.33816354166666657	0.00044508523452763685	0.0007046035321701415	96
TBCB	-0.40325833333333333	7.738031154224428e-10	2.196113843461853e-09	96
TBCC	-0.3512670454545454	1.1528674185447716e-12	4.667825896811631e-12	88
TBCD	0.08094062500000002	0.0004212250505333598	0.0006687320596789613	96
TBCE	0.17281875	4.047583316452227e-07	8.612507602308275e-07	96
TBCEL	-0.6207666666666667	1.6196138966970057e-14	9.287170626444624e-14	96
TBCK	-0.46264027777777766	3.976160180514138e-11	1.309575780612143e-10	72
TBK1	0.01833958333333333	0.24669370353707543	0.28066271952352706	96
TBL1XR1	0.27373333333333344	4.475927365921291e-12	1.66103131932615e-11	96
TBL2	0.35351041666666666	3.40598603371715e-15	2.346320632411532e-14	96
TBL3	0.47305208333333354	6.493271514505173e-16	6.02724797378804e-15	96
TBP	0.13176666666666667	0.1372833251953125	0.16221095962228804	21
TBRG4	0.43229479166666657	1.753055097118189e-12	6.926529238260265e-12	96
TBXAS1	0.24449687499999997	7.25932265981125e-08	1.661644344069385e-07	96
TCAF1	-0.03904821428571427	0.30404737966301976	0.3404050324587306	56
TCEA1	0.25326145833333336	2.073940440491734e-08	5.0069961563898045e-08	96
TCEA3	-0.43804479166666677	5.235707897952964e-08	1.2158658458763045e-07	96
TCEAL3	-1.0385479166666667	3.336985293649022e-14	1.772591792168748e-13	96
TCEAL4	0.02137750000000001	0.5584488532279439	0.5944206498978701	80
TCERG1	0.36252187500000016	2.7910334706855233e-16	3.1850728168059505e-15	96
TCF12	0.029086206896551704	0.6391207613050938	0.6720785560495101	29
TCF20	0.22211562500000004	3.1876644663126705e-05	5.613134095667115e-05	64
TCF25	0.10452291666666663	0.0034213290917899882	0.004937340691937843	96
TCIRG1	0.3172166666666666	7.787126600961884e-07	1.6089877537989921e-06	96
TCOF1	0.43410312499999987	1.154311876499523e-13	5.489273801595421e-13	96
TCP1	0.19507916666666666	4.1996404447322086e-09	1.0980275815942474e-08	96
TCP11L1	-0.4896741379310346	6.653409870218408e-08	1.527642943849942e-07	58
TDP1	0.0703769230769231	0.5591012144344623	0.5949262565647593	26
TDP2	-0.5715729166666667	1.8941816207647994e-14	1.0607733300259631e-13	96
TDRD3	-0.31177399999999994	9.915398697479816e-05	0.00016735197449406814	50
TDRD7	-0.1056513888888889	0.07711267477259945	0.09470051895467138	72
TDRKH	0.022957142857142843	0.7771179727860726	0.8013655824503169	35
TECPR1	-0.3623727272727273	6.836333227511204e-06	1.2858132779190544e-05	44
TECR	0.30097812499999993	3.347494605272622e-10	9.88951954021347e-10	96
TEFM	0.40073939393939384	0.00047505064867436886	0.0007502624298390632	33
TELO2	0.09924749999999996	0.2249537465429784	0.25767708478006524	80
TEP1	-0.325634090909091	2.1606402356612934e-10	6.509086367782495e-10	88
TERF2	-0.16005217391304355	0.0011317263787937245	0.0017209320660306203	69
TERF2IP	0.031825000000000006	0.13743072905688866	0.16232795092300456	88
TES	-1.208309375	8.756655178116728e-16	7.63958382184462e-15	96
TESC	0.53828	0.0005564093589782715	0.0008723884995057779	25
TEX10	0.08069479166666668	0.0013343631970399797	0.0020140028546549436	96
TEX264	0.10409479166666669	0.001602203630288523	0.0023988360088385854	96
TF	-1.2805791666666673	1.7685331749787708e-16	2.330113220602478e-15	96
TFAM	0.17356770833333335	0.0008267075258255926	0.0012741513417789802	96
TFB1M	0.37880985915492965	4.902697008175192e-08	1.1424867741523917e-07	71
TFB2M	0.6281458333333332	4.831806129397513e-15	3.166176195481405e-14	96
TFCP2	0.40556145833333335	6.101379621109649e-11	1.9624710020159617e-10	96
TFDP1	-0.08244237288135593	0.9909665405867064	0.9924458159122576	59
TFE3	-0.183094	0.020120643634562896	0.026646150443008776	50
TFF3	-1.3724572916666673	3.02329767797733e-14	1.616278697924571e-13	96
TFG	-0.041803125000000003	0.25959087490417754	0.2941386893653314	96
TFIP11	0.22961145833333338	8.883458289041117e-10	2.509436701523236e-09	96
TFRC	0.8502322916666666	5.75921258446327e-16	5.512225603731869e-15	96
TGFB1I1	-1.6234625000000005	5.106493582783876e-16	5.023661799059744e-15	96
TGFBI	0.21285000000000007	0.010199756580178515	0.013942576792261137	96
TGFBRAP1	-0.1536729166666667	0.00028481489031582534	0.0004599959314224536	96
TGM2	-0.172859375	0.0009548700034500001	0.0014636104302367032	96
TGOLN2	0.3850124999999997	8.177990621885908e-12	2.926194084385736e-11	96
THAP11	0.05353538461538463	0.31896823665177987	0.3556519693695847	65
THBS1	0.9240093749999998	6.727735919572797e-11	2.1524263368819215e-10	96
THBS2	1.2088708333333333	6.2529461171057894e-12	2.270167940122025e-11	96
THBS3	-0.5989314606741571	1.4665601081245607e-12	5.846198315750254e-12	89
THBS4	-1.3563468749999998	1.420268659635595e-12	5.672017253612271e-12	96
THEM6	0.19966979166666665	8.621848423041111e-06	1.6067772519495226e-05	96
THEMIS2	0.1273943181818182	0.07225792193623491	0.0889828190657489	88
THG1L	-0.2869229885057472	3.0211926716241983e-08	7.182559048166814e-08	87
THNSL1	-0.011425287356321834	0.5706189322044837	0.6064488933750587	87
THOC1	0.17061250000000008	7.749389027380726e-09	1.967220070222988e-08	96
THOC2	0.3646125	1.6636332779285813e-16	2.2367366055356416e-15	96
THOC3	0.5149264367816091	1.88866568031223e-15	1.4205222028267657e-14	87
THOC5	0.2295041666666667	3.6779451106025403e-09	9.66551889482449e-09	96
THOC6	0.11914166666666666	6.728066052072241e-06	1.2661821431263202e-05	96
THOC7	0.2344645161290323	2.0783102216220695e-08	5.015605495274268e-08	62
THOP1	0.3757437500000002	9.954454036541193e-15	6.022346739235279e-14	96
THRAP3	0.3901729166666666	1.529706460158916e-14	8.847241932074282e-14	96
THSD4	0.11935833333333333	0.04601521658701444	0.058248318506090545	96
THTPA	-0.7465559999999999	1.0073184967041016e-05	1.8673942510051995e-05	25
THUMPD1	0.12954062499999988	9.436795244503511e-05	0.00015959530954215797	96
THUMPD3	0.06510104166666668	0.04217423021324272	0.053761525840897856	96
THY1	0.31693437499999993	7.457573773419496e-06	1.398787128479165e-05	96
THYN1	0.06922604166666664	0.05014630588262353	0.06325090546465902	96
TIA1	0.33965	1.701357897883613e-07	3.7522715768905846e-07	96
TIAL1	0.2653354166666666	1.681102908988795e-09	4.609121134616193e-09	96
TIGAR	0.1990791666666667	4.2058319803780814e-07	8.93506230410277e-07	96
TIMM10	-0.038293103448275856	0.6145042875639297	0.6482247272431453	87
TIMM10B	0.06192395833333333	0.20608952771174882	0.23765119309352403	96
TIMM13	0.4904458333333333	4.2193677629664784e-13	1.8334027410454732e-12	96
TIMM17A	0.18832298850574716	0.0014167075919722292	0.0021315746208884693	87
TIMM17B	0.30464512195121946	1.2471628473954958e-08	3.0943844464409695e-08	82
TIMM21	-0.24194204545454537	4.583660516651291e-07	9.707966568580885e-07	88
TIMM22	4.084507042253384e-05	0.9634386737258954	0.9682010278650438	71
TIMM23	0.3033704545454544	6.741012158086347e-11	2.1556458802955815e-10	88
TIMM29	-0.022688461538461536	0.5319156537389118	0.5692059895895325	78
TIMM44	0.21589479166666656	1.9030881897050906e-09	5.194393272876913e-09	96
TIMM50	0.3735927083333332	1.867149933006844e-14	1.0465086800787733e-13	96
TIMM8A	0.4756458333333334	2.6758545012656727e-10	7.985902068056672e-10	96
TIMM8B	0.2628543209876544	0.0012589480014220862	0.0019040311410146022	81
TIMM9	0.2028104166666667	3.305862915693454e-05	5.8153397871722416e-05	96
TIMMDC1	0.013960227272727275	0.3050556354593724	0.34127367988943297	88
TIMP1	0.8287197916666668	6.301893554011677e-16	5.913203336204803e-15	96
TIMP2	-0.10349374999999998	0.17459775495827345	0.20329335959997513	96
TIMP3	-1.1013947916666664	5.921542038334292e-15	3.8016866540846667e-14	96
TINAGL1	-1.0192968749999995	1.1169279803454562e-16	1.7510144891372497e-15	96
TIPRL	-0.38321249999999996	2.111967104260131e-13	9.652034947194292e-13	96
TJAP1	-0.06417142857142857	0.29471105203265324	0.3310256902874721	35
TJP1	-0.30777604166666667	4.574736018766261e-13	1.9699553241272687e-12	96
TJP2	0.41090208333333345	3.39865998742399e-13	1.4991196486277152e-12	96
TJP3	-0.24458750000000004	5.59819217830413e-07	1.1747973513995122e-06	96
TK1	0.45983478260869576	3.816808742840294e-05	6.665010373689624e-05	46
TK2	-0.17546666666666666	0.022267523306194994	0.02935025812598472	96
TKFC	0.021121874999999995	0.12483037291921571	0.14878077312400395	96
TKT	0.36877395833333315	1.1326236184974503e-14	6.778565438447274e-14	96
TKTL2	-0.7681034482758622	0.0027591250836849213	0.0040241239535743776	29
TLDC1	0.062471875	0.05458468653919991	0.06846301401972185	96
TLE3	0.13807361111111105	0.004361680994907464	0.006230044239905083	72
TLK2	-0.24095862068965512	0.21324460953474045	0.24518561874354305	29
TLN1	-1.1049729166666664	1.2148247737996375e-15	9.903109851059257e-15	96
TLN2	-0.46801562500000027	9.253291718430223e-14	4.4922764820245575e-13	96
TM7SF2	-0.531675	0.0023250579833984375	0.0034214338132490716	20
TM9SF1	0.12987916666666663	0.0177089663664242	0.023573304633400783	96
TM9SF2	0.28242291666666675	2.0280592390264064e-06	4.024326954932908e-06	96
TM9SF3	0.36881354166666686	1.2517963025665225e-09	3.4718071078622567e-09	96
TM9SF4	0.369040625	8.173918909655869e-11	2.586736885135907e-10	96
TMA16	0.18317499999999998	1.3472424181640765e-05	2.4659035663225034e-05	96
TMA7	0.3773427083333332	1.9247595549207607e-09	5.247140127575531e-09	96
TMBIM1	-0.24866885245901643	0.005146930637184163	0.007297286061891071	61
TMBIM6	0.30672826086956523	0.0004003583131920396	0.0006370977047451124	46
TMC4	0.2770340000000001	0.001539555129280501	0.0023096769593789986	50
TMC5	0.49236206896551726	0.010578293353319168	0.014442362659222283	29
TMCC3	-0.4431821428571429	6.228997504800169e-07	1.3010692484341323e-06	56
TMCO1	0.7713229166666667	1.9379446155938129e-16	2.476508652575027e-15	96
TMCO3	0.26857600000000004	0.05157625675201416	0.0649186914071595	25
TMED1	0.12172187500000002	0.0005766605969848664	0.0009014016647650206	96
TMED10	0.29216875000000003	3.677076410787975e-10	1.081995861402479e-09	96
TMED2	0.22768958333333342	1.3143827635843368e-07	2.923804363689428e-07	96
TMED3	0.43443229166666647	2.0861325842178242e-10	6.293538377034618e-10	96
TMED4	0.3005999999999999	4.894663440695447e-11	1.5940920885255218e-10	96
TMED5	0.2801770833333332	2.2563530984519065e-08	5.4277063239561995e-08	96
TMED7	0.12128229166666664	0.028601504435376877	0.03720913190943251	96
TMED8	-0.18077413793103445	0.002086784121941806	0.0030817157548112648	58
TMED9	0.34993437499999996	2.9871601675575935e-11	9.96636889409495e-11	96
TMEM102	-0.08856800000000004	0.5097357776379758	0.5476088602358975	25
TMEM106B	0.20217162162162164	0.014132178983089258	0.019005118125369775	74
TMEM109	-0.11722812499999997	0.03466956112123882	0.04463597880683002	96
TMEM11	-0.17971931818181816	1.1350573344816666e-05	2.0960912901286818e-05	88
TMEM119	-0.42124687500000013	2.157062711483635e-06	4.270207651621041e-06	64
TMEM120A	-0.21790729166666664	2.771186338747272e-05	4.901707323704923e-05	96
TMEM123	-0.29832173913043475	0.027674198150634766	0.036044689456922664	23
TMEM126A	0.00788020833333333	0.8108281825601463	0.8329146274972339	96
TMEM128	0.14616153846153843	0.07092106342315674	0.08749713396578863	26
TMEM141	0.10592708333333334	0.30276760667373037	0.3391102805519654	96
TMEM14C	-0.025641666666666674	0.9040138428495388	0.9165828731566504	96
TMEM165	0.7598395833333336	3.248152716846292e-16	3.5378387111037558e-15	96
TMEM167A	0.26961666666666667	1.181402525901259e-06	2.393124863004694e-06	78
TMEM168	-0.20074999999999998	0.06281394511461258	0.07817079535780667	28
TMEM173	0.0786010416666667	0.0569237389865978	0.07127685047799265	96
TMEM179B	0.17730263157894738	0.06507603968202602	0.08074628263856345	38
TMEM186	-0.16968260869565216	0.12621283531188965	0.15021499239089367	23
TMEM189-UBE2V1	-0.4636697916666665	1.0924498168721398e-13	5.231438844678934e-13	96
TMEM192	0.12028550724637684	0.005792712232408399	0.008155992941705761	69
TMEM199	-0.021934615384615372	0.599547415971756	0.6340421837570163	26
TMEM2	0.2772038461538462	7.109843982334081e-07	1.4772357781814603e-06	78
TMEM201	0.4759833333333334	3.5390257835388184e-08	8.34856680090082e-08	30
TMEM205	-0.1727677083333334	0.0001802003262744357	0.0002971157505468639	96
TMEM209	0.311084090909091	7.851188607195093e-11	2.4916567817252545e-10	88
TMEM214	0.45398541666666664	1.2888987971526428e-15	1.0382505833214894e-14	96
TMEM223	0.04973673469387755	0.18093330554214404	0.21034163002638093	49
TMEM230	0.1478583333333333	0.0039971473989734475	0.005728874578020265	60
TMEM238	-0.2864333333333334	1.3417926579477266e-07	2.9827988542648437e-07	90
TMEM245	-0.45285729166666666	2.3389200521542493e-12	9.075659126606625e-12	96
TMEM256	-0.15539999999999998	0.18954229354858398	0.21955097503754314	23
TMEM261	0.009434782608695649	0.9913677108550019	0.9926993988248071	46
TMEM263	-0.159159375	0.0007146615793927595	0.0011070571545015063	96
TMEM30A	-0.006593750000000012	0.9679357353746076	0.971846879471452	96
TMEM30B	-0.4673011363636363	6.073733656790475e-12	2.21339919084233e-11	88
TMEM33	0.42162812499999985	7.043643890777289e-15	4.412760289542459e-14	96
TMEM35A	-2.0965307692307698	4.579283957716177e-14	2.3506056673540807e-13	78
TMEM41A	0.6272050000000001	0.001209259033203125	0.001832599695902364	20
TMEM41B	0.2615466666666667	0.015460003167390823	0.020715230926707615	30
TMEM43	-0.3186812500000001	9.621595942699247e-09	2.4230963655994465e-08	96
TMEM51	-0.4198637931034483	2.11422133564561e-06	4.187868597828874e-06	58
TMEM55B	-0.06035531914893614	0.3052008343870085	0.3413791927146449	47
TMEM59	-0.21928873239436616	0.0070806243643816245	0.009835177817937125	71
TMEM63A	0.54521625	5.678607636603e-12	2.0795730695398213e-11	80
TMEM65	0.1252172413793103	0.09414790649689747	0.11434437087032678	87
TMEM68	-0.04170312500000001	0.5208728899052881	0.5582326227435428	64
TMEM70	0.22598974358974358	0.0015493749441004906	0.002323369803301339	78
TMEM87A	0.5034447916666668	4.0518129786516583e-13	1.766395646586008e-12	96
TMEM87B	0.25910104166666664	1.4233594339896315e-07	3.160979292497993e-07	96
TMEM97	0.7675709677419355	7.1990629722640026e-06	1.3525206799473311e-05	31
TMF1	-0.010115624999999993	0.7924653356649914	0.8156873177318852	96
TMLHE	0.04984687500000005	0.3834514164106575	0.42159546914111784	96
TMOD1	-1.5921354166666661	8.467111538347762e-17	1.490967226004597e-15	96
TMOD2	-1.1557045977011493	7.725545552520244e-16	6.9419973973775235e-15	87
TMOD3	0.13556458333333338	2.8019723626308315e-06	5.463072531499637e-06	96
TMPO	0.31944479166666667	6.816893508826668e-14	3.3855586195252145e-13	96
TMPRSS4	0.1383354430379747	0.022187153981178608	0.02925007193156362	79
TMSB10	0.14363645833333327	0.1717151611019352	0.20014541623225904	96
TMSB4X	-0.24101562500000015	0.1359723092856449	0.16077515385925129	96
TMTC3	-0.040675	0.8702649487967747	0.8867872936630561	96
TMUB1	-0.11246666666666665	0.031042866047850646	0.04019038755596874	63
TMX1	0.16869479166666665	2.859303006812683e-07	6.170171718464551e-07	96
TMX2	0.14033124999999996	0.0025405176535577296	0.0037191886352653256	96
TMX3	-0.07421458333333335	0.04561794646281814	0.05778904887066596	96
TMX4	-0.41291770833333313	1.714629492839566e-14	9.723963877819653e-14	96
TNC	0.03292708333333331	0.7505417977109803	0.7761074168993475	96
TNFAIP2	-0.3775854166666668	1.5202490032341716e-13	7.097669145927667e-13	96
TNFAIP8	-0.020931746031746048	0.36254209512039937	0.40050961899600845	63
TNFAIP8L3	-0.45081199999999993	0.0010271072387695312	0.0015693150682998828	25
TNFRSF6B	0.771804	0.000429689884185791	0.0006813494287408348	25
TNIK	-0.24473103448275865	0.00838231301989824	0.011557118382757355	58
TNIP1	0.15505185185185186	0.1348898708820343	0.15963593998016726	27
TNIP2	-0.01257727272727273	0.8485937118530273	0.866943080984005	22
TNKS1BP1	-0.08025312499999998	0.0018489954554629525	0.0027493152727617346	96
TNPO1	0.1461822916666666	3.114055755511017e-09	8.277416823979166e-09	96
TNPO2	-0.04364895833333333	0.21204965220047478	0.24389527114914886	96
TNPO3	0.1891166666666666	8.476694668839431e-11	2.6762420956820587e-10	96
TNRC6B	-0.05087395833333336	0.14992408711829558	0.17600012256809186	96
TNS1	-1.6429729166666656	1.8797325001284814e-16	2.420700276693723e-15	96
TNS2	-1.05713125	1.8968686315376683e-17	9.541570874547247e-16	96
TNS3	0.2728635416666667	4.3282457572905054e-11	1.4199609186142788e-10	96
TNXB	-1.6435458333333346	2.1510563878168195e-17	9.541570874547247e-16	96
TOE1	0.6012902439024391	2.108960870828014e-06	4.178682363374231e-06	41
TOLLIP	-0.035896874999999995	0.0938353274258174	0.11398537238816023	96
TOM1	0.10996458333333331	0.00017221578691970743	0.0002847204816274808	96
TOM1L1	-0.00104634146341464	0.918327135634172	0.9294096776240247	41
TOM1L2	-0.7791875000000004	3.233561982801273e-17	9.764418690273611e-16	96
TOMM20	0.370390625	2.154641858204516e-07	4.704141863423483e-07	96
TOMM22	0.3238208333333334	7.620057639342884e-14	3.7480180866826546e-13	96
TOMM34	0.7544583333333333	5.106777980263445e-16	5.023661799059744e-15	96
TOMM40	0.5290645833333332	9.575951963944634e-16	8.215481039143805e-15	96
TOMM5	0.5232367816091955	9.404636591742718e-14	4.558938359393201e-13	87
TOMM6	0.1343645833333334	0.037589523232987455	0.048173469220651924	96
TOMM7	0.4571583333333335	2.975542292625513e-10	8.814545253117891e-10	96
TOMM70	0.18057395833333326	7.787126600961884e-07	1.6089877537989921e-06	96
TOP1	0.9087031250000001	1.8382976049312516e-17	9.541570874547247e-16	96
TOP2A	0.9994041666666665	5.759532192899151e-16	5.512225603731869e-15	96
TOP2B	0.2714729166666667	1.2627398668741719e-10	3.9077587724311405e-10	96
TOP3B	-0.19166666666666668	0.02544149615454927	0.0333307943176862	48
TOR1A	0.1271822916666667	0.00015317225708196122	0.00025455354787289514	96
TOR1AIP1	0.11608125000000001	0.0001341235355213675	0.0002236169979654211	96
TOR1AIP2	-0.03719791666666667	0.16773921853906626	0.19585186167198076	96
TOR1B	-0.09913958333333335	0.049296390935411376	0.062237389308557566	96
TOR2A	-0.049925454545454565	0.4660422224420774	0.5041401596846012	55
TOR4A	-0.03519655172413792	0.806085880484368	0.8286898823428785	87
TOX4	0.05852432432432433	0.2132161533954786	0.24518561874354305	37
TP53	-0.08555199999999999	0.8119303584098816	0.8338038840612116	25
TP53BP1	0.15779479166666668	3.201920972608409e-06	6.19425830600629e-06	96
TP53I11	-0.14720684931506853	0.0006211006468318375	0.0009681608363370814	73
TP53I3	-0.3845760416666664	5.016129731243097e-11	1.630485192195249e-10	96
TP53RK	-0.013819791666666666	0.6504515925012939	0.6830301665505056	96
TPBG	-0.38984230769230777	6.545787833940429e-06	1.2342802298455967e-05	52
TPD52	-0.055489583333333335	0.20872361165895248	0.24044071267512226	96
TPD52L1	-0.10314303797468351	0.24181795187514543	0.2755361139827362	79
TPD52L2	0.16075312499999997	0.0001588946515132079	0.00026360638402623935	96
TPI1	-0.5119927083333334	4.4674402536215514e-05	7.752957986757641e-05	96
TPM1	-2.6337104166666667	2.7908752619075035e-16	3.1850728168059505e-15	96
TPM2	-2.5193447916666667	9.02127847507456e-16	7.799880331270176e-15	96
TPM3	-1.1613770833333337	2.2592924985442897e-15	1.6406068824549516e-14	96
TPM4	-0.7396510416666668	1.106599400465941e-08	2.7682265186491973e-08	96
TPMT	0.028758333333333354	0.31846033562082066	0.35514467946809936	96
TPP1	-0.123978125	0.010638220644096743	0.014515318751524313	96
TPP2	0.1272791666666667	0.0007842014821890493	0.0012108648432695816	96
TPPP	-2.078098958333333	3.3362044724631254e-17	9.764418690273611e-16	96
TPPP3	-1.6021614583333335	8.466614959433632e-17	1.490967226004597e-15	96
TPR	0.3584895833333333	1.7811848543493422e-17	9.541570874547247e-16	96
TPRG1L	-0.20178	0.015460003167390823	0.020715230926707615	30
TPRKB	-0.05638437500000001	0.03912575127070018	0.050084843593804135	96
TPRN	-0.17022022471910117	0.0025499732812904376	0.003732061680667004	89
TPSAB1	-1.9235218750000005	2.0203294460151032e-17	9.541570874547247e-16	96
TPT1	0.33475729166666673	1.095443558687092e-11	3.8701057584158505e-11	96
TPX2	0.7266648648648651	8.87237474621461e-06	1.6520888751694094e-05	37
TRA2A	0.4212906250000002	1.6095263609107598e-15	1.2383385728612715e-14	96
TRA2B	0.4167697916666666	5.163772393081142e-13	2.20380082602935e-12	96
TRABD	0.2114791666666667	0.0007592971304859475	0.0011740319079120124	48
TRADD	-0.4125979166666669	2.541231289943443e-15	1.8176999182528585e-14	96
TRAF2	0.1109635416666666	0.0027306701063336365	0.003984355316092294	96
TRAF5	-0.09286585365853658	0.09750028012513212	0.11811653654017902	41
TRAF6	-0.377680459770115	1.040269698389698e-09	2.910412596537316e-09	87
TRAFD1	-0.03364166666666667	0.33927280760222145	0.37641496050988976	96
TRAM1	0.3852895833333334	5.864140218973388e-12	2.1440063612584445e-11	96
TRAP1	0.6831604166666669	1.8971004951797198e-17	9.541570874547247e-16	96
TRAPPC1	-0.256403125	0.000837184488773346	0.001289706253772762	32
TRAPPC10	-0.14706896551724127	0.0013457589788687001	0.0020302894061682277	87
TRAPPC11	-0.2081083333333333	5.760252992337873e-06	1.0919903171968012e-05	96
TRAPPC12	-0.6541080459770116	2.8583180510161693e-10	8.492673075406325e-10	87
TRAPPC13	-0.317387356321839	1.7428439380782607e-10	5.312467051597933e-10	87
TRAPPC2	-0.07907741935483872	0.4102047085762024	0.4481458052170236	31
TRAPPC2L	-0.2606645833333335	4.8360423344496e-12	1.786619384461584e-11	96
TRAPPC3	-0.24435729166666664	1.1523657144786393e-11	4.06067485945039e-11	96
TRAPPC4	-0.2977816091954022	1.2844634973811868e-10	3.9730131876119793e-10	87
TRAPPC5	-0.13893958333333334	3.52955036292192e-06	6.808439731122243e-06	96
TRAPPC6B	-0.2166072916666667	8.181286449522098e-09	2.0751701621869094e-08	96
TRAPPC8	-0.29334791666666676	1.1229885320842995e-13	5.366440791909412e-13	96
TRAPPC9	-0.2298310344827585	8.292380205444572e-09	2.1009659667042156e-08	87
TREX1	-0.2184439024390243	0.0007023852461932813	0.0010887945047852875	41
TRIM14	-0.09126458333333327	0.04291994600464211	0.05456697323197725	96
TRIM16	0.19385737704918032	0.002350856887973911	0.0034564757531047492	61
TRIM2	0.29839479166666666	6.899211750289299e-08	1.5809526142938105e-07	96
TRIM21	-0.13373125	0.00017730824335877076	0.0002927069401313959	96
TRIM22	-0.04067604166666666	0.6610113340502521	0.6929257875223659	96
TRIM24	0.31289600000000006	1.3667570399888973e-06	2.7561085005366734e-06	50
TRIM25	0.10115833333333335	0.00027295946169653064	0.00044180579698963187	96
TRIM26	-0.20032916666666664	3.117833777356825e-06	6.0437870015275755e-06	96
TRIM28	0.801396875	2.0202061895772765e-17	9.541570874547247e-16	96
TRIM29	0.9097000000000002	4.567613856291061e-08	1.0666244817910452e-07	88
TRIM3	-0.49318390804597706	3.248924017651856e-12	1.2363602515273002e-11	87
TRIM32	-0.08814423076923075	0.07500864994398165	0.09223479334204049	52
TRIM33	0.2459075000000001	4.4057672025033683e-07	9.345018071955453e-07	80
TRIM38	-0.018325806451612917	0.9461012529209256	0.953205181836085	31
TRIM4	-0.06059875000000002	0.05207704587129001	0.06550148120556519	80
TRIM47	-0.4755145833333336	1.3120783097584292e-12	5.280583911319317e-12	96
TRIM5	-0.15895416666666667	0.06839943247887703	0.08452602551128863	48
TRIM56	-0.08623020833333332	0.022662093972393577	0.029846876415545443	96
TRIO	-0.08948076923076927	0.018109726380871195	0.024082884893808693	78
TRIOBP	-0.6112385416666666	1.771288929061356e-16	2.330113220602478e-15	96
TRIP10	-0.20858437499999993	3.802093858622412e-09	9.983658590018693e-09	96
TRIP11	0.050162500000000006	0.06524126021297584	0.08093631929897464	96
TRIP12	0.2136083333333334	7.030114989151225e-10	2.0053163886996416e-09	96
TRIP13	0.7496789473684211	4.423185285916831e-09	1.153777219409643e-08	57
TRIP4	0.04000937499999998	0.07819096905886695	0.09597204745992287	96
TRIP6	-0.37486354166666686	3.4271075221340693e-10	1.011102214863565e-09	96
TRMT1	-0.04004374999999999	0.6583650296650801	0.6903674560836234	96
TRMT10C	0.4327572916666669	6.09497787680268e-15	3.891096846696374e-14	96
TRMT11	0.17068571428571427	0.04392562420616869	0.0557610241814921	56
TRMT112	0.1754520833333333	6.096519716478956e-07	1.2741916130173618e-06	96
TRMT1L	0.21172413793103437	7.316582142250064e-05	0.00012474447164512244	87
TRMT2A	0.14380344827586197	0.0005669523355632669	0.0008876740301736189	87
TRMT5	0.45731249999999996	4.177900259007189e-15	2.794861534642379e-14	96
TRMT6	0.43311666666666676	6.094924462369058e-12	2.2163061364788082e-11	96
TRMT61A	0.2856926829268293	2.1115046084516268e-07	4.6157693193651766e-07	82
TRMT61B	-0.13365102040816326	0.1842216832212209	0.2138310160434552	49
TRNT1	0.36713124999999996	1.5296298219447396e-14	8.847241932074282e-14	96
TROVE2	-0.23077083333333334	3.457138416283258e-10	1.0195139180151375e-09	96
TRPM4	-0.671036458333333	1.5177269179091885e-16	2.1171735511991784e-15	96
TRPT1	-0.09964303797468353	0.002781688050085935	0.004055268389401681	79
TRPV2	-0.11039750000000001	0.020920529993029666	0.02766177290564368	80
TRRAP	0.072496875	0.008510749154096183	0.011729378815700759	96
TRUB1	0.22131714285714274	0.000503030483808081	0.0007923999802461646	70
TSC1	-0.3323181818181818	3.5855526903105783e-06	6.912492241176342e-06	44
TSC2	-0.41112040816326545	6.125362261855116e-08	1.4107468388186053e-07	49
TSC22D1	-0.17593260869565222	0.09051920748092357	0.11017658980216187	46
TSC22D2	-0.43636153846153847	3.889396857644631e-06	7.476780377632617e-06	52
TSC22D4	-0.2541697916666667	1.0861923672450212e-07	2.4388435715685564e-07	96
TSEN34	0.18751408450704224	6.744915580819952e-05	0.0001152614330914953	71
TSFM	0.4298614583333333	1.3845325556216303e-16	2.002134376549262e-15	96
TSG101	-0.0729375	0.000346802984358888	0.0005550336884694131	96
TSN	0.2654927083333333	8.451660397358785e-09	2.138898136774051e-08	96
TSNAX	0.13724062500000003	0.00025422563180994823	0.00041277825842520396	96
TSPAN1	0.0024552083333333383	0.5153900512326353	0.552798058148641	96
TSPAN13	0.009579999999999997	0.6314231147138947	0.6647846627051149	45
TSPAN14	-0.17593275862068966	0.00038542647350977926	0.0006143564292651721	58
TSPAN15	-0.3942114583333334	2.1059014592388096e-09	5.71309862112138e-09	96
TSPAN31	-0.4573421052631577	2.3377651814371347e-08	5.6175023647069256e-08	38
TSPAN6	0.554665625	7.749832531821967e-09	1.967220070222988e-08	96
TSPAN7	-1.001159259259259	0.003247186541557312	0.0046951238162301736	27
TSPAN8	-0.13810208333333335	0.05367138386406625	0.06734318204763709	96
TSPAN9	-0.2525875000000001	5.86071207244397e-06	1.1094870581883402e-05	96
TSPO	0.32478749999999984	3.760152391877824e-09	9.877393264333722e-09	96
TSR1	0.3667406249999999	1.7078036175785126e-12	6.755692494300849e-12	96
TSR2	-0.33840563380281685	1.6411559471904777e-05	2.9806484162698742e-05	71
TSSC1	-0.09750000000000004	0.003585645992255261	0.00516225299614604	96
TSSC4	-0.14738850574712642	0.04030640019007131	0.051507740738131136	87
TST	-0.4213062500000002	1.2996750910708543e-08	3.213977215626378e-08	96
TSTA3	0.0468625	0.8521547333560857	0.8700511499141652	96
TSTD1	-0.11377126436781611	0.025716303594492864	0.03366452308594198	87
TTC1	-0.12005833333333331	0.00027295946169653064	0.00044180579698963187	96
TTC17	0.04288275862068968	0.48119615763425827	0.5190265307987522	29
TTC19	0.09866249999999996	0.09236194240401421	0.11233725345776643	88
TTC27	0.16012602739726026	2.0639577089605852e-05	3.710367703487826e-05	73
TTC37	-0.10185729166666668	0.0006124228261324549	0.0009557442987956828	96
TTC38	-0.3651697916666667	1.112946373551842e-08	2.7829881551096937e-08	96
TTC39A	-0.2784895833333333	0.00043899982481759327	0.0006954545040616843	96
TTC39B	0.01199431818181817	0.59143884887447	0.6263556806785823	88
TTC4	-0.1284569444444444	0.12277697383288257	0.14643746087907716	72
TTC5	-0.048709523809523814	0.45236778259277344	0.4907805043697974	21
TTC7B	-0.4716406250000001	0.00011030398309230804	0.00018505361904633526	32
TTC9C	-0.10832291666666667	0.064446078465475	0.08005346054894867	96
TTI1	-0.116396	0.2751842737197876	0.31054857735677965	25
TTI2	0.5768416666666668	0.0020009279251098633	0.0029601379161107106	24
TTLL12	0.1987531250000001	4.672507655018553e-07	9.882677760882557e-07	96
TTPAL	0.013011627906976752	0.9952328853357812	0.996123739775885	43
TTR	-0.9447270833333333	6.843308159425862e-15	4.302882328171332e-14	96
TTYH3	0.4249538461538461	1.8413629732094705e-07	4.0424424696539063e-07	39
TUBA1B	-0.46442916666666684	1.308912209223018e-12	5.271003608449717e-12	96
TUBA1C	0.5280968750000001	1.5646923220637813e-16	2.138480918970842e-15	96
TUBA3C	-1.6216468750000004	1.3845325556216303e-16	2.002134376549262e-15	96
TUBA4A	0.25276666666666664	4.0473114823317875e-08	9.497521068542833e-08	96
TUBAL3	-0.31029999999999996	3.348398470629762e-05	5.8868986738613926e-05	88
TUBB	0.18388749999999984	5.160193259420459e-06	9.832359152925834e-06	96
TUBB1	-0.2452469696969698	0.004518399552373829	0.0064360812307592405	66
TUBB2A	-1.1474802083333333	7.513055858634834e-13	3.12686673421719e-12	96
TUBB2B	-1.9383114942528727	3.853885126693653e-15	2.611688415655325e-14	87
TUBB3	-0.23183229166666666	0.0005574809107791199	0.000873456195800354	96
TUBB4A	-0.43891145833333334	8.698988627464122e-13	3.584859625408894e-12	96
TUBB4B	0.014905208333333331	0.9708493063492486	0.9743347788028585	96
TUBB6	-0.5977093749999999	8.37570525734137e-15	5.169777145743369e-14	96
TUBB8	-0.06326354166666666	0.13264409375193362	0.15722777826532203	96
TUBG1	-0.043971875000000014	0.042545360980443224	0.05415274981498655	96
TUBGCP2	-0.026057291666666663	0.5773338641617798	0.6124818194763945	96
TUBGCP3	-0.03411979166666667	0.26503616502153216	0.29985379133111634	96
TUFM	0.2270583333333334	2.385079909243395e-06	4.685651862698079e-06	96
TVP23C	-0.5041107142857142	0.00024973560592631315	0.0004056843051233983	56
TWF1	0.037159374999999994	0.12436439166487953	0.14827090852232513	96
TWF2	-0.11508541666666672	0.0034414295708120064	0.004964212210401581	96
TWISTNB	0.28154	0.00019979314179031132	0.0003274889294579034	45
TXLNA	0.46193020833333326	2.791191687907513e-16	3.1850728168059505e-15	96
TXLNG	0.4220062500000001	1.8137171796264954e-11	6.237158882147759e-11	96
TXN	-0.13573854166666666	0.2951176022632247	0.3313713796793263	96
TXN2	-0.26066979166666665	0.0004274090309009923	0.0006780532485965375	96
TXNDC12	0.35189270833333336	2.05569684834529e-11	6.99729586785822e-11	96
TXNDC15	0.29062631578947373	0.0062906499952077866	0.008801662318633793	38
TXNDC17	-0.03438854166666667	0.3346760298903265	0.37174527889639086	96
TXNDC5	-0.21719166666666667	0.0005537181656281824	0.0008685749761981473	96
TXNDC9	0.06883854166666656	0.020215797684365547	0.026766881125796026	96
TXNIP	-0.8662103448275862	7.207453905531542e-16	6.561032327301373e-15	87
TXNL1	-0.4384749999999997	8.47638973306697e-11	2.6762420956820587e-10	96
TXNL4A	0.04018225806451614	0.7550460311549982	0.780163841524547	62
TXNRD1	-0.16203958333333332	3.3266482696114405e-05	5.850192199429398e-05	96
TXNRD2	-0.13581041666666663	0.0007005185648587521	0.0010864029245578751	96
TYMP	0.49648958333333315	1.24326910588093e-11	4.364778875643725e-11	96
TYROBP	0.1697903225806451	0.529405927285552	0.5669248788761003	31
U2AF1	0.5453072916666669	9.286444086542027e-17	1.5423277948769751e-15	96
U2AF2	0.47606666666666647	8.209373535789914e-17	1.480556103538025e-15	96
U2SURP	0.4702229166666667	2.9202570026595713e-16	3.277182389232159e-15	96
UACA	-0.005878125000000011	0.5142108693924914	0.5517096949870821	96
UAP1	-0.5627114583333334	1.0336065844700388e-13	4.971410707179854e-13	96
UAP1L1	-0.11902413793103449	0.08496404291054976	0.10369724647751107	87
UBA1	0.13528958333333338	8.630857522807288e-07	1.7734892226803704e-06	96
UBA2	0.4067156250000001	8.249238401967553e-16	7.253491538505938e-15	96
UBA3	-0.07560208333333336	0.014792103231942457	0.01984429861317775	96
UBA5	-0.17180729166666664	1.920955135189567e-06	3.818574222810905e-06	96
UBA52	0.608116666666667	3.481025416227433e-14	1.8419036331619578e-13	96
UBA6	0.13724479166666662	6.104864367748964e-08	1.4065087583526028e-07	96
UBA7	-0.19098958333333335	7.953204186257372e-08	1.813094533807292e-07	96
UBAC1	-0.5563739583333333	1.2168332364802927e-14	7.205777825064197e-14	96
UBAC2	0.31805402298850566	0.00011539365346750974	0.0001933023773067473	87
UBAP1	-0.22921666666666674	5.3446450933526485e-08	1.23846805719239e-07	96
UBAP2	0.19789999999999996	2.7886221305890904e-05	4.9298724305987374e-05	87
UBAP2L	0.3848260416666667	3.578353563875892e-17	9.793023480830454e-16	96
UBE2A	0.004132608695652176	0.6728863984015163	0.70456088089719	46
UBE2C	0.621382191780822	1.0687529200246506e-10	3.3211039094235205e-10	73
UBE2D1	0.4837063291139241	1.6660276450992577e-05	3.0225471798190698e-05	79
UBE2D2	-0.5280136363636364	1.0503143812456983e-06	2.137912373718868e-06	44
UBE2E1	0.0879357142857143	0.6947018131613731	0.7233826578456701	28
UBE2E2	-0.2000971428571429	0.051460869144648314	0.06478719667694606	35
UBE2F	-0.215887356321839	2.6828115470075547e-06	5.245987370700578e-06	87
UBE2G1	-0.10732395833333336	0.007555781345760904	0.010464850753243169	96
UBE2G2	0.11431149425287354	0.03616786562053319	0.046422462301158825	87
UBE2H	-0.2056958333333333	0.00047343833842701934	0.000747892115023987	96
UBE2I	0.45442916666666666	1.0185047492241583e-16	1.6426795811599042e-15	96
UBE2J1	-0.4486875000000001	1.7510713028549684e-08	4.265888882006575e-08	96
UBE2K	-0.19829687499999996	1.2858133809869909e-08	3.185569413974048e-08	96
UBE2L3	-0.17342499999999997	2.7770308901015612e-06	5.419168191300574e-06	96
UBE2L6	0.33538749999999995	3.641542512912629e-07	7.78060787233466e-07	96
UBE2M	-0.03332083333333333	0.2549874000659673	0.2892461117035831	96
UBE2N	-0.11670833333333336	0.0001825443384963725	0.0003007588327534782	96
UBE2O	-0.088278125	0.0030401285037340133	0.0044100648642497456	96
UBE2Q1	0.028725641025641017	0.23486909287977598	0.26802802247498164	78
UBE2R2	-0.14920499999999995	0.01998793531311094	0.02648608690809032	40
UBE2V2	-0.5509510416666668	5.766596324447327e-14	2.895815474604574e-13	96
UBE2Z	-0.05845520833333335	0.01719036503289935	0.02291024215449379	96
UBE3A	-0.030181249999999993	0.13693375115883383	0.1618267985044092	96
UBE3C	-0.09719479166666671	0.0008543403739491865	0.0013137221106635554	96
UBE4A	-0.17952187500000005	9.805142692382463e-13	3.998948469495073e-12	96
UBE4B	-0.08194999999999998	0.002320076587469445	0.003415710736302942	96
UBFD1	0.24815	5.175599797690645e-09	1.3380770344010226e-08	96
UBL3	-0.29513500000000004	0.0010487130839464953	0.0016001401137587076	40
UBL4A	0.19845172413793108	8.871138539852026e-10	2.508068624688885e-09	87
UBL5	-0.27992187500000004	6.099431510051923e-09	1.5672572194920853e-08	96
UBL7	-0.025993877551020395	0.7389558203186506	0.7654245172947085	49
UBLCP1	0.3168931034482757	1.4602019799389182e-10	4.487629447279067e-10	87
UBP1	0.0324551724137931	0.6249534980295945	0.658315751025365	87
UBQLN1	0.1451645833333334	5.560984479044944e-05	9.576140880367694e-05	96
UBQLN2	-0.1381895833333334	0.0023627465292393036	0.003470914487555614	96
UBQLN4	0.1113125	0.0061986582430315525	0.00868393730392054	96
UBR1	-0.36995208333333335	1.5650531095762163e-16	2.138480918970842e-15	96
UBR2	-0.18157468354430373	1.4811407765209979e-06	2.976924346818267e-06	79
UBR3	-0.317604347826087	0.010109186172485352	0.013827223247951931	23
UBR4	0.029836458333333333	0.32740445670263607	0.36475531385220616	96
UBR5	0.3265739583333333	1.517020604764774e-12	6.025868109749479e-12	96
UBR7	-0.03802916666666667	0.30448455087810633	0.3407484323338141	96
UBTF	0.23068124999999998	6.6661793257555376e-12	2.4148702535903835e-11	96
UBXN1	-0.2747322916666665	3.2888082111799187e-08	7.780188395206655e-08	96
UBXN4	0.30742395833333325	1.0234620412303723e-07	2.3033904175157892e-07	96
UBXN6	-0.4916385416666668	1.4721521173112018e-16	2.092514524373062e-15	96
UBXN7	0.20071562500000004	8.11610482340932e-08	1.8470470576748006e-07	96
UCHL1	-1.9969760416666655	1.7810758177901125e-17	9.541570874547247e-16	96
UCHL3	0.3502020833333333	1.1929905071164093e-08	2.967657883664809e-08	96
UCHL5	0.20105833333333326	3.930434872034193e-09	1.0308556511523613e-08	96
UCK2	0.08141499999999999	0.23173732552095316	0.2647242834871573	40
UCKL1	0.29737142857142856	0.05019187927246094	0.06328459275304274	21
UEVLD	-0.2905927083333332	4.006736493743294e-14	2.0790796151440077e-13	96
UFC1	-0.11801666666666667	0.0002246173021172003	0.00036665632114459777	96
UFD1	0.02694166666666667	0.33193667920998426	0.3690691383526325	96
UFL1	0.004680208333333333	0.935923232428912	0.9446530715158071	96
UFM1	0.1973541666666667	2.6087112164935226e-06	5.10853577100264e-06	96
UFSP2	-0.12404895833333339	1.47525674946483e-06	2.965986674306127e-06	96
UGDH	-0.8124614583333334	7.008681950738587e-14	3.4708635501201067e-13	96
UGGT1	0.118115625	2.7712290771818117e-05	4.901707323704923e-05	96
UGP2	-0.6337572916666666	1.780857763610672e-17	9.541570874547247e-16	96
UGT1A10	-1.7408072916666661	1.2889686166739295e-15	1.0382505833214894e-14	96
UGT2A2	-1.5385666666666662	3.23317245761512e-17	9.764418690273611e-16	96
UGT2A3	-1.814980208333334	2.516658767979463e-17	9.541570874547247e-16	96
UGT2B17	-2.1527145833333328	2.0380115710206076e-15	1.5074994079357504e-14	96
UGT8	0.33991515151515156	0.05058561568148434	0.06375707225381898	33
UHRF1	0.5949413793103447	1.0565754818791108e-10	3.2939428010812985e-10	87
UHRF2	-0.018971666666666668	0.680154315779846	0.7104398730448368	60
UIMC1	-0.12600000000000003	0.02471964895706964	0.03242309381289935	73
ULK3	-0.2299854166666667	0.0003071692895275646	0.0004951462670447936	48
UMPS	0.37716979166666675	1.4088450416433285e-15	1.1186938062627374e-14	96
UNC119B	-0.1450085714285714	0.130954785796348	0.15544509163264308	35
UNC13B	-0.309396875	1.6032252460718155e-05	2.914125758844706e-05	32
UNC13D	0.05238750000000003	0.5059964047443846	0.5440272242676404	96
UNC45A	-0.34447500000000003	5.467573648682426e-14	2.758041474361684e-13	96
UNC93B1	0.08535352112676052	0.25501427198191895	0.2892461117035831	71
UNG	0.3304919540229885	1.282769928526162e-08	3.179203343362401e-08	87
UNK	-0.13330937500000004	0.011695892204383516	0.015890591494372015	64
UPF1	0.21555208333333328	4.2193677629664784e-13	1.8334027410454732e-12	96
UPF2	0.023296875000000005	0.40257850626248926	0.4404597518778605	96
UPF3B	0.2142739583333333	9.227557663510457e-11	2.90101613704272e-10	96
UPP1	0.1754479166666667	0.0023627465292393036	0.003470914487555614	96
UQCC1	0.520279166666667	2.3002315435777126e-11	7.801948142498924e-11	96
UQCC2	0.3957975	5.286243615794586e-08	1.226752280123344e-07	80
UQCC3	-0.3943458333333334	5.545577863519126e-07	1.1644845660829363e-06	96
UQCR10	-0.13249620253164562	0.1399720810192146	0.16518429051150585	79
UQCR11	0.48717395833333316	6.593209040692765e-05	0.00011278388438043795	96
UQCRB	-0.19901874999999994	6.3894760821663325e-06	1.2061619312114216e-05	96
UQCRC1	-0.28819583333333326	6.927564776556292e-12	2.5041504356635865e-11	96
UQCRC2	-0.3192760416666666	1.9553311758874356e-11	6.686196156487668e-11	96
UQCRFS1	-0.4864791666666665	1.1801117129570367e-15	9.690782719986241e-15	96
UQCRH	-0.08382499999999997	0.04601521658701444	0.058248318506090545	96
UQCRQ	-0.17487083333333334	6.695357653152641e-05	0.00011444691457300459	96
URB1	0.42077464788732394	1.9045463503578547e-07	4.1743225954102735e-07	71
URB2	0.4197885057471267	1.8550034349095455e-09	5.069335252467675e-09	87
URI1	0.2873479166666666	9.300109664642095e-10	2.6173841140522542e-09	96
URM1	0.01344878048780488	0.8175428912280274	0.8391822609009847	82
UROD	-0.27885833333333343	1.1823011753922492e-09	3.2930940729844296e-09	96
UROS	-0.3927666666666667	3.4102704375982285e-06	6.585925263628818e-06	33
USE1	-0.20316417910447765	3.4500253770996755e-05	6.056049255615312e-05	67
USF1	-0.12190895522388066	0.06862180343069864	0.0847852079588503	67
USF2	0.26444	0.003690388592076488	0.005307356283867344	40
USH1C	-0.092234375	0.10469304824329323	0.1261698588736976	96
USMG5	-0.34355	1.8084640490255723e-10	5.504984258127298e-10	96
USO1	0.21087187499999996	2.6346086085903913e-09	7.070450385014375e-09	96
USP10	0.0867625	0.000382324926031224	0.0006095574925721202	96
USP11	-0.1724837837837838	0.01456123809394071	0.019549999274014053	74
USP12	-0.4839592592592594	0.00010977685451507568	0.00018421533690386263	27
USP14	-0.12484062499999997	0.00028935367317488786	0.00046710149021422586	96
USP15	-0.18591041666666666	1.678272175831236e-08	4.1020561569522345e-08	96
USP16	-0.24861249999999996	2.2842807010494955e-05	4.0823759252373644e-05	80
USP19	-0.05607115384615385	0.37949778601579875	0.4176592267683717	52
USP24	-0.025927083333333337	0.41931933818350453	0.45735871238386144	96
USP3	0.18119736842105272	0.013046920321357902	0.017636870529113474	38
USP39	0.4100125000000001	8.731802012074331e-17	1.5060435120994909e-15	96
USP4	0.0727197916666667	0.08324753236994062	0.1016768883357492	96
USP47	-0.024489583333333318	0.0971042851888831	0.11770056898504368	96
USP48	-0.11604062500000001	0.0017594626384273323	0.002623163298046438	96
USP5	-0.1491239583333334	1.142841812308235e-07	2.5592495496698123e-07	96
USP6NL	-0.09154390243902438	0.25684979780252637	0.29118034698498635	41
USP7	0.2852375000000001	6.581922406266004e-12	2.38563573331381e-11	96
USP8	-0.11677187500000001	6.670447112585677e-06	1.2567264722925389e-05	96
USP9X	-0.14993229166666666	2.6635486900151667e-08	6.370676706350001e-08	96
USP9Y	0.15089166666666662	0.14335036277770996	0.16890368526091606	24
UTP11	0.6426000000000001	2.9316887658363434e-12	1.1239257102854874e-11	72
UTP14A	0.4374927083333335	6.065650486113166e-13	2.5658542945355125e-12	96
UTP15	0.734382291666667	5.002198140369474e-17	1.1337752474236082e-15	96
UTP18	0.5572427083333331	1.1792806928936311e-15	9.690782719986241e-15	96
UTP20	0.42659375000000005	1.6195329062381263e-14	9.287170626444624e-14	96
UTP23	0.6306724137931035	2.4273991584777832e-05	4.330077360868771e-05	29
UTP3	0.6023873563218393	1.5687394500319684e-14	9.057377771311941e-14	87
UTP4	0.7084864583333332	2.439236999585466e-17	9.541570874547247e-16	96
UTP6	0.6032022727272729	1.9815170920937122e-14	1.1014082991596284e-13	88
UTRN	-0.3970166666666666	4.808577834575028e-16	4.76578265563281e-15	96
UTS2	0.250416091954023	1.0533464069699592e-05	1.9500278819981944e-05	87
UVRAG	-0.2658363636363636	0.0003371610469002917	0.0005401178279976259	44
UXS1	0.15129487179487183	0.013683125325356277	0.018433752571850454	78
VAC14	0.07003229166666668	0.0008267075258255926	0.0012741513417789802	96
VAMP2	-0.4892489583333332	7.462937058035763e-15	4.6532383570968346e-14	96
VAMP3	-0.1685020833333333	1.056477952993312e-05	1.9552856790709322e-05	96
VAMP5	-0.7892142857142855	2.9091625297952038e-08	6.940814869273123e-08	56
VAMP7	0.06142812499999999	0.1289211642902881	0.15327522438836486	96
VAMP8	0.2972520833333334	6.894024153249274e-11	2.2003809726046326e-10	96
VANGL1	-0.9596636363636364	2.0503997802734375e-05	3.6869826121293195e-05	22
VAPA	-0.17193750000000008	8.550819120270518e-07	1.7586586596534305e-06	96
VAPB	0.25094583333333337	5.290107111202352e-08	1.227224364075262e-07	96
VARS	0.2686072916666666	1.7331062470597696e-15	1.3197968003999995e-14	96
VARS2	0.20556145833333336	2.6403291016595663e-05	4.684995488768588e-05	96
VASP	-0.22078333333333336	5.1826445877264655e-08	1.204825025929732e-07	96
VAT1	-0.5554260416666664	2.4642253873720153e-12	9.523322652003947e-12	96
VAT1L	-1.5426406249999995	1.780857763610672e-17	9.541570874547247e-16	96
VAV1	-0.09898735632183908	0.0317185138810976	0.04099393365985047	87
VAV2	0.36448645833333315	1.0667721442456824e-10	3.3166029180808454e-10	96
VBP1	0.1263000000000001	0.0005462635407726874	0.0008584872558079082	96
VCAM1	-0.3179160919540231	9.016083091874194e-08	2.0401652700031766e-07	87
VCAN	0.6525447916666667	4.018248226085485e-09	1.0530635683127937e-08	96
VCL	-1.4907437500000007	4.666501510980602e-16	4.672769945846099e-15	96
VCP	0.11786874999999998	2.069364399510127e-05	3.715109916059257e-05	96
VCPIP1	0.010930208333333342	0.691741331102274	0.7204555401713484	96
VDAC1	0.7017302083333332	1.663441845295056e-16	2.2367366055356416e-15	96
VDAC2	0.087253125	0.01406101086844312	0.018920148394997505	96
VDAC3	0.3429833333333334	1.683604363489409e-10	5.141238814133111e-10	96
VEZF1	-0.106903125	0.006964769235643858	0.009690302115706064	96
VGLL4	0.13894285714285717	0.05638675391674042	0.07067041509946038	28
VIL1	0.008240625000000007	0.7367226207418938	0.7634649463326174	96
VILL	-0.5410166666666668	5.090983334053532e-12	1.877778617078256e-11	96
VIM	-0.46264687500000035	1.4938025449552163e-10	4.578310312519208e-10	96
VIP	-1.9809750000000004	3.725290298461914e-08	8.772542159487884e-08	28
VIPAS39	-0.26962812499999994	1.8598398049654258e-11	6.36940543721952e-11	96
VKORC1	-0.10957701149425284	0.04241420019107643	0.054046888714516954	87
VKORC1L1	0.3004718749999998	4.688551944863324e-09	1.219241116224988e-08	96
VMA21	-0.16099102564102571	0.00047584499936700767	0.0007511633178242951	78
VMP1	0.09967500000000001	0.004598216686151758	0.006545604868956534	72
VNN2	0.5496166666666669	0.00010464352972318072	0.0001759532433365462	60
VPS11	-0.1784385416666667	1.516318084133207e-06	3.0430685092580576e-06	96
VPS13A	-0.20812812500000002	2.385033761711373e-06	4.685651862698079e-06	96
VPS13C	-0.2714687500000001	5.587672016698306e-15	3.601309493894111e-14	96
VPS16	-0.131890625	2.2598624283186375e-06	4.455309148277913e-06	96
VPS18	-0.18392500000000003	1.2630117297488238e-07	2.8170032230335304e-07	96
VPS25	-0.19358125	1.1299250101968673e-06	2.2923564200106575e-06	96
VPS26A	-0.1477114583333333	1.1895078799520618e-07	2.6592497056309174e-07	96
VPS26B	-0.27423448275862067	4.6535100956091566e-12	1.724402387883157e-11	87
VPS28	-0.18933020833333336	6.72818503539325e-06	1.2661821431263202e-05	96
VPS29	-0.16046458333333333	0.011808289593614905	0.016036804632300082	96
VPS33A	-0.23137812500000002	1.7242382189640354e-10	5.258142823195325e-10	96
VPS33B	-0.24692708333333332	5.453725620260187e-14	2.753126048632475e-13	96
VPS35	0.005684375000000002	0.9475548071042919	0.9539534494822443	96
VPS36	-0.10808437500000002	0.00010023581536355408	0.00016900781233327074	96
VPS37A	-0.22333333333333336	0.0001938116238306975	0.00031807294136011483	42
VPS37B	-0.008513541666666664	0.32921266326275844	0.3665263454745845	96
VPS37C	-0.3352338983050848	9.071014910439628e-06	1.687671631562381e-05	59
VPS39	-0.21928850574712644	3.3233757823829444e-09	8.815325283140192e-09	87
VPS41	-0.2686187499999999	1.072287288080443e-11	3.790292632103104e-11	96
VPS45	-0.1799760416666667	5.3333336235054155e-11	1.7285669217438566e-10	96
VPS4A	-0.16103750000000003	1.2996750910708543e-08	3.213977215626378e-08	96
VPS4B	-0.39792500000000003	4.527805066995055e-16	4.575111746919782e-15	96
VPS50	-0.12760104166666672	1.3030468874242396e-05	2.3885632698713726e-05	96
VPS51	-0.16728541666666666	1.7699126703982703e-07	3.8945044623489654e-07	96
VPS52	-0.15212187500000005	1.0264159360954026e-08	2.5742895384164693e-08	96
VPS53	-0.025856250000000015	0.5001708794500197	0.5381950970697966	96
VPS8	-0.16939375	1.3030468874242396e-05	2.3885632698713726e-05	96
VRK1	0.617665625	1.0314900529261946e-15	8.682894310014856e-15	96
VRK2	0.2506875000000001	6.788616578826743e-09	1.7350410905656615e-08	88
VRK3	-0.10939655172413794	0.2297072820365429	0.2625841123160958	29
VSIG2	-1.3280179487179486	4.984030965715647e-10	1.4450243625318183e-09	39
VSIG4	-0.8486600000000002	3.627115882030087e-13	1.5946474739541188e-12	90
VSIR	-0.22821929824561396	0.0038759740809548725	0.005561144163628366	57
VSNL1	0.92200625	6.93387868401674e-13	2.9039595243839215e-12	96
VTA1	0.07269895833333333	0.002156397291612056	0.0031817174905267834	96
VTI1A	-0.17664109589041094	0.007064094222783966	0.00981628171927457	73
VTI1B	-0.3342375	2.5733687637804087e-11	8.645661377076288e-11	96
VTN	-0.42510833333333325	1.6441033269510415e-05	2.984434123978187e-05	96
VWA1	-1.065216666666667	1.444858721326185e-14	8.399962878143307e-14	96
VWA5A	-0.6502104166666663	2.966026828589264e-16	3.3109940088195295e-15	96
VWA8	0.015282291666666661	0.9127033533806335	0.9239968006383991	96
VWF	-0.6757062500000002	1.224788200827034e-16	1.8676320427390004e-15	96
WAC	-0.08119999999999997	0.19257348770082505	0.2228312399076984	60
WAPL	0.2637510416666666	6.065116001547456e-13	2.5658542945355125e-12	96
WARS	0.24548958333333323	0.003585534361585121	0.00516225299614604	96
WARS2	0.051233333333333325	0.3725787778738918	0.4105167309404684	96
WAS	-0.13007187499999995	0.005733222950714624	0.008075680133088459	96
WASF2	-0.16435520833333328	6.334409654442765e-06	1.1967770873460015e-05	96
WASHC1	0.11694062499999998	6.57490006311021e-07	1.3699069727765963e-06	96
WASHC2A	-0.10376749999999998	0.008579535298226788	0.011821750321586263	80
WASHC2C	-0.14421190476190474	0.008998170695122099	0.012368106370328653	42
WASHC3	-0.0036250000000000154	0.9941686155625203	0.9953555054184374	96
WASHC4	0.022722916666666666	0.20674539502625666	0.23836653294915894	96
WASHC5	0.03127708333333333	0.03236345734637542	0.04179527147965981	96
WASL	-0.19366458333333328	7.137704090628738e-10	2.034275987426857e-09	96
WBP11	0.39078229166666684	1.4513504902451797e-15	1.1441962913108003e-14	96
WBP2	-0.3268459770114943	2.2849499816826036e-09	6.1788510387378424e-09	87
WBP4	0.05007027027027025	0.4642457077279687	0.5023587827656358	37
WDFY1	0.2960885416666666	2.23016227637441e-13	1.0165439099957128e-12	96
WDHD1	0.324183870967742	0.00413934513926506	0.005925083537300894	31
WDR1	-0.5886593750000003	2.2566143050120903e-16	2.7526591586047482e-15	96
WDR11	0.048156250000000005	0.06497545443722086	0.08065130875472983	96
WDR12	0.7223343750000003	1.7810758177901125e-17	9.541570874547247e-16	96
WDR13	-0.34660520833333336	9.9539482911529e-15	6.022346739235279e-14	96
WDR18	0.3049760416666667	7.00934922604438e-14	3.4708635501201067e-13	96
WDR24	-0.19993421052631585	0.00812814008756005	0.011225132121745652	38
WDR26	-0.17053854166666668	0.0005138547836744876	0.0008085018160581936	96
WDR3	0.5775541666666666	2.6798214807690706e-17	9.541570874547247e-16	96
WDR33	0.16472708333333333	1.826933035636489e-08	4.440903527567103e-08	96
WDR36	0.5795781249999999	6.410324184618242e-17	1.3152723877117e-15	96
WDR37	-0.20377708333333336	1.9684614372570098e-09	5.357899588148249e-09	96
WDR4	0.569922222222222	1.986437920833192e-09	5.4043033296309345e-09	72
WDR41	-0.06866346153846153	0.27848759527971634	0.3138540696676662	52
WDR43	0.7117833333333334	1.7809667875440116e-17	9.541570874547247e-16	96
WDR44	-0.31653645833333327	2.4205637856588263e-13	1.0921023831866218e-12	96
WDR45	-0.13988936170212768	0.01044013030226856	0.014262438240260593	47
WDR45B	0.086184375	0.1448747180847538	0.17046027422494095	64
WDR46	0.4267479166666668	4.121083632136495e-14	2.1317155040866423e-13	96
WDR48	-0.1509677083333333	2.035747889969423e-05	3.6616173173739566e-05	96
WDR5	0.31070520833333337	2.068359055563178e-15	1.521640548457253e-14	96
WDR55	-0.04299428571428573	0.4316853189957328	0.4697010712199759	35
WDR59	-0.38990789473684206	2.2501739624398895e-06	4.4388171461362e-06	38
WDR6	-0.0876074074074074	0.2686719596385956	0.3037102236251622	27
WDR61	-0.07376562500000002	0.0017485402110973731	0.0026080383006341214	96
WDR7	-0.29439270833333336	3.1258588771218034e-11	1.0392164126169563e-10	96
WDR70	0.01177361111111111	0.2978860666076062	0.33414439405959373	72
WDR74	0.5477087500000002	3.825979799122359e-13	1.6765838322868653e-12	80
WDR75	0.5494045454545455	2.148257826241722e-14	1.185251789165766e-13	88
WDR77	0.05271354166666664	0.1257339745924656	0.1497247489422882	96
WDR81	-0.2635458333333333	2.8487054269086063e-09	7.614328569374437e-09	96
WDR82	0.11500937499999997	2.5168954886734947e-06	4.936035397298189e-06	96
WDR89	-0.3968484848484848	0.05752792255952954	0.07200649859176934	33
WDR91	-0.3498510416666667	9.053626057893825e-13	3.7104934161520875e-12	96
WDR92	0.21662999999999993	2.2181255272995823e-09	6.0102601626223335e-09	80
WFDC2	-1.2326799999999998	0.0031528472900390625	0.004568564248136516	20
WFS1	-0.38070104166666646	6.8021813775841625e-09	1.737184425664718e-08	96
WIPF1	-0.24903541666666662	2.1126902155587345e-07	4.6157693193651766e-07	96
WIPF2	-0.16030689655172417	7.060815557742833e-05	0.00012053692513205259	87
WIPI1	-0.06220277777777778	0.5189232948468998	0.556320930828995	36
WIPI2	-0.2520760416666666	2.8124244714998486e-08	6.71717898871217e-08	96
WISP2	-1.069536666666667	5.587935447692871e-09	1.4402404501948318e-08	30
WIZ	0.0615068965517241	0.11247956263827537	0.1349955967334865	87
WLS	-0.04614328358208955	0.3423713759088466	0.3794135383172203	67
WNK1	-0.17506562500000003	5.042795699032118e-07	1.062232852270219e-06	96
WNK2	-0.6174500000000002	7.541547587565485e-16	6.810098003133777e-15	96
WNT2B	-1.5562225	1.666223731821299e-14	9.505693041487326e-14	80
WRB	0.02099999999999999	0.6217377733417442	0.6551340853384264	65
WRNIP1	0.2959135416666667	2.664193853767248e-09	7.138426148401708e-09	96
WTAP	0.34965833333333335	2.0130950846268738e-10	6.086670443611019e-10	96
WWC3	0.3540590909090907	0.0037055194540481953	0.005326833087038642	88
WWP2	-0.1373520833333334	0.0012520080333654445	0.0018943892412829875	96
XAB2	0.2585041666666667	1.0413608851192242e-10	3.2480196086773014e-10	96
XDH	-0.517628888888889	0.00010809619546349207	0.000181531257913534	45
XIAP	0.02259999999999999	0.37257957589752755	0.4105167309404684	96
XPC	-0.009904166666666658	0.576086636318645	0.6116422502885531	96
XPNPEP1	-0.07401354166666667	0.05367158360053118	0.06734318204763709	96
XPNPEP2	-0.619906976744186	9.687860028861905e-05	0.00016359389109900458	43
XPNPEP3	0.31754479166666666	2.8318599155537817e-07	6.112917687725329e-07	96
XPO1	0.31458749999999985	1.2629507076500393e-16	1.8914347498278047e-15	96
XPO4	0.13200625000000002	0.00036670214192002375	0.0005859025172996997	96
XPO5	0.8548395833333332	1.9577585447302082e-17	9.541570874547247e-16	96
XPO6	-0.16221923076923075	0.2269585132598877	0.25988473552834723	26
XPO7	-0.10380208333333335	0.00030998352469357434	0.0004990947208968691	96
XPOT	0.30316458333333335	7.063817102883355e-11	2.2513609949284764e-10	96
XRCC1	0.7310770833333337	1.219955298980395e-13	5.771988787630093e-13	96
XRCC4	0.30930632911392414	2.8887501093217837e-09	7.709078951248944e-09	79
XRCC5	0.4185947916666665	1.4718971370472151e-16	2.092514524373062e-15	96
XRCC6	0.5007208333333336	2.865547977997808e-17	9.541570874547247e-16	96
XRN1	0.17126770833333335	8.451235662537253e-08	1.9187593928921298e-07	96
XRN2	0.658584375	1.7809667875440116e-17	9.541570874547247e-16	96
XYLB	-0.14477450980392154	0.012822223718513017	0.017350604866378346	51
YAP1	-0.10993541666666663	0.006847112538630671	0.009532533310162518	96
YARS	0.29869062499999993	1.724939894233546e-11	5.949934061908926e-11	96
YARS2	0.3881083333333332	3.008620512478401e-13	1.334975860993227e-12	96
YBX1	0.5691906250000001	3.233561982801273e-17	9.764418690273611e-16	96
YBX3	0.1579239583333333	0.00017860664541538237	0.00029477785586514153	96
YEATS4	0.09189459459459458	0.1916960332018789	0.22189245803164345	37
YES1	-0.3231635416666666	1.0151889063857544e-11	3.594143732423233e-11	96
YIF1A	-0.07173020833333336	0.43420134273259037	0.47212129484060766	96
YIPF3	0.12175000000000001	0.006337805436442296	0.008860249358843794	96
YIPF4	0.2830979166666666	4.628379716329717e-08	1.080062591890646e-07	96
YIPF5	0.19916250000000005	8.68271358806866e-05	0.00014725056992505724	96
YIPF6	0.15706145833333326	0.0001920678446244277	0.0003154719422110829	96
YKT6	0.09961041666666665	1.4886446580681814e-05	2.7125151936742175e-05	96
YLPM1	0.1693635416666666	6.141794961371419e-10	1.762416697854613e-09	96
YME1L1	0.45431562500000006	2.8776266298394544e-16	3.2392612516095467e-15	96
YOD1	-0.6499714285714286	1.9565573893487453e-05	3.525797347606966e-05	35
YRDC	-0.17648214285714287	0.1199713721871376	0.14332050142512576	28
YTHDC1	0.4000114583333334	1.9767228441234123e-14	1.0997091561510634e-13	96
YTHDC2	-0.01179859154929576	0.9543074343624789	0.959887342899231	71
YTHDF1	0.3780980392156863	3.0412794282241854e-06	5.905627694343288e-06	51
YTHDF2	0.3512	2.2920392835167134e-13	1.0421211044317248e-12	96
YTHDF3	0.16961770833333337	1.3277616777569218e-08	3.279806000026211e-08	96
YWHAB	0.2561666666666667	1.5717927019975007e-07	3.4768900494787275e-07	96
YWHAE	-0.20056562500000008	8.364975578306353e-08	1.9013403747657195e-07	96
YWHAG	0.005960416666666655	0.7616549187299497	0.786266017811853	96
YWHAH	-0.07546458333333336	0.02846908068316635	0.037051224501137354	96
YWHAQ	-0.17182499999999992	1.7703033899008273e-06	3.530608038895556e-06	96
YWHAZ	0.08260416666666666	0.011445874319199701	0.015572981303490326	96
YY1	0.31517916666666673	1.174826731351856e-10	3.640606254336998e-10	96
YY2	-0.010380701754385968	0.9082818653696754	0.9206040220110893	57
ZADH2	-0.5746822916666666	1.9977044478868754e-16	2.5197181734799374e-15	96
ZAK	-0.6857520833333334	6.2531977244678825e-12	2.270167940122025e-11	96
ZBTB7A	-0.23450625000000005	5.570084436155286e-06	1.0568353077535582e-05	80
ZBTB7B	-0.46651176470588224	2.905555006517787e-06	5.655169288867952e-06	51
ZC2HC1A	-0.5841249999999999	2.3459595659288955e-12	9.09771255943177e-12	80
ZC3H11A	0.3613833333333332	4.665980384960968e-16	4.672769945846099e-15	96
ZC3H13	0.239190625	2.585373505148527e-06	5.0643126557785315e-06	96
ZC3H14	0.2192145833333334	1.2948597631626923e-12	5.220681581164966e-12	96
ZC3H15	0.5069239583333335	9.286444086542027e-17	1.5423277948769751e-15	96
ZC3H18	0.33355729166666664	2.664898318013958e-12	1.0257488706572373e-11	96
ZC3H4	0.24999270833333342	4.513732699471968e-13	1.9474361852577127e-12	96
ZC3H7A	-0.1377510416666666	0.0002597302963154736	0.0004213081619875513	96
ZC3H7B	-0.0635068493150685	0.05679266027178292	0.07112599547571245	73
ZC3HAV1	0.09967916666666665	2.0693315216374954e-05	3.715109916059257e-05	96
ZC3HAV1L	-0.10931874999999998	0.0026025844305787218	0.003804911515526835	96
ZC3HC1	0.0005206896551723986	0.605608511303644	0.6399476299159156	87
ZCCHC3	0.3012901960784314	0.015996551592727608	0.02139144202423949	51
ZCCHC6	0.19799999999999998	4.3798494370347746e-06	8.383569150660857e-06	71
ZCCHC8	0.12624687499999998	1.281460570164378e-05	2.3522076512264877e-05	96
ZDHHC13	-0.03697654320987654	0.430324150627451	0.46837195434126677	81
ZDHHC20	0.2157	0.004435725510120392	0.006329069001998662	29
ZDHHC3	0.3705671428571428	5.712231393782567e-07	1.1979793817095104e-06	70
ZDHHC5	-0.042057142857142855	0.023349359812455946	0.0307153844798305	56
ZFAND1	-0.01461249999999998	0.9094854584574152	0.9214343009348837	64
ZFAND6	-0.1629272727272727	0.017200946807861328	0.02291524069379302	22
ZFP36L1	0.08876486486486489	0.8815093927114503	0.895931906635528	37
ZFP36L2	0.6120635416666667	6.027708249251443e-11	1.9423580520762696e-10	96
ZFP91	-0.1324384615384616	0.006201672968872682	0.008686226293980547	78
ZFPL1	0.16202187499999995	0.00011134576500626965	0.0001866613536799258	96
ZFR	0.20086562499999994	3.089538028819819e-08	7.326868375875633e-08	96
ZFYVE1	-0.29356000000000004	0.000254989531259334	0.00041391840435975606	45
ZFYVE16	-0.026864583333333334	0.4670982655222343	0.5051196427125516	96
ZFYVE19	-0.4094083333333332	3.7367382983921716e-13	1.6385475322819007e-12	96
ZFYVE21	-0.6217750000000001	7.332958303222992e-11	2.333814860356881e-10	64
ZG16	-2.1613989583333324	2.1511874056686433e-17	9.541570874547247e-16	96
ZGPAT	0.16085576923076922	0.013588002596261795	0.018316638420397907	52
ZKSCAN1	0.44910142857142843	1.6032697710742734e-08	3.925670399320182e-08	70
ZMAT2	0.21216624999999997	9.730278764242313e-07	1.9860188691603796e-06	80
ZMPSTE24	0.4104302083333335	4.393172633446307e-16	4.4594694193035454e-15	96
ZMYM2	0.26479195402298855	3.247265521436154e-07	6.964803191596917e-07	87
ZMYM3	-0.13950312499999998	0.2618452035821974	0.29639268952808545	32
ZMYND11	-0.2697085714285715	0.0066541380365379155	0.00927927917005464	35
ZMYND8	0.31585571428571424	3.3462234485473475e-09	8.869938015134e-09	70
ZNF148	0.03589425287356322	0.1797038326843683	0.2090209801455317	87
ZNF185	0.19975632183908043	0.0076667175169936996	0.010607549561045726	87
ZNF207	0.3391947916666667	1.4775046618396738e-12	5.880255910534265e-12	96
ZNF22	-0.14364895833333327	7.341630435502316e-05	0.0001251397321945758	96
ZNF24	-0.028106896551724117	0.6730556991608423	0.70456088089719	58
ZNF316	0.29858076923076926	0.03341016173362732	0.04309724573560963	26
ZNF326	0.4165562499999999	1.9765264464085427e-14	1.0997091561510634e-13	96
ZNF330	-0.11070923076923074	0.03564255802015765	0.04580956355502638	65
ZNF384	-0.05367924528301887	0.3783966342013605	0.4166523910810647	53
ZNF451	0.28915499999999994	0.021484375	0.028368170020665225	20
ZNF512	-0.3471552083333334	5.729016000521646e-10	1.6489046910124291e-09	96
ZNF574	0.18911052631578945	0.07669417045690352	0.09423831311270435	38
ZNF593	0.24863	0.05316925048828125	0.0667750845237512	20
ZNF598	0.29566835443037964	2.8755981955664824e-07	6.203340287477662e-07	79
ZNF622	0.4416833333333332	6.207096829421171e-16	5.840590831498827e-15	96
ZNF638	0.250309375	2.5101700527847738e-11	8.449940232881609e-11	96
ZNF687	0.32409275362318835	4.9039520979974686e-09	1.270784651427772e-08	69
ZNF703	0.36867428571428573	0.0005508482572622597	0.0008646796813225317	35
ZNF706	0.19054942528735633	1.1387679490704183e-05	2.1023649340433228e-05	87
ZNF740	0.14377199999999998	0.02550506591796875	0.03340755315182592	25
ZNF773	0.6332695652173914	4.017106513260343e-05	7.003837733228598e-05	23
ZNF787	0.1408436781609195	0.0004503855833933459	0.000712482169060589	87
ZNF800	0.13345714285714283	0.04945776046952233	0.06241762885440656	35
ZNF830	0.02782499999999999	0.78912592260167	0.8126639789676733	32
ZNFX1	0.12176111111111106	0.013332692115085507	0.01799055337894382	72
ZNHIT2	-0.23736956521739136	0.009325074753292029	0.012806945039884589	46
ZNRF2	-0.22821999999999995	0.03272089920938015	0.04223249572830539	30
ZPR1	0.127496875	0.0011299519719187997	0.0017186398408047556	96
ZRANB2	0.11607812500000002	0.0016739313727309457	0.002500090289325894	96
ZW10	0.15763333333333332	9.386183166232187e-07	1.9193299539800698e-06	96
ZYX	-0.6053750000000001	2.202697642394024e-09	5.970868073867276e-09	96
ZZEF1	-0.51471875	1.7811848543493422e-17	9.541570874547247e-16	96
