gene	spearman_r	n_samples
A1CF	0.7452289352916617	94
A2M	-0.09439221911095125	96
AAAS	0.1730995540580879	96
AACS	0.5942809471163955	96
AAGAB	0.4624640104205624	96
AAK1	0.10978173876476893	96
AAMDC	0.42394028513949755	96
AAMP	0.3379250939377908	96
AAR2	0.5510458775840029	96
AARS	0.4386748462954087	96
AARS2	0.5441198914941652	96
AASDHPPT	0.41939805004290054	96
AASS	0.5684606784569557	86
AATF	0.3770856507316993	96
ABAT	0.8453227164722368	96
ABCB1	0.7399313609788521	96
ABCB10	0.38789260755565796	90
ABCB6	0.11934593216769127	81
ABCB7	0.24161483541336473	96
ABCB8	0.4248835185215192	90
ABCC1	0.259436985592094	96
ABCC3	0.4711643459328943	96
ABCC4	0.5350164633751646	86
ABCD1	0.36190486651550635	65
ABCD3	0.42662000299411806	96
ABCE1	0.35585368666757194	96
ABCF1	0.41299393644379717	96
ABCF2	0.5122901618722562	96
ABCF3	0.18322283083859997	96
ABHD10	0.05118152961755804	96
ABHD11	0.4525933110829675	96
ABHD12	0.5833203334842192	96
ABHD14B	0.4804679949158617	96
ABHD16A	0.43394377183165467	96
ABHD17C	0.12119329911032353	69
ABHD3	0.09624060150375939	20
ABHD6	0.4199506725382199	69
ABI1	0.2799708346115201	96
ABI2	0.2114415138678284	59
ABI3	0.5704586240608553	96
ABI3BP	0.4459962219255857	96
ABL1	0.013254947784520894	79
ABLIM1	0.363211530361668	96
ABLIM2	0.46195949644225504	28
ABO	0.3660926456417387	51
ABR	0.3272301822825091	96
ABRACL	0.40910894448916757	96
ABT1	0.3423387096774194	31
ACAA1	0.40583912396417493	96
ACAA2	0.5978899676848781	96
ACACA	0.4359580435257387	96
ACAD10	0.32021637387971236	96
ACAD8	0.3794674050767524	96
ACAD9	0.39441716297021323	96
ACADM	0.484133739841561	96
ACADS	0.4009624808832574	96
ACADSB	0.7111918989291145	96
ACADVL	0.5496634167304392	96
ACAP1	0.45821379027251946	61
ACAP2	0.26018645062328083	96
ACAT1	0.30651500815781624	96
ACAT2	0.4064949114399878	96
ACBD3	0.4909571239171863	96
ACBD5	0.7319261786558473	96
ACBD6	0.29798064763841586	50
ACE	0.3217322361580958	87
ACE2	0.7920626965289923	87
ACIN1	0.07895834534444492	96
ACLY	0.43889254397440014	96
ACO1	0.4598490885995074	96
ACO2	0.10648955147923889	96
ACOT1	0.22451720621706384	96
ACOT11	0.61107456071603	96
ACOT13	0.35003425191776827	96
ACOT7	0.418978953722607	96
ACOT8	0.5626343813045227	96
ACOT9	0.4949469943208184	96
ACOX1	0.5713403984772151	96
ACOX2	0.6120956598038462	45
ACOX3	0.49796006982359864	96
ACP1	0.1360877114479409	96
ACP2	0.556664914609237	96
ACP5	0.3886376163778225	70
ACP6	0.6329105349919605	96
ACPP	0.816336453812153	42
ACSF2	0.8378415963253532	96
ACSF3	0.5245833813885186	96
ACSL1	0.6795489614282401	96
ACSL3	0.7387054985451611	96
ACSL4	0.5405101109985401	96
ACSL5	0.8237021663532696	96
ACSM3	0.7153515376119178	96
ACSS1	0.8168348729823389	96
ACSS2	0.7301374137093293	96
ACTA2	0.27178243994640244	63
ACTB	-0.14809384164222872	32
ACTG1	-0.0319930004730387	96
ACTG2	0.5443729993905976	96
ACTL6A	0.278809665113939	96
ACTN1	0.19375317943848666	96
ACTN4	0.30542226080880464	96
ACTR10	0.2552642378116953	96
ACTR1A	0.3204486029502507	96
ACTR1B	0.19341142318858845	96
ACTR2	0.10379885919161148	96
ACTR3	0.0467920740374165	96
ACTR3B	-0.14398085657336876	26
ACTR5	0.09592517278033648	80
ACTR6	0.025280437794345675	38
ACTR8	0.017970401691331923	43
ACY1	0.5508300127457603	96
ACYP1	0.3099163387712473	88
ACYP2	0.4022442245570433	93
ADA	0.5415597295196549	89
ADA2	0.32153858491680337	86
ADAM10	0.5909060079626955	96
ADAM15	0.436431989063568	56
ADAM17	0.259752303602631	95
ADAM9	0.5466279160746409	96
ADAMDEC1	0.133098460358868	81
ADAP1	0.3653671373729975	96
ADAR	0.6164374735376252	96
ADCK5	0.5378346921906788	39
ADCY6	0.1812724334181823	83
ADD1	0.22995740529462746	96
ADD3	0.5021127381608854	96
ADGRE5	0.10637583551280481	96
ADGRG1	0.39542354115532735	87
ADH1B	0.6489825683715976	96
ADH1C	0.6249292054029008	96
ADH5	0.29354811364966094	96
ADH6	0.5691119691119692	36
ADI1	0.2659144117600216	91
ADIRF	0.40509643134734924	96
ADK	0.3312510809757478	96
ADNP	0.743596439207623	96
ADO	0.33797161417708915	96
ADPGK	0.3570139861244283	96
ADPRH	0.509251628034311	91
ADPRHL2	0.30608168377474515	96
ADRM1	0.3227775554710397	96
ADSL	0.5508737541447251	96
ADSS	0.15985594042281892	96
ADTRP	0.35489650466070655	54
AEBP1	0.5774427217395313	96
AES	0.20235217733865088	55
AFAP1	0.17806026978089334	94
AFAP1L2	0.5397443754106773	92
AFDN	0.5203982664136679	96
AFF4	0.13492063492063494	55
AFG1L	0.04342279847083119	49
AFG3L2	0.5242613744751059	96
AFTPH	0.09275487157439828	96
AGAP1	0.062061623246493	66
AGAP3	0.05221347344372655	70
AGFG1	0.31188298461989244	96
AGFG2	0.723781488815954	96
AGK	0.4120934650684077	96
AGL	0.45459416564363087	96
AGMAT	0.4221885354058048	96
AGO1	0.36067352866555186	96
AGO2	0.4512374609264187	96
AGO3	0.05068217255003384	87
AGPAT1	0.23276098877940607	96
AGPAT2	0.5564884349117142	92
AGPAT3	0.47391606613244125	96
AGPAT5	0.45026570400798804	96
AGPS	0.24741666696208103	96
AGR2	0.8062005514580761	96
AGR3	0.8118492895921117	96
AGRN	0.12517125843015023	96
AGT	-0.17930709387738492	96
AGTRAP	0.3890766412079043	82
AHCTF1	0.3947962803533734	96
AHCY	0.41199411282901516	96
AHCYL1	0.09994811326990573	96
AHCYL2	0.752166261236494	96
AHNAK	0.2772361170385834	96
AHNAK2	0.44213153747529155	96
AHR	0.5429921001802921	80
AHSA1	0.792413734674329	96
AIDA	0.42681669584128545	96
AIF1	0.43718132220277434	95
AIF1L	0.6068877174590771	21
AIFM1	0.5571502211641517	96
AIFM2	0.5641149328403644	72
AIG1	0.26655591709310805	43
AIM1	0.7538804315409635	96
AIMP1	0.39816871555972927	96
AIMP2	0.28243050307754536	96
AIP	0.47422253878952064	96
AK1	0.7409266330703962	96
AK2	-0.006077213163817587	96
AK3	0.7062518016474028	96
AK4	0.7874971174505256	96
AK6	0.5190508021390374	33
AKAP1	0.5646189063974046	96
AKAP12	0.6453906963039744	96
AKAP13	0.12361002309492909	96
AKAP17A	0.1854645600525306	84
AKAP5	0.5039929139449005	61
AKAP8	0.14800960436606428	96
AKAP8L	0.5590920498531253	96
AKAP9	0.36894277236329154	96
AKR1A1	0.20414544320023878	96
AKR1B1	0.4299027704445849	96
AKR1B10	0.6623299983042225	96
AKR1C2	0.46267780419059185	81
AKR1C3	0.6739329485414307	96
AKR7A2	0.48894947997090876	96
AKR7A3	0.7097966603074317	96
AKT1	0.35326593800329975	96
AKT1S1	0.18096566102339467	87
AKT2	0.17300373791861767	81
AKTIP	0.0506440251848531	67
ALAD	0.40076983078210154	96
ALAS1	0.2286574061665593	20
ALCAM	0.8553958639961475	96
ALDH16A1	0.3405060586656946	96
ALDH18A1	0.6150123610896843	96
ALDH1A1	0.6064333436328518	96
ALDH1A3	0.6318813056416158	96
ALDH1B1	0.6580505572022738	96
ALDH1L1	0.671447467582847	96
ALDH1L2	0.5332076291220127	96
ALDH2	0.5670402713829159	96
ALDH3A2	0.6633884303278671	96
ALDH3B1	0.11409770044016494	39
ALDH4A1	0.7627995781629412	96
ALDH5A1	0.6575644430012751	96
ALDH6A1	0.44956200594458123	96
ALDH7A1	0.5798749946524393	96
ALDH9A1	0.3817753285839213	96
ALDOA	0.5497151383613673	96
ALDOB	0.6099815850925889	96
ALDOC	0.6106086349354414	96
ALG1	0.3480074472759123	96
ALG11	0.2918974984137902	90
ALG12	-0.00517419619092787	83
ALG13	0.20078107462058112	88
ALG14	0.34933289579269045	45
ALG2	0.19528672055380616	96
ALG5	0.5465650201100116	96
ALG6	0.423875790025818	31
ALG8	0.42529644268774697	45
ALG9	0.18007880848400357	75
ALKBH5	0.43433460452563977	65
ALKBH7	0.20474678255055995	33
ALOX5	0.6923956065069572	96
ALOX5AP	0.5429342067278529	92
ALPL	0.5795147744073299	76
ALYREF	0.40480607168645366	96
AMACR	0.7949999661059559	96
AMDHD2	0.3288917126553164	83
AMFR	0.33007176253210846	24
AMPD2	0.24832722339109073	96
AMPD3	0.3732381949322715	96
AMT	0.6903140481226127	96
ANAPC1	-0.012816314547363905	81
ANAPC10	0.00421631537790346	32
ANAPC16	-0.037551922025758466	50
ANAPC2	0.465074595454175	47
ANAPC4	0.039051900453574095	84
ANAPC5	-0.03547671840354767	84
ANAPC7	0.1627876218746114	96
ANG	-0.0879031437663542	96
ANGEL2	0.46307692307692305	25
ANGPTL2	0.5318438937044724	96
ANK2	0.4976124424421432	96
ANK3	0.633346559930376	96
ANKFY1	0.33923878076906744	96
ANKHD1	-0.006863995225046799	96
ANKLE2	0.35194497052521045	82
ANKMY2	0.6056275456360322	96
ANKRD10	0.4277310924369748	35
ANKRD13A	0.3674987876500375	96
ANKRD17	-0.022208602535768902	89
ANKRD22	0.6217617634626682	96
ANKRD27	0.3796308954203691	56
ANKRD28	0.19363345399353726	94
ANKRD44	0.39136966841522086	96
ANKRD54	0.4674292858360363	73
ANKS1A	0.3474557015864431	96
ANKS4B	0.5136836251042263	96
ANKZF1	-0.07172813617861108	46
ANLN	0.5783334608150718	54
ANO1	0.7037679992163606	82
ANO10	0.5906121978893335	96
ANO6	0.4745113200233942	96
ANP32A	0.20590290024619687	96
ANP32B	0.40917815745030084	96
ANP32E	0.6448313516959787	96
ANPEP	0.6846315847574788	96
ANTXR1	0.5863424252382518	77
ANTXR2	0.5247633950453391	91
ANXA1	0.5390396093326099	96
ANXA11	0.49099615430092247	96
ANXA13	0.7737828782267802	96
ANXA2	0.6191149590206484	96
ANXA3	0.1709989521135447	96
ANXA4	0.40710257427856944	96
ANXA5	0.528823882503202	96
ANXA6	0.5070250583183044	96
ANXA7	0.2895958599142378	96
AOC1	0.6166185108316717	96
AOC3	0.524350208958117	96
AOX1	0.255522146836336	47
AP1B1	0.2910385756693294	96
AP1G1	0.4524613735943245	96
AP1G2	0.3361864906920156	96
AP1M1	0.42892025539120576	96
AP1M2	0.35649802967510863	96
AP1S1	0.25180583156424013	96
AP1S2	0.2971994134765729	67
AP2A1	0.23832713855503407	96
AP2A2	0.30923877287343227	96
AP2B1	0.16938760285611998	96
AP2M1	0.03535723490551961	96
AP2S1	0.1286786898840616	96
AP3B1	0.6831733199567291	96
AP3D1	0.06693050907007904	96
AP3M1	0.24237635315179387	96
AP3M2	0.4691114902861134	84
AP3S1	0.5116099254973007	96
AP4S1	0.5948051948051949	21
AP5B1	0.034562381297711456	83
AP5S1	-0.18489984773077214	35
AP5Z1	-0.04351447316974614	59
APAF1	0.39073829153136025	96
APBB1IP	0.3265865380661832	96
APBB2	0.5037145572051307	64
APEH	0.40750286563074395	96
APEX1	0.4201862490419637	96
APH1A	-0.41699604743083	23
API5	0.3138660635534802	96
APIP	0.15679525222642093	96
APLP2	0.3862014704774257	96
APMAP	0.6308371597745508	96
APOBEC3C	0.2325581400395627	45
APOBEC3F	0.5469767481906099	49
APOBEC3G	0.5569084384953433	53
APOBR	0.37232300012474245	96
APOC1	0.13390713384917127	96
APOC2	0.1422009286989415	90
APOD	0.21390758796223047	96
APOE	0.5660665294375616	96
APOL1	0.3165983416010917	93
APOL2	0.7347312517211009	96
APOL3	0.5732787564029151	96
APOM	0.11216411669131161	96
APOO	0.08081664490947844	96
APOOL	0.43147774486915036	96
APP	0.38128698603075445	96
APPL1	0.42359500265492284	96
APPL2	0.5548780489846995	96
APRT	0.2280447109464003	96
APTX	0.23161240819905726	69
AQP1	0.49360951993424484	94
AQP8	0.38578638783091973	73
AQR	0.18159497551513182	96
ARAF	0.15580723281422373	89
ARAP1	0.18674968461748884	96
ARCN1	0.3917965239530796	96
AREG	0.6235921754593955	37
ARF1	0.11564025600307783	92
ARF3	0.04333175103373087	80
ARF4	0.3628687118145848	96
ARF5	0.3636536283293882	96
ARF6	0.6404272997364082	96
ARFGAP1	0.4044072763160501	96
ARFGAP2	0.3811442330518534	96
ARFGAP3	0.7245461667109627	96
ARFGEF1	0.7323704362031489	96
ARFGEF2	0.6798201290181394	96
ARFGEF3	0.5586762173220057	79
ARFIP1	0.36376769817928556	96
ARFIP2	0.43043494480457795	93
ARFRP1	0.5025409229222647	89
ARGLU1	0.18634210197080034	96
ARHGAP1	0.16296341514542112	96
ARHGAP10	0.33420944643817796	96
ARHGAP12	0.4226033794872638	86
ARHGAP15	0.38642759318431313	55
ARHGAP17	0.10783552354242049	96
ARHGAP18	0.6300250276968901	96
ARHGAP21	0.15689261235875596	57
ARHGAP25	0.640132670016547	96
ARHGAP26	0.3880105159918456	83
ARHGAP27	0.402645188660092	96
ARHGAP30	0.35998367866740716	63
ARHGAP32	0.11800634171222261	59
ARHGAP35	0.3167876197962358	94
ARHGAP4	0.6587311277210468	96
ARHGAP45	0.14802405119611967	96
ARHGAP5	0.4265318303286806	96
ARHGAP6	0.4820974543749583	60
ARHGAP9	0.4517498519074575	83
ARHGDIA	-0.006599361767825874	96
ARHGDIB	0.14745131021493774	96
ARHGEF1	0.3104741621958912	96
ARHGEF10	0.3399189144048913	36
ARHGEF10L	0.4493685481458235	96
ARHGEF11	0.17404826622713102	74
ARHGEF12	0.17945413603603316	96
ARHGEF16	0.5819948994951961	96
ARHGEF17	0.37353107767114757	96
ARHGEF18	-0.11825510138399681	96
ARHGEF2	0.1353323792535117	96
ARHGEF25	0.1687367272945144	36
ARHGEF37	0.3952934618141276	91
ARHGEF40	0.32875235154374194	80
ARHGEF5	0.3449630151595532	88
ARHGEF6	0.4000054262879023	96
ARHGEF7	0.3358813315685388	96
ARID1A	0.07916249734049141	94
ARID1B	0.133377683217681	87
ARID2	0.03454508410191138	77
ARID3A	0.7546938395788602	86
ARIH1	0.18197942172329296	96
ARIH2	0.2661916403694335	81
ARL1	0.26047396515720844	96
ARL14EP	-0.018633540372670808	22
ARL15	0.37475497680390457	96
ARL2	0.047111008621597845	96
ARL2BP	0.4115774875739874	67
ARL3	0.34196300793667594	96
ARL6	0.26000713113326346	57
ARL6IP1	0.22724729295085047	96
ARL6IP4	0.2845544722356338	96
ARL6IP5	0.1320957551861144	96
ARL6IP6	0.08349874462687157	77
ARL8A	0.3448953091232816	87
ARL8B	0.25129801644719935	96
ARMC1	0.06619143221617839	96
ARMC10	0.4049987282770216	96
ARMC6	0.3440429197436668	96
ARMC8	0.2720287551761489	94
ARMC9	0.44313672236523255	28
ARMCX1	0.461804964377456	25
ARMCX2	0.40084039811066885	85
ARMCX3	0.7619322151857113	96
ARMT1	0.1933625212481081	96
ARNT	0.19847328292946506	35
ARPC1A	-0.0630498036490604	96
ARPC1B	0.051811960373456985	96
ARPC2	0.033987282751812634	96
ARPC3	-0.1610800618721688	96
ARPC4	-0.16527513073203154	96
ARPC5	0.046016108520824175	96
ARPC5L	0.44358908281246845	96
ARPP19	0.2749196298707548	85
ARRB1	0.5597746834369822	96
ARRB2	0.3471021128274056	96
ARRDC1	0.3928496818442054	81
ARSA	0.1278936480953618	96
ARSB	0.4133251925612713	87
ARSD	0.3077738097248327	56
ARSE	0.672157500265245	94
ARVCF	0.2216247362071132	75
ASAH1	0.24018828189518776	96
ASAP1	0.276854683944476	75
ASAP2	0.4007283740415098	86
ASB9	0.6060407127555776	38
ASCC1	0.03197171979418128	75
ASCC2	-0.037087404324487615	96
ASCC3	0.5268087880234757	96
ASF1A	0.2830288634485422	56
ASH2L	0.4798115793056563	96
ASL	0.742892799374857	96
ASMTL	0.6786822535461431	96
ASNA1	0.31875093262472265	96
ASNS	0.6376692654940238	96
ASPH	0.6755155539777901	96
ASPN	0.694489096954054	96
ASPSCR1	0.5169448130220604	96
ASRGL1	0.63419751783704	75
ASS1	0.8652963778565468	96
ATAD1	0.18335842862762652	96
ATAD2	0.5324587612102933	64
ATAD3A	0.40208972029466084	96
ATAD3B	0.5288266559722501	52
ATE1	0.3973073336730554	96
ATF1	0.4539124788051516	55
ATF2	0.1346153846153846	25
ATF7	-0.1969924812030075	20
ATF7IP	-0.11248868778280542	51
ATG12	0.269965033154939	66
ATG13	0.6215074723846654	21
ATG16L1	0.2447782250557534	96
ATG3	0.2701221538691102	96
ATG4A	0.5349121466768525	34
ATG4B	0.373478572039408	96
ATG5	0.3471472367990797	96
ATG7	0.33247308186212404	96
ATG9A	0.042632791833384004	75
ATIC	0.5442053215949864	96
ATL1	0.4678376665852968	96
ATL2	0.3455951924759844	96
ATL3	0.4549875540479796	96
ATM	0.4385688851435112	96
ATOX1	0.13893043306266736	96
ATP11B	0.10356872759642691	96
ATP11C	0.41162203518330265	75
ATP13A1	-0.07811577983518161	96
ATP1A1	0.6155061788825631	96
ATP1B1	0.6439723816260657	96
ATP1B3	0.4174308193163321	96
ATP2A2	0.10176480962425183	96
ATP2A3	0.5747558328811719	96
ATP2B1	0.5754922374809354	96
ATP2B4	0.3953145296870682	96
ATP2C1	0.24564743434229694	95
ATP5A1	0.3894742553697318	96
ATP5B	0.18830902377219558	96
ATP5C1	-0.009977176616451637	96
ATP5D	0.32850864106769234	96
ATP5E	-0.021812484528575888	96
ATP5F1	0.10708871835251389	96
ATP5G1	0.1540230196894987	96
ATP5H	-0.0012683297387186812	96
ATP5I	0.04886783302896754	96
ATP5J	0.06419691122457531	96
ATP5J2-PTCD1	0.002454426367079667	96
ATP5L	-0.09626888956093428	96
ATP5O	0.10605813970237442	96
ATP5S	0.12860887954429193	96
ATP5SL	0.2286601632490544	91
ATP6AP1	0.23001532848234538	96
ATP6AP2	0.21929068970896437	96
ATP6V0A1	0.31522151985315	96
ATP6V0A2	0.24869724028145823	83
ATP6V0C	0.03904296539481972	68
ATP6V0D1	0.20515750955620554	96
ATP6V1A	0.2881715179093665	96
ATP6V1B2	0.6782332673783905	96
ATP6V1C1	0.32377108949122485	96
ATP6V1D	0.042621594309057716	96
ATP6V1E1	0.08801964283902901	96
ATP6V1F	-0.01580325289310485	96
ATP6V1G1	-0.039189088368749105	96
ATP6V1H	-0.12693643343844438	96
ATP8A1	0.41230093789298067	77
ATP8B1	0.6491745683528403	96
ATP9A	0.6273734472375391	96
ATPAF1	0.19265790589343512	96
ATPAF2	0.28506427198717743	89
ATPIF1	0.3390690387288972	96
ATRAID	0.2518747081329945	83
ATRN	0.2582431626480362	79
ATRX	0.4698126324740878	96
ATXN10	0.5409925018338733	96
ATXN2	0.07061756029542093	96
ATXN2L	-0.02153469459844963	96
ATXN3	0.3792698488221303	81
ATXN7L3B	0.10060408257207516	68
AUH	0.42606427901713456	96
AUP1	0.4934973328071405	96
AVEN	0.3812220233721159	93
AVL9	0.4913098181957221	96
AZGP1	0.13652857472607471	96
B2M	0.5466494845360825	96
B3GALT5	0.47192394716251856	68
B3GALT6	-0.03049986001318084	22
B3GAT3	0.15335204874972613	80
B3GLCT	0.39115315011171875	82
B3GNT3	0.6219313269228121	96
B3GNT6	0.6673387513526311	93
B3GNT7	0.5195698173023414	62
B4GALT1	0.21341246291905663	96
B4GALT3	0.27159796725014124	22
B4GALT4	0.4498121219112143	96
B4GALT7	0.3249156645466135	54
B4GAT1	0.10310819038585745	52
BABAM1	0.31859124359887414	96
BACH1	0.325068870523416	57
BAD	0.11077378403238389	49
BAG1	0.4971411905940762	96
BAG2	0.6365939350513024	96
BAG3	0.13184972164426406	96
BAG4	0.27647203935554693	44
BAG5	0.5537125901091989	96
BAG6	0.2460033777195295	96
BAIAP2	0.635771696133245	96
BAIAP2L1	0.5588247263384957	96
BAIAP2L2	0.3072567308461912	41
BAK1	0.30708256290698605	72
BANF1	0.17132741445654193	96
BASP1	0.4614200253271533	96
BAX	0.5205088292277781	96
BAZ1A	0.3089123650975216	68
BAZ1B	0.5542243036959131	96
BAZ2A	0.2126402408211608	77
BCAM	0.3473894833248743	96
BCAP29	0.27714821850557714	92
BCAP31	0.6349494874170473	96
BCAR1	-0.061438019491853235	86
BCAS1	0.7724243649355443	96
BCAS2	0.11964852546189533	96
BCAS3	0.4440281717442289	72
BCAT1	0.6938036159814074	56
BCAT2	0.4381856719175482	96
BCCIP	0.3090902924985981	96
BCKDHA	0.31944340830976525	96
BCKDHB	0.4127553650777226	96
BCKDK	0.25584242501333604	96
BCL10	0.385311642659315	96
BCL2L1	0.7483979305895044	90
BCL2L13	0.5207562526763785	96
BCL2L14	0.662724067667762	70
BCL2L15	0.6077558287444867	96
BCL2L2-PABPN1	-0.24755462237448267	20
BCL7C	0.07227784077833842	52
BCLAF1	0.058940029030506935	96
BCR	0.2237320898801672	96
BCS1L	0.4283519577371299	96
BDH1	0.6168152036788345	96
BDH2	0.43187113183800696	96
BECN1	0.0908571090580974	77
BET1	0.35805880496065823	78
BET1L	0.2189859255504174	96
BGN	0.5470965468030521	96
BICD2	0.18489326424593278	83
BID	0.44265914264847805	96
BIN1	0.6275083002722422	96
BIN2	0.4171955256308122	92
BIN3	0.20239285981683308	89
BIRC2	0.2540322580645161	32
BIRC6	0.11395259719048616	96
BLMH	0.3960999762698362	96
BLNK	0.45922276956759717	28
BLOC1S1	0.024241273244627094	96
BLOC1S2	0.35759571172897175	82
BLOC1S3	0.011586205399575325	82
BLOC1S4	-0.08545977364448894	91
BLOC1S5	0.03240795340194345	86
BLOC1S6	0.2156613697643641	91
BLVRA	0.6799142675988921	96
BLVRB	0.3237529377072468	96
BMP2K	0.20063893003572436	96
BMS1	0.19802896862829755	96
BNIP1	0.3510104894029346	58
BNIP2	0.3432703003337041	30
BOD1	0.3312938055876888	30
BOD1L1	0.10624805003758364	96
BOK	0.18823566456816596	83
BOLA1	0.19899206792600746	27
BOLA2	0.45021636213187927	96
BOLA3	0.42360356415437717	76
BOP1	0.6042038294878227	96
BORCS5	-0.1373734934509923	53
BORCS6	0.22479260949260582	69
BORCS7	0.4069143153907819	64
BPGM	0.11964133713521322	96
BPHL	0.6145764102884639	96
BPNT1	0.24923272056297202	96
BPTF	0.04730094927308561	83
BRAP	0.14230931369718205	93
BRAT1	0.2813196964518549	83
BRCC3	-0.07316270851956598	96
BRD1	-0.11237553342816499	37
BRD2	0.30133613841173373	93
BRD3	0.22551595632017318	86
BRD4	0.18472208091701434	96
BRD7	-0.0016768254341471194	71
BRD8	0.16444182994705642	51
BRD9	0.2666885587209881	40
BRE	0.2459745791507899	96
BRI3	0.16226774955382717	58
BRI3BP	0.5031771663893062	94
BRIX1	0.13401114387539273	96
BRK1	0.10376261127656108	96
BRMS1	0.11933664048580214	26
BRMS1L	0.411439735735225	21
BROX	0.4710961291941643	96
BRPF1	0.08249185332770874	59
BSDC1	0.5202004566016005	83
BSG	0.3528386412144201	96
BSPRY	0.6889448821073472	96
BST1	0.35826691620490564	96
BST2	0.8508700237775166	96
BTAF1	0.22123242194951828	89
BTD	0.21509843490790198	96
BTF3	0.375888088192408	96
BTF3L4	0.462044548142923	96
BTK	0.5429165108054881	62
BTN2A1	0.312745394140743	43
BTN3A3	0.3680260395823669	86
BUB3	0.016413790300270445	96
BUD13	0.09463754747657946	56
BUD23	0.5718517820229697	86
BUD31	0.28873929635350537	96
BYSL	0.2551778636454389	96
BZW1	0.270804437118299	96
BZW2	0.6134213257752201	96
C10ORF11	0.4813873103675373	60
C10ORF35	0.3600111049312458	52
C10ORF76	0.27884002335813024	96
C10ORF99	0.27446707691221883	85
C11ORF54	0.3402392249250458	96
C11ORF58	0.2565408628018971	96
C11ORF68	0.289355612354533	96
C11ORF96	0.44204878165437606	82
C11ORF98	0.16361509114125455	96
C12ORF10	0.2938283831702787	96
C12ORF29	0.0825302718548247	23
C12ORF4	0.060363302456375	49
C12ORF43	0.1700739612825942	24
C12ORF45	0.473626584122058	43
C12ORF57	0.04529845839364152	66
C12ORF75	0.6254940711462451	23
C14ORF1	0.3423474194940253	88
C14ORF159	0.1258914855050706	96
C14ORF166	0.21742020376666332	96
C14ORF2	0.005768663372581661	96
C15ORF38-AP3S2	0.26051981886470077	96
C15ORF40	0.27242399359959035	54
C15ORF48	0.6802297983032968	96
C15ORF52	0.35397017577977496	96
C16ORF58	0.5357013263187985	96
C16ORF62	0.7128085650473549	96
C16ORF70	-0.3014545011457219	36
C16ORF91	-0.05525601750581285	44
C17ORF49	0.46207221680396154	96
C17ORF58	-0.14661513324830938	90
C17ORF62	0.16988228443330106	96
C17ORF75	0.2804407396883836	96
C18ORF25	0.5256578310815124	31
C18ORF32	0.25408818682462125	96
C18ORF8	0.5653827165143389	91
C19ORF12	0.5348487455619876	33
C19ORF25	0.2622274222780018	96
C19ORF33	0.47165529269924045	91
C19ORF43	0.26643922488927474	96
C19ORF53	0.22322659046795484	88
C19ORF66	0.4135204987502831	96
C19ORF70	0.047396193658642484	96
C1D	-0.11635021319801811	56
C1GALT1	0.0552576868366342	38
C1ORF116	0.5310348672303924	91
C1ORF122	0.4172455451525219	43
C1ORF123	0.21495526786106864	96
C1ORF174	0.4271616204079132	50
C1ORF198	0.4649139821846883	93
C1ORF21	0.5936488584794315	40
C1ORF210	0.6685342127186568	35
C1ORF226	-0.03615384615384615	25
C1ORF27	0.12591818878861497	96
C1ORF35	0.4018750294847272	92
C1ORF50	-0.08960410018151682	83
C1QA	0.3419415006378289	96
C1QB	0.3416452171927445	96
C1QBP	0.43452605032031855	96
C1QC	0.40057515702436586	96
C1QTNF5	0.5347826086956522	24
C1R	0.4517960336267233	96
C1RL	0.20916789628552876	65
C1S	0.36087589064425907	96
C2	0.41240644467967974	96
C20ORF24	0.5910151130492498	74
C20ORF27	0.6499883322168841	88
C21ORF33	0.15776122845219695	96
C21ORF59	0.21289257167425585	85
C2CD5	0.4292220718972245	96
C2ORF49	0.02816328836803277	81
C2ORF69	0.24676441332172191	51
C2ORF72	0.2502319057632693	51
C2ORF88	0.4122899329015021	59
C3	0.24387630180654954	96
C3ORF38	0.1500516895369082	83
C3ORF58	0.3559885520842324	47
C4A	0.3994221202020393	96
C4B	0.28110841314843954	96
C4BPA	-0.14951378754746913	96
C4BPB	0.08645488200436127	96
C4ORF3	0.04859277144968181	71
C4ORF32	0.5867808330483062	64
C4ORF33	0.05363443922810982	31
C5	-0.056549062459572974	96
C5AR1	0.5872042837663133	65
C5ORF15	0.11504965622612681	34
C5ORF24	0.4674782108961108	50
C5ORF51	0.1727993281192588	70
C6ORF132	0.3267445806234496	46
C6ORF203	0.12777408503847962	96
C6ORF47	0.33806508942390817	74
C6ORF89	0.028643999067377267	52
C7	0.3102988703782464	96
C7ORF26	-0.07926742671775154	65
C7ORF50	0.41066014636760106	96
C7ORF73	0.02089215132693394	22
C8ORF33	0.5895238609630272	73
C8ORF82	0.36748272983960134	96
C9ORF142	0.33795136023978034	96
C9ORF40	0.025409373235460195	22
C9ORF64	0.49223381319793286	96
C9ORF78	0.28408807100712663	77
CA12	0.7575822323422221	96
CA13	0.6847954353567592	88
CA2	0.6980150509480364	96
CA4	0.5136409112472025	96
CA8	0.7542419266557197	28
CA9	0.7378014896701861	60
CAAP1	0.004480009580646677	67
CAB39	0.2595328205813979	96
CAB39L	0.6888851208495561	96
CACFD1	0.14260249617124496	40
CACNA2D1	0.6814424913274847	96
CACTIN	-0.15062694041190447	53
CACUL1	0.17990121967167297	53
CACYBP	0.5423098836229899	96
CAD	0.272745462494402	96
CADM1	0.5534625908104538	86
CADM4	0.01888695404715891	32
CADPS	0.8391557644779574	53
CALB2	0.8129608741060436	96
CALCOCO1	0.42570073139423154	85
CALCOCO2	0.2792853896982924	96
CALD1	0.6437585435549917	96
CALM2	0.24234511338765288	96
CALML4	0.48433893707806486	92
CALR	0.3997273430555373	96
CALU	0.3453451620421544	96
CAMK1	0.48377699251873624	96
CAMK1D	0.6948642123323067	96
CAMK2D	0.6287470031992439	96
CAMK2G	0.45575557405594097	96
CAMKK2	0.294103604678921	90
CAMKMT	0.5414743315772965	26
CAMLG	0.34155844155844156	21
CAMSAP3	0.1247303951520164	96
CAND1	0.4130950846897381	96
CANT1	0.7068733976478058	96
CANX	0.3405307334105482	96
CAP1	0.4088593773101664	96
CAP2	0.4960536461644706	96
CAPG	0.5538531450635403	96
CAPN1	0.39909926114023603	96
CAPN15	0.09232773363510877	48
CAPN2	0.6481334527055442	96
CAPN5	0.6171788628505261	96
CAPN6	0.5314757481940144	40
CAPN7	0.1828695068436559	96
CAPN9	0.6494692870556892	49
CAPNS1	0.17745824504458704	96
CAPRIN1	0.474357104829486	96
CAPS	0.4848876392910491	58
CAPZA1	0.36859811312628504	96
CAPZA2	0.09385703724518468	96
CAPZB	0.5183841234956074	96
CARD16	0.550000253134437	84
CARD19	0.070032640131551	93
CARHSP1	0.37305425368123335	96
CARM1	0.3600264523349273	96
CARMIL1	0.6501081818146375	96
CARNMT1	0.2232828718620281	61
CARS	0.4313803955614639	96
CARS2	0.6157341780020492	96
CASC3	-0.04358525726269221	75
CASC4	0.526365519802963	95
CASD1	0.4161138897140644	49
CASK	0.7236409267763124	96
CASKIN2	0.0450426905351221	41
CASP1	0.8839067401492118	96
CASP10	0.6411413806487265	96
CASP2	0.176571634279194	87
CASP3	0.3589903586939935	96
CASP4	0.4358871291904494	72
CASP5	0.03837471783295711	20
CASP6	0.42141532119397557	96
CASP7	0.5039237631185317	96
CASP8	0.45650330271865325	91
CASP9	0.12634806544392416	44
CAST	0.7574014665458265	96
CAT	0.15790330463242847	96
CAV1	0.43823848687775235	96
CAV2	0.39327922755416345	74
CBFB	0.3087195973900894	96
CBL	0.27383100235311164	96
CBLB	0.16374563572131168	64
CBLL1	-0.046375585890585096	44
CBR1	0.2736207388719501	96
CBR3	0.44536507119107394	96
CBR4	0.17104428716384465	96
CBWD1	0.29956976862359835	81
CBX1	0.07638516790925055	96
CBX3	0.05993726156012137	96
CBX5	0.4775973629593457	96
CBX8	0.3944692315028405	93
CC2D1A	0.3263077575412622	96
CC2D1B	0.36672002390883174	96
CCAR1	0.2650532948666865	96
CCAR2	0.7234106771027625	96
CCDC115	-0.2951883936958565	66
CCDC117	0.23399014778325114	29
CCDC12	0.2089305167924749	79
CCDC124	0.3658127136914812	96
CCDC126	0.35037593984962395	20
CCDC127	0.17993762828453586	84
CCDC134	0.6103481904094219	93
CCDC137	0.27221829002890763	36
CCDC186	0.4660339273476514	87
CCDC22	-0.0424251878937439	96
CCDC25	0.5090631623598583	96
CCDC28A	0.2542849793899276	72
CCDC43	0.3732540891949436	84
CCDC47	0.42940907170225695	96
CCDC50	0.4441678677431222	96
CCDC51	0.08210736935675933	96
CCDC58	0.21782184933726742	96
CCDC6	0.2501398897852451	96
CCDC61	-0.07309400569262657	46
CCDC69	-0.02846585492648807	28
CCDC80	0.6317895940537449	54
CCDC86	0.3565280501033152	96
CCDC88B	0.3691026827012026	46
CCDC9	0.07011415517531273	96
CCDC90B	0.05815430653235209	81
CCDC91	0.47369112608943376	91
CCDC93	0.015470962272238181	96
CCDC94	0.3005641744867002	79
CCDC97	0.18904978303229533	59
CCL15	0.33	25
CCL18	0.34935064935064936	21
CCL20	0.2841169473943496	32
CCL21	0.6320064299085704	96
CCL24	0.6277823783848162	67
CCM2	0.3226431637131247	58
CCNB1	0.5584411011606816	44
CCNH	0.23286933809302474	58
CCNK	0.11581935274429163	96
CCNL1	0.35977176740428995	41
CCNT1	0.11209154158849279	85
CCNY	-0.017197446157664505	68
CCNYL1	0.41166493468631776	38
CCPG1	0.34090909090909094	33
CCS	0.061396487822468815	96
CCT2	0.18404899653839318	96
CCT3	0.23888766429886105	96
CCT4	0.16900892594182182	96
CCT5	0.15319607837280583	96
CCT6A	0.18329676442312293	96
CCT7	0.17063501484562613	96
CCT8	0.3894654024422679	96
CCZ1	0.08346418240012185	96
CD109	0.596186781279478	96
CD14	0.6335590771781939	96
CD151	0.3707765716620974	96
CD163	0.5734681696713195	96
CD163L1	0.38439673932732005	80
CD164	0.06232686980609418	62
CD177	0.20129013482387384	96
CD180	0.20378529199519213	44
CD2	0.654221578414825	76
CD200	0.35839822024471635	30
CD209	0.4583156432188546	86
CD248	0.4110299829217434	96
CD276	0.3327330871325669	96
CD2AP	0.5820751773760766	96
CD2BP2	0.1430499599864697	96
CD300A	0.7265374803235086	48
CD34	0.27082902345296744	96
CD36	0.4862138900664261	96
CD38	0.6367499485776745	96
CD3E	0.5933223864258347	28
CD3EAP	0.48621291348123813	94
CD4	0.4001450561797677	68
CD40	0.7358108753434844	38
CD44	0.541695775157098	96
CD46	0.5529201907356608	96
CD47	0.3575863834772001	96
CD48	0.38042908664961006	92
CD5	0.37621013032919437	73
CD53	0.48728919499563345	86
CD55	0.4001315798490016	96
CD58	0.1630237365985406	66
CD59	0.30202320960549267	96
CD63	0.1434913098976947	96
CD68	0.24578094932003072	43
CD74	0.620857580870752	96
CD81	0.2928213893364875	96
CD82	0.42753656705989795	92
CD8A	0.8019658874348022	47
CD9	0.4048399841499273	96
CD93	0.15884067815799155	86
CD99	0.3993244663986748	96
CD99L2	0.25359682103319897	71
CDA	0.35794972713364864	91
CDC123	0.1523634345171367	82
CDC16	0.5176395581916451	96
CDC23	-0.054229842982774216	92
CDC26	0.45658003351175747	38
CDC27	0.5074201184351337	96
CDC34	0.42246642246642246	27
CDC37	0.47259507460423306	96
CDC37L1	0.3335684211630495	54
CDC40	0.3906853552477942	96
CDC42	0.22740251901309136	96
CDC42BPA	0.4944938079568549	92
CDC42BPB	0.2597769910063892	96
CDC42BPG	0.34870023760758473	46
CDC42EP1	0.25644634870064514	90
CDC42EP4	0.15516042718077486	96
CDC42EP5	0.41138786694467616	86
CDC42SE1	0.425248408921379	64
CDC42SE2	0.3407430048070243	60
CDC5L	0.1383036086793658	96
CDC73	0.31168355512864393	96
CDCA5	0.4012870012870014	36
CDCP1	0.25976135963367386	88
CDH1	0.28467074074934784	96
CDH11	0.5976274773262437	96
CDH13	0.38391991163492073	96
CDH17	0.7259408976082438	96
CDH3	0.3771972836478824	35
CDH5	0.3906463576948168	39
CDHR5	0.4012686853028268	94
CDIPT	0.37726878103909117	96
CDK1	0.5270538363743745	96
CDK11A	0.007524454477050413	20
CDK11B	0.4333943771931344	96
CDK12	0.17898150269337368	69
CDK13	0.136310453497489	82
CDK16	0.31428571428571433	21
CDK18	-0.03645769211050724	29
CDK2	0.37814939736722847	86
CDK4	0.2456073292976129	91
CDK5	0.6558716401494268	96
CDK5RAP1	0.44823067069206063	31
CDK5RAP3	0.10243019053147771	96
CDK6	0.48474858355914835	91
CDK7	0.3103808814509428	75
CDK8	0.25362903225806455	31
CDK9	0.05212395802953126	96
CDKAL1	0.4227233718208712	81
CDKN1B	0.23573911347182186	91
CDKN2AIP	0.4297230297488786	96
CDKN2AIPNL	0.12886058822388283	58
CDKN2C	0.11780203878463602	89
CDS1	0.4460897269579838	62
CDS2	0.4853752581612775	96
CDV3	0.3600779991542537	96
CDX1	0.6074328740443529	37
CDX2	0.6587077635541898	89
CDYL	0.2362552635074622	60
CEACAM1	0.36766945086161923	96
CEACAM5	0.38262494457505564	96
CEACAM6	0.5060406466838083	88
CEACAM7	0.690553061602538	96
CEBPB	0.20259022994871492	73
CEBPG	0.25213320244657556	43
CEBPZ	0.16450304535165883	96
CEL	0.6364163084460335	36
CELF1	0.2949443155835011	96
CELF2	0.4971580889335034	96
CEMIP	0.6754290148313948	44
CENPB	0.4438234669000069	84
CENPC	0.09215519183105876	72
CENPV	0.4022410029018152	96
CENPX	0.2516324544369923	55
CEP170	0.6426066726953157	96
CEP170B	0.12753537983766786	95
CEP41	0.28594555489578266	79
CEP44	0.12391673144787625	46
CEP55	0.5956479690573259	21
CEPT1	0.41223569309266306	96
CERS2	0.42070387094427064	78
CERS6	0.4867875771116025	96
CES1	0.7565693976848952	96
CES2	0.8178072302201802	96
CES3	0.5076473341622951	96
CETN2	0.1891093574619949	96
CETN3	0.25889328063241107	23
CFAP20	0.15933481798250942	93
CFAP36	0.46871472343170456	53
CFB	-0.014955337461938275	96
CFD	0.32688081609042946	96
CFDP1	0.38810921153355443	87
CFH	0.2865088139406773	96
CFI	0.2789656634183062	96
CFL1	0.19810837665732692	96
CFL2	0.6796987080083314	96
CFP	0.15730005938566388	96
CGGBP1	0.10912457525234703	96
CGN	0.4902450190786987	96
CGREF1	0.48453645368025805	63
CHAF1B	0.5077636620286348	31
CHAMP1	0.21482468724935277	96
CHCHD1	-0.23700506661662604	40
CHCHD10	0.48514609730083075	96
CHCHD2	0.07670969011089428	96
CHCHD3	0.25567443832279285	96
CHCHD4	0.1504557130182987	94
CHCHD6	0.0998399305553213	96
CHCHD7	0.06180977171361238	47
CHD1	0.3847393957273074	73
CHD1L	0.3768442650054358	88
CHD2	0.3603666106769882	79
CHD3	-0.08543476739903368	90
CHD4	0.30728274694256663	96
CHD8	0.10844271598630033	57
CHDH	0.6747559975389702	96
CHEK2	0.35152378967312736	71
CHERP	0.13678477443890844	96
CHI3L1	0.46144547987434376	62
CHID1	0.5505451462515762	96
CHIT1	-0.015810276679841896	23
CHKB	0.2083934826740291	86
CHL1	0.4154943907486492	96
CHM	0.3200553094780691	72
CHMP1A	0.6379812599866446	96
CHMP1B	0.45808195392856155	96
CHMP2A	0.22285902257679607	96
CHMP2B	0.3709541767616597	96
CHMP3	0.41866837593726053	96
CHMP4A	0.41191132634300315	96
CHMP4B	0.6604923409085128	96
CHMP4C	0.4197392369693149	64
CHMP5	0.27159120583885704	96
CHMP6	0.24837044644227133	96
CHMP7	0.5153525283394687	96
CHORDC1	0.5676342018460914	96
CHP1	0.20509568397375816	96
CHP2	0.3910648598876774	54
CHPF2	-0.105629610940902	55
CHRAC1	0.3410381406281777	79
CHRDL1	0.573076923076923	25
CHRDL2	0.1620807802661776	28
CHTF18	0.25615512191013395	49
CHTOP	0.07944313499809201	96
CHUK	0.43863480677136774	96
CIAO1	0.08405088361320627	96
CIAPIN1	0.4175269269377899	96
CIB1	0.07735428670303605	96
CILP	0.6772932150384718	96
CIR1	0.4126290569530276	44
CIRBP	0.4655685779785402	96
CISD1	0.17736569550854694	96
CISD2	0.4315373946934248	96
CISD3	0.13902840188518367	96
CIZ1	0.04411859283555213	72
CKAP2	0.1609022556390977	20
CKAP4	0.7025617373964825	96
CKAP5	0.346189715670013	96
CKB	0.4234848053556176	96
CKMT1A	0.716757497350419	96
CKMT2	0.7501539152054781	85
CKS1B	0.5503952569169961	23
CLASP1	-0.06421660557106856	96
CLASP2	0.14242063534483446	96
CLASRP	-0.10390202908506359	50
CLC	0.532968765853132	96
CLCA1	0.6342133469523967	96
CLCA4	0.48680584210255035	85
CLCC1	0.27938563175744	96
CLCN3	0.25793046885679133	87
CLCN7	0.25817245817245815	36
CLDN3	0.5567997612700049	96
CLDN4	0.3021835742492842	70
CLDN7	0.27777966187916364	96
CLDND1	0.40076923076923077	25
CLEC11A	0.6559416061391011	50
CLEC16A	0.040911887370946656	56
CLEC3B	0.03500400207301353	96
CLIC1	0.3999593054801953	96
CLIC2	0.450196190149333	96
CLIC3	0.5290557870011249	31
CLIC4	0.5274113362257515	96
CLIC5	0.7161770790235831	96
CLINT1	0.6702862549508323	96
CLIP1	0.611609065601249	96
CLIP2	0.4254034787882286	96
CLK3	0.27106227106227104	27
CLMN	0.615126358212171	96
CLN5	0.31596528651693717	96
CLN6	0.23286928702837617	61
CLNS1A	0.22187821728135693	93
CLP1	-0.18670627968505785	87
CLPB	0.43692833651441165	96
CLPP	0.2396904420040951	96
CLPTM1	-0.08044873862361594	96
CLPTM1L	0.27353685252884247	96
CLPX	0.27849672404671794	96
CLRN3	0.6207505904995189	70
CLSTN1	0.05572795240774981	72
CLTA	0.1278490499500364	96
CLTB	0.4807004930963325	96
CLTC	0.5304973582417071	96
CLU	0.4088044982605708	96
CLUH	0.14184315387957785	96
CLYBL	0.6958412042561812	96
CMAS	0.40895556806543726	96
CMBL	0.7848788114169617	96
CMC1	0.15026914971276162	92
CMC2	0.17846327062939846	96
CMC4	0.41342529022007873	59
CMIP	-0.023507090719184838	72
CMPK1	0.5979279356518752	96
CMPK2	0.3971457967439813	95
CMSS1	0.39026435154340056	71
CMTM4	0.6242703981037059	87
CMTM6	0.2063750181964887	61
CMTR1	0.383975989419066	96
CNBP	0.14754576468912567	96
CNDP2	0.2665680934969106	96
CNIH4	0.15047206925066595	96
CNN1	0.7261729946258013	96
CNN2	0.2763069097472247	96
CNN3	0.44834660996802156	96
CNNM3	0.15404356092048432	86
CNNM4	0.281120493783385	96
CNOT1	0.30762083047906835	96
CNOT10	0.03351985621475966	96
CNOT11	0.09300921750484399	96
CNOT2	0.06201017946384375	88
CNOT3	0.05316168940076295	96
CNOT4	0.13963551448322875	64
CNOT7	0.1725460823179086	69
CNOT9	0.30151656968368074	96
CNP	0.5776893781423853	96
CNPY2	0.308349950494755	96
CNPY3	0.5698201253425215	96
CNPY4	0.5199335144665711	62
CNRIP1	0.3542339214986758	71
COA3	0.2641078163274982	96
COA4	0.15960367217429913	89
COA5	0.32278492454841695	94
COA6	0.180206393948412	96
COA7	0.2732128688752075	96
COASY	0.46473748109361973	96
COBL	0.4047723422150508	59
COBLL1	0.305514730567513	93
COG1	0.3007565969095508	96
COG2	0.4655005188763922	96
COG3	0.604457466923042	96
COG4	0.3866206807876617	96
COG5	0.1988198389159377	96
COG6	0.1415897691556707	96
COG7	0.3090462060354939	96
COG8	0.19196410424146057	96
COIL	0.4205639173239411	96
COL10A1	0.6882212641965879	92
COL11A1	0.48521886582856694	92
COL12A1	0.4522344834238813	96
COL14A1	0.4874268758200542	96
COL15A1	0.4171414425046461	96
COL16A1	0.5517271783880573	96
COL17A1	0.7342814190974549	72
COL18A1	0.25988388261346435	96
COL1A1	0.2973772204166366	96
COL1A2	0.38186060406359423	96
COL3A1	0.36561130781236784	96
COL4A1	0.2938872403577731	96
COL4A2	0.188677197735707	96
COL4A3BP	0.6771706949857675	96
COL5A1	0.31613378010993526	96
COL5A2	0.5213769996646073	96
COL5A3	0.1868579474371258	96
COL6A1	0.22891860459736474	96
COL6A2	0.29148622301774096	96
COL6A3	0.21123350126693424	96
COL7A1	0.16884602878794325	90
COL8A1	0.3541854645253363	89
COLEC12	0.5021771230400495	86
COLGALT1	0.579860887380441	96
COMMD1	0.2998924946763239	96
COMMD10	0.11572377470639818	68
COMMD2	-0.14170996698904653	60
COMMD3	0.1468453074151874	82
COMMD3-BMI1	0.23312485047880488	76
COMMD4	-0.013761763459171973	96
COMMD5	-0.037500626532804775	87
COMMD6	-0.06299068401640646	96
COMMD7	0.11315389615094898	85
COMMD8	0.17323448820064272	96
COMMD9	-0.02653282691264243	96
COMP	0.8429059121601173	94
COMT	0.6607907703928093	96
COMTD1	0.30266999930527855	96
COPA	0.36635614173228437	96
COPB1	0.3720864773230384	96
COPB2	0.3242198363361685	96
COPE	0.12163715718827259	96
COPG1	0.18884804254483603	96
COPG2	0.5243957445974972	96
COPS2	0.2307094918842729	96
COPS3	0.4406929108223229	96
COPS4	0.1733486167012885	96
COPS5	-0.26654367503230897	96
COPS6	0.022908322623620508	96
COPS7A	-0.04646793502328203	96
COPS7B	0.34912926256194576	96
COPS8	0.06931821265457769	96
COPZ1	0.38576893338216744	96
COPZ2	0.6396428176178156	96
COQ10B	-0.005045778746112835	78
COQ3	0.1776394103931562	96
COQ5	0.058438519504589635	96
COQ6	0.31988319405998883	96
COQ7	0.10205486666238525	96
COQ8A	0.6656651021613275	96
COQ8B	0.3937414747668774	92
COQ9	0.1898899876601959	96
CORO1A	0.4368774989088432	96
CORO1B	0.5252750308604295	96
CORO1C	0.48967846745761107	96
CORO2A	0.6238969865094922	96
COTL1	0.6719954421712763	96
COX11	0.34394235817761304	68
COX14	0.12709359605911327	29
COX15	0.30745231030274295	96
COX17	0.1302526850729689	96
COX18	0.5263913025654551	43
COX19	0.034739807127549045	75
COX20	0.44276318071280846	92
COX4I1	0.15523293083089254	96
COX5A	0.04791150208419524	96
COX5B	0.06094087006624252	96
COX6A1	-0.042078418872501154	96
COX6B1	0.07389496673370408	96
COX6C	0.021581733524722323	96
COX7A1	0.54309986823685	43
COX7A2	-0.07772498668963178	96
COX7A2L	0.1472541186524597	96
COX7B	-0.10368531538796477	96
COX7C	0.023060540703976024	96
COX8A	-0.20033301795088726	96
CP	0.08273813166846118	96
CPA3	0.38387842860631055	96
CPD	0.6863041664846304	96
CPE	0.30075187969924805	20
CPM	0.3472875999470947	96
CPNE1	0.7130885968671781	96
CPNE2	0.29663807447429646	90
CPNE3	0.39188543021660016	96
CPOX	0.5933992145797867	96
CPPED1	0.46262157652708263	96
CPQ	0.26916100275239196	65
CPSF1	0.34412992536068776	96
CPSF2	0.13921389086716182	96
CPSF3	0.4030026384150519	96
CPSF4	-0.07054123441391569	96
CPSF6	0.2094353763983199	96
CPSF7	0.3367867740587404	96
CPT1A	0.7310284019702888	96
CPT2	0.556872134401056	96
CPTP	0.21562083310855748	30
CPVL	0.4013741556027342	96
CPXM2	0.17121524769338264	36
CPZ	0.4276417280093425	46
CRABP2	0.7242120036769184	59
CRACR2A	0.4958865977073144	84
CRADD	0.3089706068324534	96
CRAT	0.7117189831520117	96
CRBN	0.13865583266072967	96
CRCP	-0.037711564528827395	36
CREB1	0.19417106968168432	96
CREBBP	-0.13496188103081408	64
CREG1	0.110893331696286	41
CRELD1	0.592513209512693	96
CRELD2	0.3354382946695965	96
CRIP1	0.7939378113631997	96
CRIP2	0.4372556135948613	96
CRIPT	0.019433420190198582	28
CRISPLD2	0.2859880659535796	41
CRK	0.5904759320930296	96
CRKL	0.2496583298136836	96
CRLF3	0.4479861903363834	96
CRNKL1	0.43855871132087715	96
CROCC	0.04922220903192358	92
CROT	0.4054553933111	92
CRTAP	0.19957541475519755	96
CRTC1	-0.035413599149337754	43
CRTC2	0.0786459235293252	26
CRTC3	0.10944759959740016	62
CRYAB	0.6070719987602058	96
CRYL1	0.645883849092311	96
CRYM	0.6387306813069443	84
CRYZ	0.6112644722971369	96
CRYZL1	0.2123298357300811	96
CS	0.34782077890367485	96
CSDE1	0.24040965816603363	96
CSE1L	0.5436756896197324	96
CSF1R	0.10285961250533839	50
CSK	0.41009536485649456	96
CSNK1A1	0.18317348780214338	96
CSNK1D	-0.00569626408491004	60
CSNK1G1	0.1620142309797482	28
CSNK1G3	0.20364725196768843	55
CSNK2A1	0.6398822545745648	96
CSNK2A2	0.3964038512872954	96
CSNK2B	0.10617452259657655	96
CSRP1	0.5252844528866161	96
CSRP2	0.14449855536885062	96
CST1	0.5810276679841898	22
CST3	0.5125257315609908	96
CSTA	0.4235887420741326	35
CSTB	0.3844056484759696	96
CSTF1	0.25836710470686935	96
CSTF2	0.4654009984370989	96
CSTF2T	0.0564520208407102	78
CSTF3	-0.018543576389788426	96
CTBP1	-0.01205967436173071	96
CTBP2	0.5636742223979678	96
CTBS	0.16311336100813156	87
CTCF	0.32447189129065795	96
CTDP1	0.38516881278639825	88
CTDSP1	0.14558320495984617	71
CTDSPL2	0.4521229525708291	80
CTGF	0.7892709592854872	35
CTH	0.6420090311126431	91
CTHRC1	0.7499991522219432	96
CTIF	0.23305042152145863	53
CTNNA1	0.22111517305970507	96
CTNNAL1	0.1461840918811264	31
CTNNB1	0.3376944885618418	96
CTNNBIP1	0.12549407114624506	23
CTNNBL1	0.62367655337534	96
CTNND1	0.33817155809139837	96
CTPS1	0.3130678369200483	96
CTPS2	0.750627390867902	96
CTR9	0.052443449660605775	96
CTSA	0.5674075380457289	96
CTSB	0.5056701030927835	96
CTSC	0.37339763155540834	96
CTSD	0.4004367982723917	96
CTSE	0.6909740399111284	41
CTSG	0.16764576400501396	96
CTSH	0.4382640897755442	96
CTSK	0.536874183749691	82
CTSL	0.47585732114273305	96
CTSS	0.5175785158147247	96
CTSZ	0.40697106584137444	96
CTTN	0.23404731546687985	96
CTTNBP2NL	0.17874196261839828	96
CTU1	-0.018849779152303788	25
CTU2	0.12787840907800327	91
CUEDC1	-0.2100092279053166	48
CUL1	0.32922081446265833	96
CUL2	0.2091117811139941	96
CUL3	0.1316774736186994	96
CUL4A	0.5671812367838052	96
CUL4B	0.5643427362325186	96
CUL5	0.1823299601224826	96
CUTA	0.3795629349373106	96
CUTC	0.44041224233432363	70
CUX1	0.19987520093787742	96
CWC15	0.17349503006478786	96
CWC22	0.058450193904934826	91
CWC25	-0.07536428645075145	73
CWC27	0.1994448981482082	82
CWF19L1	0.20517394578274467	96
CXADR	0.6871112799349572	96
CXCL1	0.509090909090909	21
CXCL12	0.5536901195900935	86
CXCL14	0.685830285556314	72
CXCL5	0.7617165443252402	22
CXCL8	0.7523395721925135	33
CXORF38	0.5473463257183534	90
CXORF56	0.468298587332176	91
CXXC1	0.04840683597466987	65
CYB5A	0.43897244595419876	96
CYB5B	0.5041644623618725	96
CYB5R1	0.5642695334036216	96
CYB5R2	0.7137697771057575	91
CYB5R3	0.47583907866943453	96
CYB5R4	0.2107570330112399	54
CYBA	0.3373858430087326	96
CYBB	0.408251576083222	96
CYBRD1	0.38809041380834725	95
CYC1	0.3877452743330003	96
CYCS	0.2533581570760536	96
CYFIP1	0.3115093226259352	96
CYFIP2	0.23222012866467467	92
CYGB	0.5073134671024196	96
CYHR1	0.2174780772044932	53
CYLD	0.23591836734693877	50
CYP20A1	0.40659635140916106	96
CYP27A1	0.7825851042181804	96
CYP2S1	0.5755416665286743	96
CYP2W1	0.836671810981744	35
CYP3A5	0.5805668016194333	39
CYP4F11	0.21334073548604518	46
CYP4F12	0.3470307250839866	70
CYP4F3	0.28042030332621787	40
CYP51A1	0.6338010974175717	96
CYP7B1	0.6153781566879817	83
CYR61	0.5188178587462573	79
CYSTM1	0.6084623949792489	39
CYTH1	0.26493286833238505	44
CYTH2	0.04472132634192441	30
D2HGDH	0.30333476036793716	90
DAAM1	0.21711912658660087	58
DAB2	0.6254082266823743	96
DAB2IP	0.19162118913021267	93
DACH1	0.5980612244897958	49
DAD1	0.038069852380347706	96
DAG1	-0.30293041411222343	96
DAGLB	0.08666321098601652	74
DAP	0.3974212889577162	96
DAP3	0.05365608828057705	96
DAPK2	0.7211569766528029	96
DAPK3	0.12132927738529344	96
DARS	0.3478818215194167	96
DARS2	0.606106336943915	96
DAXX	0.5482216813606817	78
DAZAP1	0.11605595593020673	96
DAZAP2	0.41099001782532363	68
DBI	0.10924517936231255	96
DBN1	0.5602316890503861	96
DBNL	0.3850695551408797	96
DBR1	0.2629179954705645	96
DBT	0.42890038157925037	96
DCAF1	0.3482380325373656	93
DCAF11	0.21416684755774923	72
DCAF13	0.1925560416631877	96
DCAF7	0.04527311387694156	96
DCAF8	0.2958867037690861	96
DCAKD	0.3640768774441269	91
DCK	0.36290175829714866	95
DCN	0.5810628415862199	96
DCP1A	0.08854968562843792	96
DCP1B	0.0914025778760163	85
DCPS	0.45104708978433317	96
DCTD	0.6876066130071838	96
DCTN1	-0.11465914257275697	96
DCTN2	0.3219676801710917	96
DCTN3	-0.10615813505301236	96
DCTN4	0.012785815559521995	96
DCTN5	0.08709880898275532	96
DCTN6	0.33551618658232213	96
DCTPP1	0.37857818685681605	96
DCUN1D1	0.3663250495467137	96
DCUN1D3	0.6189487166885637	75
DCUN1D5	0.14426037951726572	79
DCXR	0.147968284772528	96
DDA1	0.2911503982740146	62
DDAH1	0.2596431018053848	96
DDAH2	0.80172004505432	96
DDB1	0.32492980100109886	96
DDB2	0.6921248172920089	96
DDC	0.543558585102486	91
DDHD2	0.22472249240222772	71
DDI2	0.15183343742622515	96
DDOST	0.19662290725828174	96
DDR1	0.3849222421006245	84
DDRGK1	0.2535074183990839	96
DDT	0.25014921729325496	96
DDX1	0.1875004239271246	96
DDX10	0.24984462656712117	90
DDX17	0.20302093085062184	96
DDX18	0.22219433866795585	96
DDX19A	0.23506530063922842	96
DDX19B	0.5506524865532821	96
DDX20	0.1617647625769825	92
DDX21	0.42528240590649685	96
DDX23	0.1940691302466943	96
DDX24	0.2515752704813151	96
DDX27	0.8092147207825952	96
DDX28	0.06269373476689713	96
DDX31	0.30190299910158686	68
DDX39A	0.44606243938171036	96
DDX39B	0.2516693741824945	96
DDX3X	0.4994930055136819	96
DDX41	0.17160733767760714	94
DDX42	0.31242496795959984	96
DDX46	0.42043042116770685	96
DDX47	0.28387910692547597	96
DDX49	0.11513078756725234	86
DDX5	0.29908741611080947	96
DDX50	0.22277387217359212	96
DDX51	0.2716554714553545	91
DDX52	0.30062061250095307	96
DDX54	0.34293863100710154	96
DDX55	0.1514412194623936	71
DDX56	0.44574558279919974	96
DDX58	0.4911250229024298	96
DDX59	0.4311848242194742	26
DDX6	0.1732598558800986	96
DDX60	0.779118072963714	96
DECR1	0.35971608501378527	96
DECR2	0.5882747933790207	96
DEF6	0.43162217800646047	96
DEFA5	0.4323486854305691	86
DEFA6	0.4731747395440388	96
DEGS1	0.285427807486631	33
DEK	0.15446387998103503	96
DENND1A	0.10408428789835557	49
DENND2D	0.7162914684007669	96
DENND3	0.34153219711967814	78
DENND4C	0.6126053412779949	96
DENND6A	0.17493961522983864	48
DENR	0.26310131411766385	96
DEPTOR	0.5612690242343678	93
DERA	0.10357749660080387	96
DERL1	0.5527408131002488	96
DERL3	0.45228588820380256	61
DES	0.6591086363675128	96
DFFA	0.44014121555777763	96
DFFB	0.381600480845953	67
DFNA5	0.5082465214855206	66
DGAT1	0.49025373523806454	94
DGCR14	0.7004625131957034	37
DGKA	0.4685282906357349	96
DGKQ	0.2286668702878208	39
DGUOK	0.007388473010527256	79
DHCR24	0.6121785959079757	96
DHCR7	0.6422631886093008	96
DHFR	0.491843913483889	87
DHODH	0.3760191849720261	96
DHPS	0.3623783283503015	81
DHRS1	0.6442168452969455	96
DHRS11	0.44699813826959384	96
DHRS3	0.29421003281762775	80
DHRS4	0.38301512380942576	92
DHRS4L2	-0.050415145899512	52
DHRS7	0.5048868662121117	96
DHRS7B	0.40269539768199475	96
DHRS9	0.6360392179680546	90
DHTKD1	0.29446545892645726	91
DHX15	0.11853836371957263	96
DHX16	0.35903714153937977	96
DHX29	0.3802411861256935	96
DHX30	0.3535962939997883	96
DHX32	0.5600912162642241	71
DHX33	0.2899650292569257	37
DHX35	0.1225296442687747	22
DHX36	0.6081723595882281	96
DHX37	0.23077312494606586	84
DHX38	0.2596457435138141	96
DHX57	0.2080818021584514	63
DHX8	0.15611319575479546	85
DHX9	0.19937126328280105	96
DIABLO	-0.11200037983355128	96
DIAPH1	0.3254564693150485	96
DIAPH2	0.7465934141155612	96
DICER1	0.16252404705561893	89
DIDO1	0.43246414564348934	96
DIEXF	0.41443491412169814	73
DIMT1	0.5004052676005718	96
DIP2A	0.24189752529178019	58
DIP2B	0.19229230111844384	96
DIP2C	0.42887075286874327	67
DIS3	0.42662244514096764	96
DIS3L2	0.1035576206252475	96
DKC1	0.3753064816437806	96
DLAT	0.3600453074872658	96
DLD	0.3513508930801982	96
DLG1	0.48743183487487524	96
DLG3	0.4519044914779069	88
DLG4	-0.13305795122762473	65
DLGAP4	0.23661132136898225	96
DLST	0.41589544117156246	96
DMAP1	0.0919954524181321	86
DMBT1	0.7149562185882785	96
DMD	0.5554217811141121	96
DMPK	0.3190906853697552	58
DMTN	0.3012556047120614	93
DNAAF5	0.5996615492127689	96
DNAJA1	0.40850114285491174	96
DNAJA2	0.48786955962570605	96
DNAJA3	0.5484771308320296	96
DNAJA4	0.5314997880732889	96
DNAJB1	0.29982127670653813	96
DNAJB11	0.46110073013758907	96
DNAJB12	0.20797837707765585	96
DNAJB14	0.3862428893913887	66
DNAJB2	0.2763001814135493	93
DNAJB4	0.5134450447180275	96
DNAJB5	0.6100537211524879	96
DNAJB6	0.31549425694379224	96
DNAJC1	0.6365803699792812	96
DNAJC10	0.4371674394441061	96
DNAJC11	0.31945113318999585	96
DNAJC13	0.13641296607803333	96
DNAJC15	0.29792336343691006	49
DNAJC16	0.41050831833176227	48
DNAJC17	0.5218517910741818	96
DNAJC19	0.12610852807891476	96
DNAJC2	0.49478421291805996	96
DNAJC21	0.4111456191924978	70
DNAJC25	0.4063481516968289	70
DNAJC3	0.6278456973329872	96
DNAJC30	0.4018828784621223	61
DNAJC5	0.33368489234686266	96
DNAJC7	0.5667641095335533	96
DNAJC8	0.2920792750752869	96
DNAJC9	0.4981754919050171	96
DNASE2	0.3966046400206615	96
DNM1	0.0221599696632629	96
DNM1L	0.3041306338456364	96
DNM2	0.3222473175165154	96
DNMBP	0.1438908796670905	92
DNMT1	0.2733487974669149	96
DNPEP	0.38408139043954675	96
DNPH1	0.06772113908411066	96
DNTTIP1	0.16297698015811862	96
DNTTIP2	0.13480406323151173	94
DOCK1	0.41973893491927505	96
DOCK10	0.3564088339409309	88
DOCK11	0.4581312696375649	96
DOCK2	0.4916336012932422	96
DOCK5	0.42954628651362325	92
DOCK6	0.3485114132353183	96
DOCK7	0.23345406205178926	96
DOCK8	0.3821497602953975	88
DOCK9	0.5417980805599055	96
DOHH	0.16176579578196132	90
DOK1	0.25191784668542533	96
DOK2	0.5157200370956851	83
DOK3	0.45857356002275196	53
DOLPP1	0.4616470479884146	73
DOPEY2	0.3414939363520442	96
DPAGT1	0.3467107985185252	96
DPCD	0.5473955847126304	63
DPEP1	0.7393573549176499	96
DPF2	-0.128201476008394	96
DPH1	0.1528554422149873	55
DPH2	0.3479358428837643	87
DPH5	0.215886811500342	35
DPH6	0.5674705059905315	26
DPM1	-0.041773632901299936	96
DPM3	0.1470125413034687	96
DPP3	0.2891210792459474	96
DPP4	0.6863912875264444	90
DPP7	0.17597167632707328	96
DPP9	0.20066876022084362	96
DPT	0.2555076240006456	96
DPY19L1	0.27702519891229044	55
DPY30	0.1350140568998482	96
DPYD	0.5292162648068283	96
DPYSL2	0.4471454006577528	96
DPYSL3	0.6807789089733833	96
DR1	0.2680991332196365	96
DRAP1	0.19693157077260123	96
DRG1	0.22081899109919265	96
DRG2	0.31376352795715107	96
DSC2	0.6586903515341269	96
DSCC1	0.5259532185399589	63
DSCR3	0.034757176215684984	86
DSG2	0.5993210728575515	96
DSN1	0.18871736230226796	54
DSP	0.514363616042789	96
DST	0.4173700720860343	96
DSTN	0.48303624793018235	96
DTD1	0.35485868413043253	83
DTNA	0.5829896627640422	96
DTNBP1	0.2553406289745864	92
DTWD2	0.49244884089707774	43
DTX3L	0.5677088102368227	96
DTYMK	0.4462614286979667	96
DUOX2	0.6283914943250313	78
DUS1L	0.17368679721634467	47
DUS2	0.25490552388623616	80
DUS3L	0.35010853254110735	88
DUSP11	0.2741233104493479	34
DUSP12	0.5241707072701923	63
DUSP22	0.42585340302093605	46
DUSP23	0.21036174895754003	96
DUSP3	0.4588082488657236	96
DUT	0.5619601526361201	96
DVL2	0.4201178440566614	52
DVL3	0.09520893935552444	49
DYM	0.15966937374119816	89
DYNC1H1	0.2620898275945741	96
DYNC1I2	0.21332962557392313	96
DYNC1LI1	0.3686918186201921	96
DYNC1LI2	0.22509198813185816	96
DYNLL1	0.27413277988756346	96
DYNLL2	0.5195968379447469	96
DYNLRB1	0.13672773146860737	96
DYNLT1	0.08894337562323718	96
DYNLT3	0.5412977076328293	73
DYRK1A	0.18726779931563392	61
DYSF	0.309832263047128	96
E2F4	0.43434768324488643	77
EAF1	0.2526315789473684	20
EAPP	0.36344873037329145	40
EARS2	0.25077152644114653	96
EBAG9	0.4844504598726506	58
EBNA1BP2	0.0765995977941845	96
EBP	0.4857826384142174	56
ECD	0.10230769230769231	25
ECE1	0.2155828741301865	96
ECH1	0.6520345771325183	96
ECHDC1	0.4472215251671332	96
ECHDC2	0.12789050339342922	50
ECHS1	0.2720591975652944	96
ECI1	0.12990589233398034	96
ECI2	0.675520135654584	96
ECM1	0.30783422017172757	96
ECSIT	0.16651518651759686	96
ECT2	0.5712554278067075	68
EDC3	0.5815749314460663	96
EDC4	0.378648217937105	96
EDEM3	0.23468501784738072	72
EDF1	0.22980351196616444	96
EEA1	0.6502789317843958	96
EED	0.17731583164608614	89
EEF1A1	0.14236201781152197	96
EEF1B2	0.10408513467726507	96
EEF1D	0.46437667233146934	96
EEF1E1	0.1838992362853525	96
EEF1G	0.064508033832424	96
EEF2	0.15386806659129412	96
EEF2K	0.10329110224496235	69
EEFSEC	0.25777153763408533	96
EEPD1	0.618227077197697	96
EFCAB14	-0.2205882352941176	26
EFEMP1	0.49564394646188215	96
EFEMP2	0.5753440452532268	96
EFHD2	0.33212604620247155	96
EFL1	0.6198308430183876	96
EFNB1	0.4000017611680065	88
EFNB2	0.4230698797566094	96
EFR3A	0.2946187550292089	96
EFTUD2	0.24447051961738958	96
EGFL7	0.40530221457771454	50
EGFR	-0.022470843183435892	96
EGLN1	0.5748875848213785	92
EHBP1	0.4756754000374357	49
EHBP1L1	0.1760412922493882	96
EHD1	0.5403656564583598	96
EHD2	0.15285583000276737	96
EHD3	0.38093799263565314	93
EHD4	0.7451132001419367	96
EHHADH	0.7893030464421096	96
EHMT1	0.16236483655462747	82
EHMT2	0.2666142620734807	56
EI24	0.22991459677239381	85
EIF1	0.23599910470234747	96
EIF1AD	-0.02788472536619837	54
EIF1AX	0.4489471622837433	93
EIF1B	0.34862280351287545	68
EIF2A	0.23333355946690237	96
EIF2AK2	0.5361836193053323	96
EIF2B1	0.5281174755098247	96
EIF2B2	0.12858930576024621	96
EIF2B3	0.2459388332836382	96
EIF2B4	0.0320760220300764	96
EIF2B5	0.2721362512731269	96
EIF2D	0.6419620783362507	96
EIF2S1	0.47299006697815865	96
EIF2S2	0.23005836417411826	96
EIF2S3	0.04310271740643649	96
EIF3A	0.42735251428701737	96
EIF3B	0.12822251914645943	96
EIF3C	0.005588751958565596	96
EIF3D	0.09962798048515274	96
EIF3E	0.000515472657979996	96
EIF3F	-0.007854255405916033	96
EIF3G	0.0692576389659138	96
EIF3H	0.13437376008541757	96
EIF3I	0.29343100355381074	96
EIF3J	0.53543074775986	96
EIF3K	0.09937058288907881	96
EIF3L	0.2634888121766827	96
EIF3M	0.0019771759977162532	96
EIF4A1	0.500715550159727	96
EIF4A2	0.42294675022490263	96
EIF4A3	0.3633878762375432	96
EIF4B	0.31180881262359883	96
EIF4E	-0.008688338906259538	96
EIF4E2	-0.02687606826074463	96
EIF4E3	0.39855675844652433	46
EIF4EBP1	0.6450200431699044	46
EIF4EBP2	0.22268640930724481	61
EIF4ENIF1	-0.12448246202982188	72
EIF4G1	-0.005575187026499094	96
EIF4G2	0.3035852358349241	96
EIF4G3	0.05304472533855657	94
EIF4H	0.6017539457134183	96
EIF5	0.4623703683713588	96
EIF5A	0.6670238741182855	96
EIF5B	0.44264557767053736	96
EIF6	0.5912255535355264	96
ELAC2	0.32705038118986635	96
ELAVL1	0.31833611980771565	96
ELF1	0.16211502857958093	91
ELF3	0.3869638382720741	64
ELMO1	0.2741840308309945	96
ELMO2	0.14967070681380912	96
ELMO3	0.30433234422940003	96
ELMOD2	0.30000678267758457	96
ELMSAN1	-0.05037712518286947	80
ELN	0.35644470973681824	96
ELOA	0.1270025846120898	85
ELOB	0.13263700488334237	96
ELOC	0.37662443366123105	96
ELOF1	0.1619476239931968	84
ELOVL1	0.3031203263795396	96
ELP2	0.24545655745379946	89
ELP3	0.48527983055625457	91
ELP4	0.17308107203880363	88
ELP6	0.23761333555094127	64
EMB	0.4162402669632926	30
EMC1	0.24362948242300103	96
EMC10	-0.03504552892816808	91
EMC2	0.0312199026031281	96
EMC3	0.08959039941228146	86
EMC4	0.0011971336619005237	96
EMC6	0.06684601464495335	88
EMC7	0.1998195851815679	96
EMC8	0.11242166094733512	96
EMD	0.6616181313222456	96
EMG1	0.22925907839227339	96
EMILIN1	0.3838413982801333	96
EMILIN2	0.4913570618446621	96
EML1	0.43269569972074484	96
EML2	0.44037344384521926	96
EML3	0.12614286877307979	96
EML4	0.651540483289336	96
ENAH	0.47245621888522643	96
ENDOD1	0.6780806587420954	96
ENDOG	0.25930083510465524	96
ENG	0.3403217417065468	92
ENGASE	0.6727901653281588	96
ENO1	0.6185014617692818	96
ENO2	0.3552470936229416	96
ENO3	-0.01403104148075561	96
ENOPH1	0.380790569604114	96
ENOSF1	0.45984343818263673	87
ENPEP	0.28779181252154756	49
ENPP1	0.4884818227954546	46
ENPP4	0.37047098310511994	92
ENSA	0.2509597254439154	96
ENTPD1	0.5359726258775992	96
ENTPD2	0.5464331729108804	68
ENTPD5	0.8116619303483735	96
ENTPD6	0.6192118226600983	29
ENY2	0.24052320939891803	90
EOGT	0.3279455754668536	96
EP300	0.025606146583827778	76
EPB41	0.3952603484878287	96
EPB41L1	0.7326833405038036	96
EPB41L2	0.6901159123592832	96
EPB41L3	0.7149964564787817	96
EPB41L4B	0.5699412634594394	96
EPB41L5	0.5210514357777346	96
EPCAM	0.4634506146912169	96
EPHA2	0.3780025284450063	86
EPHB2	0.575048495013501	96
EPHB3	0.6738609023679476	93
EPHB4	0.4978897577601172	91
EPHX1	0.5349742602047943	96
EPHX2	0.6536259801013095	96
EPM2A	0.28674360491326256	73
EPM2AIP1	0.4729166942518374	61
EPN1	-0.0021568607502336847	96
EPN2	0.41092430938064034	55
EPN3	0.27614513588381095	38
EPPK1	0.04166836229465946	96
EPRS	0.49695806402434434	96
EPS15	0.24394553440972275	96
EPS15L1	0.02632364313680573	96
EPS8	0.5547940327693944	96
EPS8L1	0.6074891977492137	82
EPS8L2	0.34335672161810593	96
EPS8L3	0.5351415326317147	96
EPSTI1	0.7648954925618489	62
ERAL1	0.35124483427209224	94
ERAP1	0.8297521670889161	96
ERAP2	0.7700848498002537	96
ERBB2	0.43416755773753996	94
ERBB3	0.3946500164652491	77
ERBIN	0.6067343333017794	96
ERC1	0.16507725494145525	96
ERCC2	0.41223305870970584	82
ERCC3	0.23677146659012807	73
ERCC5	0.5232087983179686	89
ERGIC1	0.6434772582521615	96
ERGIC2	0.28826060859026514	96
ERGIC3	0.023481136075823104	96
ERH	-0.008173093232223965	96
ERI1	0.6364994669620448	52
ERI3	0.2308201013554034	96
ERLEC1	0.34898737099481825	96
ERLIN1	0.5461978546727784	96
ERLIN2	0.638640757075949	96
ERMP1	0.7630507108695731	96
ERN2	0.7135437787428147	85
ERO1A	0.7347266826887563	96
ERP29	0.5569731006087667	96
ERP44	0.44644946434460164	96
ESAM	0.39268121084735547	40
ESD	0.14522714632925368	96
ESF1	0.44406044085166896	91
ESPN	0.6008152043611058	72
ESRP1	0.7612165030961956	96
ESRP2	0.2883627461494737	86
ESRRA	0.4025715602974747	49
ESYT1	0.3870602358973663	96
ESYT2	0.7506553669256109	96
ETF1	0.3057885152131855	96
ETFA	0.13105302961011087	96
ETFB	0.39449391947307233	96
ETFDH	0.5328716672328325	96
ETHE1	0.24893006599911952	96
ETNK1	0.24276407029114372	67
ETV6	0.19860512672178823	79
EVA1B	0.1874126931527853	43
EVI2B	0.4080770434849139	75
EVL	0.6061776587242672	96
EVPL	-0.05135369029450869	93
EWSR1	0.4127836785726872	96
EXD2	0.3664246399462544	96
EXOC1	0.11802209056725388	96
EXOC2	0.14784041889702226	96
EXOC3	0.271260305969534	96
EXOC4	0.2169032616928735	96
EXOC5	0.2866163628672692	96
EXOC6	0.2553927076538195	90
EXOC6B	0.11251627870154611	96
EXOC7	0.03485568363349341	96
EXOC8	0.06442762286054095	96
EXOG	0.3394498153245939	89
EXOSC1	-0.06835262558496207	82
EXOSC10	0.2099622887412042	96
EXOSC2	0.21890228082419189	86
EXOSC3	0.007441739488979991	94
EXOSC4	0.04956777417124643	96
EXOSC5	0.24794655272385027	96
EXOSC6	0.009845550706724984	96
EXOSC7	-0.03232600018331682	96
EXOSC8	0.3451360746098694	96
EXOSC9	0.31327364612879305	96
EXTL2	0.24912787640118744	44
EZH2	0.5322461244769233	23
EZR	0.7065725709729234	96
F10	0.01135241046319324	90
F11R	0.5745989005882749	96
F12	-0.08074504696856104	96
F13A1	0.6293938705436183	96
F3	0.6694108752747221	63
FA2H	0.5216551912468854	36
FAAH	0.4588159409133905	91
FABP1	0.5993583658843273	96
FABP2	0.7440928193432942	96
FABP3	0.6439312756532702	96
FABP4	0.7532519516949939	96
FABP5	0.6405746085719436	96
FABP6	0.6456679638285421	87
FADD	0.016898685883946264	96
FAF1	0.6121138130919662	96
FAF2	0.48093710367776654	96
FAH	0.35034082829050034	96
FAHD1	0.19780584993755118	96
FAHD2A	0.44699135673469254	71
FAM103A1	0.06750228404853688	77
FAM105A	0.7213826922685622	96
FAM107B	0.30069486599670325	96
FAM114A1	0.6389699972861239	96
FAM114A2	0.5047462724880607	96
FAM118B	0.39664729449556163	93
FAM120A	0.3332214230262752	96
FAM120B	0.22053038390814161	73
FAM126A	0.3693741332532765	67
FAM127A	0.7722581855708792	40
FAM129A	0.5362067680227801	96
FAM129B	0.4925121067951969	96
FAM136A	0.4168189941998202	96
FAM160A2	0.2803379767187063	69
FAM160B1	0.030989927767629044	96
FAM160B2	0.1645181426502144	48
FAM162A	0.304168531864455	96
FAM168A	0.3674407353652636	53
FAM169A	0.4343829375478772	53
FAM172A	0.016635878921106084	83
FAM174A	-0.053092348911833315	22
FAM175A	0.050428649881615155	31
FAM175B	0.28874569746408146	96
FAM177A1	0.20402540264142133	91
FAM192A	0.4108457733826646	93
FAM207A	0.3407707912066013	60
FAM208A	0.388874966400202	87
FAM20B	0.3235591039912808	92
FAM210A	0.03862592498727813	87
FAM210B	0.7873726190465499	94
FAM213A	0.6474089196549672	96
FAM213B	0.35092395711155444	96
FAM234A	0.25808311347134866	96
FAM26E	0.5035183395087146	51
FAM32A	0.15273970749511823	48
FAM3A	0.07003671558582267	22
FAM3B	0.8396952861742661	42
FAM3C	0.5507147097018916	96
FAM3D	0.8118694363184938	96
FAM45A	0.39441967567474306	95
FAM49A	0.3216986996939446	69
FAM49B	0.46175133023634907	96
FAM50A	0.49068921199122445	96
FAM76B	0.02075098814229249	23
FAM83B	0.7041752306646882	93
FAM83E	0.5776573513455371	29
FAM83F	0.5520018721518463	82
FAM83H	0.10927909169467095	96
FAM84A	0.683100062680618	81
FAM84B	0.6095307858218371	96
FAM8A1	-0.13010557173624676	48
FAM91A1	0.40121949566163834	96
FAM96A	0.2929706045998558	96
FAM96B	0.06973466267660747	91
FAM98A	0.348433568243939	96
FAM98B	0.2934716993997033	96
FAM98C	0.2279188667979728	91
FANCI	0.6901016015818594	82
FAP	0.76211178862163	96
FAR1	0.12315270935960589	29
FAR2	0.36015679060349914	45
FARP1	0.5852541907337377	96
FARP2	0.3882245616415866	96
FARS2	0.12233295806002643	73
FARSA	0.3357649133825398	96
FARSB	0.34664505321641875	96
FAS	0.7264662194867209	96
FASN	0.16498914812805207	96
FASTKD1	0.20641705904946153	75
FASTKD2	0.07201102104100017	91
FASTKD5	0.6227497334895841	82
FAT1	0.10314708050032947	94
FAU	0.12009793948391276	96
FBL	0.12684524839074698	96
FBLIM1	0.1486137724256866	96
FBLN1	0.4023556063522092	96
FBLN2	0.6342508910531356	96
FBLN5	0.2858693183727821	96
FBN1	0.31981225817514863	96
FBP1	0.5530614668026953	96
FBXL12	0.13894380672671272	22
FBXL18	0.19200648738743448	75
FBXL20	0.17958382719147967	74
FBXL8	-0.07385711714428415	38
FBXO2	0.7108631974939648	70
FBXO21	-0.01818772424602522	21
FBXO22	0.2024132505137536	96
FBXO28	0.06608695652173913	24
FBXO30	0.1575443174154653	94
FBXO38	-0.041970479056026355	37
FBXO4	0.5899643196716233	53
FBXO45	-0.07824967824967825	36
FBXO6	0.536616481460905	84
FBXO7	0.37165239510189635	96
FCER1G	0.5289529461666704	96
FCF1	0.18108968753865393	70
FCGBP	0.5695710573255802	96
FCGR1A	0.5840767869296916	58
FCGR2A	0.5726153472607128	84
FCGR2B	0.36209947967326744	74
FCGR3A	0.29556025369978856	44
FCGR3B	0.3006435006435007	36
FCGRT	0.6798429159573243	96
FCHO2	0.3630758796120921	96
FCHSD1	0.17821783376477382	32
FCN3	0.13654395957599008	83
FDFT1	0.7586171815291217	96
FDPS	0.6751108941328415	96
FDX1	0.46021453594911765	96
FDX1L	0.11972254436342337	91
FDXR	0.470565294279055	96
FECH	0.3789132049909379	96
FEN1	0.5670790434075551	96
FERMT1	0.786356437729826	96
FERMT2	0.7052339922950236	96
FERMT3	0.5544545054262647	96
FES	0.18059800624308747	77
FEZ2	0.18400266490805192	81
FGD2	0.09984197164412299	42
FGD3	0.2217647727092564	30
FGD4	0.4937311995361976	96
FGF2	0.4448308569238174	78
FGFR1OP	0.4564102564102564	26
FGGY	0.3577691371919536	54
FGL2	0.273957365418919	96
FGR	0.6073822858791201	77
FH	0.38027347473231743	96
FHIT	0.3207660743516328	38
FHL1	0.7240295213600987	96
FHL2	0.14425822557704632	96
FHL3	0.5347441976561198	96
FHOD1	0.07935331985758752	90
FIBP	0.0024825256663626866	96
FILIP1L	0.5930221516977381	96
FIP1L1	0.2940996928500297	96
FIS1	0.2562111274705053	96
FITM2	0.6504611330698286	45
FKBP10	0.7365179704042929	96
FKBP11	0.6247168301395746	96
FKBP15	0.3256858955093297	96
FKBP1A	0.5381096269336666	96
FKBP2	0.5185453978925764	96
FKBP3	0.40041915924902616	96
FKBP4	0.6635693090330655	96
FKBP5	0.4357910015523257	96
FKBP7	0.3929686118159928	92
FKBP8	0.2770578919361964	96
FKBP9	0.43454595399594004	96
FLAD1	0.5153081295307014	96
FLII	0.29669923459590086	96
FLNA	0.28665610843924577	96
FLNB	0.28913366389659406	96
FLNC	0.23771670424628666	96
FLOT1	0.3717630461617765	96
FLOT2	0.44688766428764665	96
FLYWCH2	0.31178424497039814	92
FMC1	0.4088543391177128	45
FMN1	0.28287804942837186	66
FMNL1	0.49824328175108673	96
FMNL2	0.30803439359338286	68
FMNL3	0.5321739130434783	24
FMO5	0.5839334746963463	85
FMOD	0.48856634169548413	96
FMR1	0.6754014413236358	96
FN1	0.5913305345201564	96
FN3K	0.5168165131580639	96
FN3KRP	0.19628516781968208	96
FNBP1	0.423046010010932	96
FNBP1L	0.6762819752003266	96
FNBP4	-0.03990320890231497	92
FNDC1	0.5227947137678427	96
FNDC3A	0.4675929380113929	96
FNDC3B	0.22647037878495532	96
FNTA	0.051242746830926104	96
FNTB	-0.06324110671936758	23
FOCAD	0.15099330561875282	96
FOLR2	0.5661703861542571	96
FOXK1	0.539521965363638	96
FOXP1	0.27790767597735316	68
FOXP4	0.14737436476566912	22
FOXRED1	0.22945577123943625	96
FPGS	0.11693969404518903	63
FPGT	0.31301357560817716	96
FRA10AC1	0.11951933075959431	21
FRG1	0.23175571836338232	93
FRK	-0.00899074483932698	62
FRMD8	-0.003028107398981496	76
FRYL	0.6171772733272268	96
FRZB	0.597851953560945	62
FSCN1	0.7499855872210005	96
FSTL1	0.5043997201300572	90
FTH1	0.45381787603030455	96
FTL	0.20644469916847036	96
FTO	0.08158088397800067	96
FTSJ1	0.05202735710796287	48
FTSJ3	0.5795444140658668	96
FUBP1	0.5629629127732488	96
FUBP3	0.4545987906811371	96
FUCA1	0.40662560767466266	96
FUCA2	0.26406763452279663	96
FUK	0.5710593971152799	96
FUNDC1	0.23539201186474887	72
FUNDC2	0.42604059985108966	96
FUS	0.36169411860665995	96
FUT3	0.4967286880409993	88
FUT6	0.6191198231608176	69
FUT8	0.6501103865390226	96
FXN	0.021979773613775844	96
FXR1	0.19880694805696136	96
FXR2	0.4382578808857358	92
FXYD1	0.42697747375595974	37
FXYD3	0.2233097491777536	78
FYB	0.6177133168253163	84
FYCO1	0.13170505070211438	96
FYN	0.2245735761780862	47
FYTTD1	0.23803014562487468	87
FZD7	0.004940711462450594	23
G3BP1	0.31760113680623003	96
G3BP2	0.4122085630096613	96
G6PD	0.42605360358464217	96
GAA	0.31823854580716415	96
GAB1	0.22336456872936913	78
GABARAP	0.2039839592765766	65
GABARAPL2	0.26666368251809086	93
GABPA	0.006253497245494162	96
GABPB1	0.10119352453510537	75
GADD45GIP1	-0.08616280962785348	96
GAK	0.2885944505177039	96
GAL	0.0941842743830748	41
GAL3ST2	0.35669269316732527	81
GAL3ST4	0.41436571538992356	36
GALC	0.6978854757322728	75
GALE	0.5772645573156358	96
GALK1	0.5133956429614864	96
GALK2	0.4163526918209614	96
GALM	0.355788274234244	96
GALNS	0.44659384209392333	96
GALNT1	0.5927508512188864	96
GALNT10	0.14425793281936317	87
GALNT12	0.7763477836265661	96
GALNT2	0.4762492582287024	96
GALNT3	0.6621292123247934	96
GALNT5	0.8161544774449093	96
GALNT6	0.7603196037033445	93
GALNT7	0.7672513191985785	96
GALT	0.08345467185991703	85
GAMT	0.5871005613971253	47
GAN	0.29868779931577755	82
GANAB	0.29857295948127355	96
GAPDH	0.6125735060988535	96
GAPVD1	0.3000400171196516	96
GAR1	0.0203954285014188	96
GARS	0.6651880941034387	96
GART	0.595250852920357	96
GAS7	0.396612553587266	80
GATAD2A	0.22638220522185437	96
GATAD2B	0.3383139917466262	96
GATB	0.14600078605274666	92
GATC	-0.11071244472432418	96
GATD1	-0.13634791337748078	96
GATM	0.5109098925067498	96
GBA	0.3923004924193925	96
GBA2	0.2927247695091267	65
GBE1	0.366140103376709	96
GBF1	0.009800763035240757	96
GBP1	0.8302620066603816	96
GBP2	0.5988462986296504	96
GBP3	-0.02737101435239237	28
GBP4	0.7200012172943326	79
GBP5	0.8239379971729013	89
GCA	0.041461495679539884	96
GCC1	-0.04325915396129218	87
GCC2	0.5281845373340839	96
GCDH	0.5078494086872933	96
GCFC2	0.6581422052491427	20
GCHFR	0.3474363822671829	73
GCLC	0.5602087671344371	96
GCLM	0.42847647086704865	96
GCN1	0.26453582027651373	96
GCNT3	0.748728852654535	91
GCOM1	-0.08494029897446737	47
GCSH	0.046554846412128946	96
GDA	0.705401592550036	96
GDAP1	0.4290721124437766	88
GDAP2	0.24713898984191948	58
GDE1	0.177588402390048	82
GDF15	0.15618591934381412	56
GDI1	0.4603828102108385	96
GDI2	0.3332711605350228	96
GDPD3	0.7477633301453581	96
GDPGP1	0.4401594611030126	79
GEMIN2	0.1480282181265038	47
GEMIN4	0.21470489655883682	92
GEMIN5	0.41592905363427146	96
GEMIN6	0.0022729011212665037	65
GEMIN7	-0.05133204462448296	21
GEMIN8	0.3478855601605635	92
GET4	0.2790741622379302	95
GFER	0.2098082874552697	86
GFM1	0.33809924306139616	96
GFM2	0.059422191927035566	96
GFOD2	0.15644980421922475	20
GFPT1	0.7583068252129462	96
GGA1	0.222435877871641	96
GGA2	0.4782603599620321	80
GGA3	0.03895672278014594	94
GGACT	0.09503098169604157	65
GGCT	0.33010597712602846	96
GGCX	0.04370012511506424	48
GGH	0.7047253440567955	96
GGPS1	0.41142797070697806	96
GGT1	0.4429652420578654	86
GGT5	0.5022790171829952	96
GGT6	0.04917632373510202	48
GGT7	0.2149946581790063	27
GHDC	0.4990402551309504	96
GHITM	0.2264198292964704	96
GID8	0.0016142323748638827	96
GIGYF2	0.004839355114387841	96
GIMAP1	0.4781946548972632	90
GIMAP1-GIMAP5	0.3365040806448103	77
GIMAP2	-0.06189092242959939	26
GIMAP4	0.5323781263277753	96
GIMAP7	0.4630618276237129	82
GIMAP8	0.4039545815090788	85
GINS3	0.5494859752514799	41
GIPC1	0.594225408474013	96
GIPC2	0.44486797760113156	96
GIT1	0.479670633402675	96
GIT2	0.24230688361808775	96
GK	0.6581070494793213	96
GLA	0.3643664011361196	96
GLB1	0.16805708162461458	96
GLCE	0.6840593471849425	96
GLE1	0.1425021683583769	80
GLG1	0.18775540657457723	96
GLIPR1	0.21688311688311687	21
GLIPR2	0.5943704005154815	96
GLMN	0.3206838614535623	59
GLO1	0.10711766462365416	96
GLOD4	0.3380822865592294	96
GLRX	0.4546928200432859	96
GLRX3	0.510975688336119	96
GLRX5	0.2753737215044867	96
GLS	0.5961041515611306	96
GLS2	0.13670627917593697	63
GLT8D1	0.026638661651083	81
GLTP	0.4062523315769045	96
GLUD1	0.16364055643350808	96
GLUL	0.44477678757195166	96
GLYR1	0.5624484951282873	96
GM2A	0.253001261553046	96
GMDS	0.6224451385180207	96
GMEB1	0.19689573492013154	79
GMEB2	0.18621640993865818	92
GMFB	0.2861168762462866	96
GMFG	0.3831612789804098	96
GMIP	0.16699336661935726	96
GMPPA	0.34720032015579105	96
GMPPB	0.5758966281129044	96
GMPR	0.45883261749203713	66
GMPR2	0.4071170104916738	96
GMPS	0.45981517592464494	96
GNA11	0.1112561850017497	96
GNA13	0.30636814368875503	96
GNAI1	0.36072995876778147	96
GNAI2	0.5409650934501201	96
GNAI3	0.21873749466376688	96
GNAL	0.018219808345375215	33
GNAQ	0.46028812307331923	96
GNAS	0.48938370916506985	96
GNB1	0.24221357072317962	96
GNB1L	0.4001865527475821	72
GNB2	0.20182114152463415	96
GNB4	0.6087251418824394	96
GNE	0.8432318780355925	96
GNG10	0.06311094962809555	80
GNG11	0.4280972169977762	37
GNG12	0.38164936008311406	96
GNG2	0.3809514120998708	96
GNG4	0.3088650479954828	22
GNG5	0.09110177394848216	96
GNL1	0.6786878240884964	96
GNL2	0.19496473199709782	88
GNL3	0.22891521326087194	96
GNL3L	0.23103048740862925	91
GNPAT	0.43412991381742955	92
GNPDA1	0.3061344221506563	96
GNPDA2	0.2428813433780953	89
GNPNAT1	0.7278125572445737	96
GNPTAB	-0.14171301446051168	30
GNPTG	0.06223737620296325	50
GNS	0.32772308454221827	96
GOLGA1	0.2134819026942407	89
GOLGA2	0.25210602710365315	96
GOLGA3	0.20406073125939087	96
GOLGA4	0.5781432810812136	96
GOLGA5	0.5137365153163251	96
GOLGA7	0.01880896317039909	74
GOLGB1	0.42959365696166407	96
GOLIM4	0.7144019859852336	96
GOLM1	0.802075420510038	96
GOLPH3	0.5060060366632366	96
GOLPH3L	0.6776070811021668	96
GOLT1B	0.20697316116821643	89
GON7	0.05567722108067372	91
GOPC	0.3733572992081863	96
GORAB	0.6373881138617854	53
GORASP1	0.12645241966599094	88
GORASP2	0.14605857536253508	96
GOSR1	0.4163741619701456	96
GOSR2	0.3124923694670157	96
GOT1	0.3837613098740198	96
GOT2	0.28347989467785417	96
GPA33	0.8248540056103677	96
GPAA1	0.2596003980169597	88
GPALPP1	0.3455640055484509	74
GPAT3	0.6329357913679333	25
GPAT4	0.5465239156923845	73
GPATCH1	0.030314383573512915	77
GPATCH11	0.2527895531481655	25
GPATCH4	0.4010344217102102	78
GPATCH8	0.0948688633702125	85
GPC1	0.4683652914496456	96
GPC4	0.3950826621472486	96
GPC6	0.5143571256849591	96
GPCPD1	0.6106280890364009	55
GPD1	0.6636981167946627	96
GPD1L	0.7325137770283752	96
GPD2	0.3672119806375922	96
GPHN	0.8127369656939906	96
GPI	0.39382378187464256	96
GPKOW	0.47934004816784065	96
GPM6B	0.4946250494546052	36
GPN1	-0.04483786375090985	93
GPNMB	0.578710329917009	96
GPR107	0.28576132181373853	67
GPR108	0.3003052360392972	52
GPR89A	0.40804346280000914	96
GPRC5A	0.4626659160844079	96
GPRIN3	0.3414089136511712	89
GPS1	-0.10935746090805804	96
GPS2	-0.07627651679230944	54
GPSM3	0.4492294552148031	96
GPT	0.49700315814356755	90
GPT2	0.6021205730211311	68
GPX1	0.13604177970699946	96
GPX2	0.7473370433339342	96
GPX3	0.5282427629737069	96
GPX4	0.5568834251833634	96
GPX7	0.5369123991976125	77
GPX8	0.5986258444479648	96
GRAMD4	0.34607637333215224	86
GRB2	0.4061525000771683	96
GRB7	0.5819234074422899	92
GREM1	0.5919037978323436	96
GRHL2	0.19963091619626572	48
GRHPR	0.2633997456564532	96
GRIPAP1	0.3150664026226922	96
GRK2	0.42891927455238527	96
GRK6	0.16539184555261013	57
GRN	0.4006660359017745	96
GRPEL1	0.23915896566479197	96
GRSF1	0.30866429053647243	96
GRTP1	0.13102665910380035	42
GRWD1	0.20745553944689973	96
GSDMB	0.828404674615174	96
GSDMD	0.711498026235468	96
GSK3A	0.15828837854970662	92
GSK3B	-0.010899533700783321	96
GSKIP	0.6562338913759322	96
GSN	0.5023433738262061	96
GSPT1	0.23582794124174064	96
GSPT2	-0.04833657801753429	90
GSR	0.5910686368786902	96
GSS	0.3417424892589629	96
GSTA1	0.3736217326730472	87
GSTCD	0.2857186933634303	73
GSTK1	0.5281099302205722	96
GSTM1	0.7964926413368181	96
GSTM2	0.4633831160246095	96
GSTM3	0.763594310794101	96
GSTM4	0.14175731901765246	86
GSTO1	0.3212243707567197	96
GSTP1	0.15145976119640178	96
GSTT1	0.8596862595737722	96
GSTT2B	0.6544832367962954	28
GSTZ1	0.3229286424513072	96
GTF2A1	0.11120899263396712	44
GTF2A2	0.1344671619704218	70
GTF2B	0.3367619280338969	96
GTF2E1	0.07195647323100292	92
GTF2E2	0.2062729286701536	80
GTF2F1	0.3093467357293509	96
GTF2F2	0.3082484680174671	96
GTF2H1	0.09011089692618933	68
GTF2H4	-0.10526315789473684	20
GTF2I	0.38601494889468224	96
GTF3A	0.7137931034482757	29
GTF3C1	0.2634049235133974	96
GTF3C2	0.3810869012315259	96
GTF3C3	0.15968268647227116	94
GTF3C4	0.27316413112669397	96
GTF3C5	0.20011339771777112	93
GTF3C6	0.034809161928053736	27
GTPBP1	0.3163720716001174	96
GTPBP10	0.25842147922460396	96
GTPBP2	0.44405326802387884	49
GTPBP3	0.14799216315311903	85
GTPBP4	0.3679393092934641	96
GTPBP6	0.3349414681489363	92
GTPBP8	0.03308270676691729	20
GUCA2A	0.2896008297307426	78
GUCY1A3	0.6653598982658016	96
GUCY1B3	0.5685066928842977	96
GUCY2C	0.5992771011147223	84
GUF1	0.32409306110019487	91
GUK1	0.20518803133607622	91
GULP1	0.14601806204752749	87
GUSB	0.2835603506595386	92
GXYLT1	0.13156376469567135	25
GYG1	0.17013202384295628	96
GYPC	0.3625916715507919	85
GYS1	0.2895711388859518	96
GZMA	0.6698571231202077	92
GZMK	0.520437205149105	62
GZMM	0.5373999417535799	30
H1F0	0.5786867789390866	96
H1FX	0.36857098289438683	96
H2AFX	0.45211021625829706	96
H2AFY	0.6988720759254339	96
H2AFY2	0.8157785858411174	96
H2AFZ	0.028649330568704324	96
H3F3A	0.011416787447999286	96
H6PD	0.4706592512208356	96
HAAO	0.6578254825521627	96
HABP4	0.3309491951287787	58
HACD2	0.34620002037980335	96
HACD3	0.6020334108944273	96
HACD4	0.23893507900325342	59
HACL1	0.21676203786720766	86
HADH	0.4022680950990391	96
HADHA	0.30228670064844415	96
HADHB	0.1665762325603478	96
HAGH	0.29624605338984533	96
HAPLN3	0.5807687692617157	78
HARS	0.6753711859438583	96
HARS2	0.31091328384859523	96
HAT1	0.46870390027297737	96
HAUS1	0.4163272711412836	51
HAUS2	0.35563038976849154	49
HAUS8	0.39536855572641827	22
HAX1	0.16854542248654744	96
HBA2	0.5937191597007754	96
HBB	0.5086156903837364	96
HBS1L	0.4467802979330738	96
HCCS	0.49942686223513516	96
HCFC1	0.32399692064744234	96
HCK	0.5133686939773471	96
HCLS1	0.6159877372750301	96
HDAC1	0.49908095717255313	96
HDAC2	0.3028350515463918	96
HDAC3	0.1447198347093876	86
HDAC4	0.21056579893962601	80
HDAC6	0.41956470696945847	94
HDAC7	-0.18692730609549107	51
HDDC2	0.4316239316239316	27
HDDC3	0.08869751441832953	87
HDGF	0.1417201070284909	96
HDGFRP2	0.12386901614021004	96
HDGFRP3	0.5861002403034514	96
HDHD2	0.2379268011668107	96
HDHD3	0.534365875250215	96
HDHD5	0.20807615618711112	96
HDLBP	0.4156425073685858	96
HEATR1	0.19332062751375145	96
HEATR3	0.2439995540787595	91
HEATR5A	0.19447937740353943	87
HEATR5B	0.34425957100303867	94
HEBP1	0.7362795004264142	96
HEBP2	0.19274869350645374	96
HECA	0.2608082070057011	48
HECTD1	0.19935701132466535	96
HECTD3	0.05920675563427465	96
HELLS	0.25464580737120945	90
HELZ2	0.320313605629721	86
HEPH	0.8051302398657253	96
HERC4	0.42706616478986187	96
HERPUD1	0.4631561642820101	78
HEXA	0.30903523140177497	96
HEXB	0.26340920808739526	96
HEXIM1	0.442020192769981	64
HGD	0.6961990950226244	51
HGH1	0.4871689654820304	96
HGS	0.02432564417568168	96
HIBADH	0.6068882724380931	96
HIBCH	0.33836600843469483	96
HID1	0.545741260783536	96
HIF1AN	0.2529921880920015	91
HIGD1A	0.00873578654300514	96
HIGD2A	-0.051828265085179924	84
HIKESHI	0.40615442732367874	43
HINT1	0.030500852899566472	96
HINT2	0.058321604829364396	96
HINT3	0.5760276458033687	96
HIP1	0.40946518813373806	96
HIP1R	0.3130635901041385	96
HIRA	0.37058538945331393	53
HIRIP3	0.3372463795546665	69
HIST1H1C	-0.11271445969390215	96
HIST1H2BK	-0.2045463312305491	73
HIST2H2AA4	-0.10069797768179935	96
HIST2H2BF	-0.10386177801586957	25
HIST2H4B	-0.24879471242435355	96
HK1	0.5480239017847217	96
HK2	0.6901701720870362	96
HK3	0.6500386626242765	96
HKDC1	0.6746801826784752	91
HLA-A	0.45500018651979796	96
HLA-B	0.6126309435430762	96
HLA-C	0.3392589477760328	96
HLA-DMA	0.41041767456861794	53
HLA-DMB	0.5259702383374708	96
HLA-DPA1	0.5410305278917706	96
HLA-DPB1	0.40494172148448215	96
HLA-DQA1	0.7571068696145036	86
HLA-DQB1	0.6767527756941097	96
HLA-DRA	0.7116115029842648	96
HLA-DRB1	0.5660112455331974	96
HLA-DRB5	0.571901887876454	44
HLA-E	0.3568926490512596	78
HLA-F	0.671995258595853	90
HLCS	0.26560837124365194	55
HLTF	0.6939307728781413	37
HM13	0.5829357046878967	96
HMBS	0.279742667146885	96
HMCES	0.41705836470308955	96
HMG20A	0.3312641127110756	92
HMGA1	0.5382108472377046	96
HMGA2	0.7031872964455309	87
HMGB1	0.1541852759954471	96
HMGB2	0.39065779971297077	96
HMGB3	0.6166328669336134	96
HMGCL	0.672976685039902	96
HMGCS1	0.6896794956615067	96
HMGCS2	0.8793035625472188	96
HMGN1	0.25330055109407557	96
HMGN2	0.48370162374449166	96
HMGN3	0.2216457087046759	96
HMGN4	0.19064284648900912	96
HMGN5	0.42677964565935855	92
HMGXB4	0.13265855624059808	58
HMOX1	0.23549440610014938	96
HMOX2	0.5560017094556153	96
HN1	0.3442622950819672	96
HN1L	0.24091388496202945	96
HNF1A	0.34552153115767104	82
HNF4A	0.5887483027707734	93
HNMT	0.5450241627839735	96
HNRNPA0	0.09245179362312551	96
HNRNPA1	0.19611633366337256	96
HNRNPA2B1	0.1271814698733872	96
HNRNPA3	0.4323149288620061	96
HNRNPAB	0.6101506385832051	96
HNRNPC	0.09590374356994773	96
HNRNPD	0.3307469004184525	96
HNRNPDL	0.4305824501932348	96
HNRNPF	0.5078084995464003	96
HNRNPH1	0.3475901735046512	96
HNRNPH2	0.3790771651707886	96
HNRNPH3	0.39421593263904325	96
HNRNPK	0.12622340392067477	96
HNRNPL	0.24859347181151853	96
HNRNPLL	0.033846341679258686	96
HNRNPM	0.3340884658517199	96
HNRNPR	-0.00562274056037494	96
HNRNPU	0.4380349706720245	96
HNRNPUL1	0.46714551201182875	96
HNRNPUL2	0.25364387984766695	96
HOMER3	0.5844119870903676	62
HOOK1	0.5755727003265235	96
HOOK2	-0.009838167070006355	96
HOOK3	0.43295542798921316	96
HOPX	0.626795518799495	90
HOXB7	0.615270935960591	29
HP1BP3	0.23225955228923864	96
HPCAL1	0.6115576356948209	96
HPDL	0.4097600405958431	31
HPF1	0.4920760498504489	94
HPGD	0.5589409319707624	96
HPGDS	0.33933222352778225	52
HPRT1	0.2613446375718128	96
HPS6	0.0045585354056565715	85
HPSE	0.6424427780405708	27
HRAS	0.21478260869565213	24
HS1BP3	0.33556823924199386	96
HS2ST1	0.3575074184161282	96
HSBP1	0.08104396070272493	96
HSCB	0.24578793584938263	90
HSD11B2	0.45438266911393843	96
HSD17B10	0.43693811318190595	96
HSD17B11	0.39670099738553327	96
HSD17B12	0.5202472878736096	96
HSD17B2	0.732345071071596	96
HSD17B4	0.5498680810369034	96
HSD17B7	0.5789685336309662	91
HSD17B8	0.3600885854196944	96
HSDL1	0.42039121658503853	65
HSDL2	0.44112630012089105	96
HSF1	0.2557024234835518	69
HSP90AA1	0.4371013195267929	96
HSP90AB1	0.3538492320709989	96
HSP90B1	0.6076322830755337	96
HSPA12A	0.5983192368786369	96
HSPA12B	0.3311117386090854	90
HSPA13	0.3342241093113248	96
HSPA14	0.3823993217487017	96
HSPA1A	0.18541478733715955	96
HSPA2	0.46684302475495926	96
HSPA4	0.4322601211348422	96
HSPA4L	0.8478972305719713	96
HSPA5	0.5593944573826842	96
HSPA6	-0.0864330675196201	96
HSPA8	0.4094887664853195	96
HSPA9	0.42792224532213385	96
HSPB1	0.5252876081858081	96
HSPB6	0.5483247371029218	96
HSPB7	0.6212980437839735	96
HSPB8	0.7003045451315172	96
HSPBP1	0.5309019632175199	96
HSPD1	0.21244256043749257	96
HSPE1	0.12178513293543136	96
HSPG2	-0.002275563634442858	96
HSPH1	0.7637260155222837	96
HTATIP2	0.5665209561985527	96
HTATSF1	0.6479718662394786	96
HTRA1	0.5929936414041527	96
HTRA2	0.23251184419578905	96
HTRA3	0.47506475981829505	82
HTT	0.2657152934704556	96
HUS1	0.266560735679621	73
HUWE1	0.44520935850132143	96
HVCN1	0.38373959696542725	91
HYI	0.09224132380330051	96
HYOU1	0.5070895409229672	96
HYPK	0.08175044850239792	96
IAH1	0.08392483492829853	96
IARS	0.5014124820943803	96
IARS2	0.38204952557529304	96
IBA57	0.3155326146390707	96
ICA1	0.38226311826606496	61
ICAM1	0.6371605788212725	96
ICAM2	0.4315603172061827	80
ICAM3	0.2583080393925317	96
ICMT	0.2863841802415334	67
IDE	0.5369125013172126	96
IDH1	0.5222245207593995	96
IDH2	0.555250342529626	96
IDH3A	0.10486477320958988	96
IDH3B	0.09848852233360689	96
IDH3G	0.28458932336295456	96
IDI1	0.3155224568971365	96
IDNK	0.23785566078880555	58
IDO1	0.8455882352941178	33
IDUA	0.15682284569095858	96
IER3IP1	0.3541037867102617	96
IFI16	0.6013409026166932	96
IFI30	0.41705241811287735	96
IFI35	0.7214273360256632	96
IFIH1	0.7356362932479124	49
IFIT1	0.5648475969560087	96
IFIT2	0.5921210848777508	68
IFIT3	0.6798688262341162	96
IFIT5	0.5439549633167332	96
IFITM1	0.39411449973247725	90
IFNGR1	0.5856845513413506	47
IFRD1	0.0032421506736950573	96
IFT20	0.27716108111957083	48
IFT22	-0.21540988295332797	28
IFT27	0.24068792225767494	96
IFT74	0.016086434573829533	50
IGBP1	0.4943010136685579	96
IGF1R	0.4678386390029731	51
IGF2	0.4155136663424532	55
IGF2BP2	0.5606839578366599	96
IGF2R	0.2233481192145677	96
IGFBP2	0.7821793259871528	96
IGFBP3	0.6632844769853931	96
IGFBP4	0.46373058991253413	92
IGFBP5	0.3826622153661087	93
IGFBP7	0.609162464381068	96
IGLL5	0.312254345106356	96
IGSF8	0.29967227073932234	89
IK	0.1083577787353739	96
IKBIP	0.5412361170018406	96
IKBKAP	0.19640925295072095	96
IKBKB	0.31636528888229926	96
IKBKG	0.21947861254406908	96
IKZF1	0.4340887516085405	48
IL10RB	-0.0015101177891875567	43
IL16	0.52894137117122	96
IL18	0.6183725930397391	96
IL33	0.7300924151516625	61
IL4I1	0.7575989915113351	96
ILF2	-0.06087428359519789	96
ILF3	0.34644510390737127	96
ILK	0.34525384068349346	96
ILKAP	0.41642729002164874	96
ILVBL	0.46396294048293596	96
IMMT	0.08419671108235444	96
IMP3	0.04869561062777831	91
IMP4	-0.03185161074556049	86
IMPA1	0.1472623993293678	96
IMPA2	0.6025760592857989	96
IMPACT	0.7118512781085661	87
IMPAD1	0.4791843295890791	96
IMPDH1	0.5175616787041911	96
IMPDH2	0.4563529878795709	96
INF2	0.4916371627395923	96
ING1	0.044758064516129036	31
INIP	0.12304524126129349	36
INO80E	-0.31611468116658425	23
INPP1	0.7076212988093094	96
INPP4A	0.07069122967958984	92
INPP4B	0.7917633106721684	83
INPP5A	0.3264552155524964	83
INPP5B	0.1272283752931806	40
INPP5D	0.5188553833274887	96
INPP5K	0.4293910834824214	91
INPPL1	0.19675322253120323	96
INSR	0.3364770276319538	96
INTS1	0.2750327258485503	96
INTS10	0.11249653216942654	92
INTS11	0.27957434504394035	77
INTS12	-0.1253004686950105	72
INTS13	0.19841084128769984	96
INTS14	0.24238406105535887	96
INTS2	0.15120622521733684	94
INTS3	0.3206286010795812	96
INTS4	0.12371298344803922	96
INTS5	0.11720877556338476	96
INTS6	0.1081870605579957	78
INTS7	-0.04549526768772053	94
INTS8	0.0397888834588641	67
INTS9	0.10261195316930945	76
IP6K1	0.13845774821384577	29
IPO11	0.37197961147677716	96
IPO13	-0.1508349301943608	28
IPO4	0.5471637964866926	96
IPO5	0.5966216422474852	96
IPO7	0.2992261101971203	96
IPO8	0.4067654566082447	82
IPO9	0.5863397429375659	96
IQCB1	0.13616473616473618	36
IQGAP1	0.5738935217353607	96
IQGAP2	0.8084985163251239	96
IQGAP3	0.3206287475351073	57
IQSEC1	-0.026957945101989417	62
IRAK1	0.25092476857064344	49
IRAK4	0.40258877951363026	93
IREB2	0.3507577839099172	96
IRF2	0.3478680189696135	59
IRF2BP1	0.37985729111724126	96
IRF2BP2	0.2285291833557297	96
IRF2BPL	0.14897438307043293	82
IRF3	0.36682425240601596	96
IRF4	0.41307070914605987	66
IRF6	0.572192078133478	96
IRF9	0.6569956727759738	96
IRGQ	-0.00801389119697483	96
IRS1	0.2063308896732736	51
IRS2	0.35969219494749566	85
ISCA1	0.008575630729653137	51
ISCA2	0.36732410624864126	84
ISCU	-0.05014081354829072	93
ISG15	0.7162691011197851	96
ISG20	0.6040573676291987	96
ISG20L2	0.12540556855492416	71
ISLR	0.6546390528970045	96
ISOC1	0.4992810488547651	96
ISOC2	0.022389983197227185	96
IST1	0.17114544617543628	96
ISY1	0.14506830175191596	96
ISYNA1	0.29921936939624294	51
ITCH	0.5019448787150274	96
ITFG1	-0.004397150646381145	85
ITGA1	0.36797037410722255	96
ITGA11	0.5241299471987619	72
ITGA2	0.5698918532428671	96
ITGA3	0.2509792750511389	96
ITGA4	0.19185664780933942	40
ITGA5	0.4141596044487044	96
ITGA6	0.6789701434447717	96
ITGA7	0.5582438826666193	96
ITGA9	0.4541232408813098	83
ITGAL	0.5464998444317828	92
ITGAM	0.4085731242639076	96
ITGAV	0.5174242732538424	96
ITGAX	0.6369364543461971	96
ITGB1	0.5059905927545127	96
ITGB2	0.5338537869869564	96
ITGB3	0.3501809341010404	96
ITGB4	0.1486726624106688	96
ITGB5	0.3061239716016885	96
ITGB6	-0.037378296713759904	96
ITIH5	0.3443361832464022	96
ITLN1	0.49343051363304274	96
ITM2B	0.26320001594519643	91
ITM2C	0.6775140110546957	87
ITPA	0.42665780424446714	96
ITPK1	0.4986129857208128	96
ITPKB	0.19583260280733947	59
ITPKC	0.407258064516129	32
ITPR1	0.4351962071060442	96
ITPR2	0.6221559790182721	96
ITPR3	0.3165319777562525	96
ITPRIP	0.4217314156427386	88
ITSN1	0.4351182058376753	96
ITSN2	0.34376716834987153	96
IVD	0.4286411915615624	96
IVNS1ABP	0.556829063799152	89
IWS1	0.40309901394436015	96
IYD	0.5507153256859825	76
JAG1	0.5801870251315021	59
JAGN1	0.2748299718705322	85
JAK1	0.1464412159687462	96
JAM3	0.3279852482005778	90
JCHAIN	0.5051345012796989	96
JMJD6	0.43539737411765117	75
JPH1	0.473258016092813	82
JTB	0.14206953114910764	87
JUNB	0.11092436974789917	85
JUND	0.1265340331104202	67
JUP	0.23590395772510087	96
KALRN	0.5752599977885494	91
KANK1	0.2738355784346968	92
KANK2	0.5530919131402864	96
KARS	0.2787258286654316	96
KAT5	0.09219395738709749	24
KAT7	0.10620274682165362	75
KAT8	0.1222274412164404	66
KATNA1	0.17176039320346914	34
KBTBD11	0.5477424255909815	96
KCMF1	0.1405336480418888	96
KCNAB2	0.46963047876589337	96
KCNE3	0.3509328669694367	38
KCNMA1	0.5741233353105591	89
KCNMB1	0.6928479801111631	43
KCNN4	0.7655607551707657	90
KCTD10	0.11364191559967579	85
KCTD12	0.5767683824277489	96
KCTD14	0.5425511262640721	83
KCTD21	0.3111387712124145	92
KCTD5	0.4636138820195059	60
KCTD9	0.34223783027339905	27
KDELC1	0.46367963892116576	52
KDELC2	0.4981703739655397	96
KDELR1	0.26380221328171477	76
KDELR2	-0.13135906927551558	61
KDELR3	0.5697638769458949	55
KDF1	0.5692547653148365	32
KDM1A	0.3647743073554331	96
KDM2A	0.1016923411829551	84
KDM3B	0.21514273895235553	96
KDSR	0.6210715872685959	96
KEAP1	0.14856716524611818	96
KHDRBS1	0.3813044304320008	96
KHDRBS3	0.8313210250792457	77
KHK	0.24380952417057267	82
KHNYN	0.2513021693501662	88
KHSRP	0.21226231134631113	96
KIAA0319L	0.5072111491887626	57
KIAA0368	0.5111945360083561	96
KIAA0391	0.28873114783896503	94
KIAA0513	0.3593207633788607	40
KIAA0907	0.07275337136526566	62
KIAA0930	0.3313306631063641	30
KIAA1143	0.14872472114311355	79
KIAA1147	0.43512580167735565	44
KIAA1161	0.21444482214097918	43
KIAA1191	0.1871766973983088	68
KIAA1211	0.2900244830762502	63
KIAA1217	0.49328011234583224	96
KIAA1324	0.7948710122708685	96
KIAA1429	0.3296074228893744	96
KIAA1462	0.3510177736544922	83
KIAA1468	0.7045118494347097	96
KIAA1522	0.2886840570273607	96
KIAA1524	0.5209239236528296	46
KIAA1671	0.13106911814776984	89
KIAA2013	0.2691174226753985	96
KIF11	0.5983129414649918	81
KIF13A	0.32393483328557426	79
KIF13B	0.4299855871156562	96
KIF16B	0.7506208171891511	88
KIF1B	0.044039432241320293	81
KIF1BP	0.07461341221596945	90
KIF1C	0.3627552387836637	96
KIF21A	0.45653766328897577	96
KIF22	0.652124887094224	44
KIF23	0.44983834256025357	76
KIF2A	0.6512907120430872	96
KIF2C	0.7857707509881423	45
KIF3A	0.46868937878297795	80
KIF3B	0.41631339365765957	90
KIF4A	0.5786428198157472	59
KIF5B	0.5395801541647388	96
KIFAP3	0.43168557678211616	42
KIFC1	0.409344509516695	61
KIN	0.30352053966632875	48
KIT	-0.06193498864328388	25
KLC1	0.5622526460755836	96
KLC2	0.284127253663751	92
KLC4	0.7970732866063862	96
KLF13	0.08961038961038961	21
KLF16	-0.003979896421939635	49
KLF3	0.10759330759330761	36
KLF4	0.3850740598256345	25
KLF5	0.3749171217935963	76
KLHDC4	0.37747035573122534	23
KLHL42	0.24071719068653696	62
KLHL9	-0.007518796992481202	20
KLK1	0.2700585728168782	67
KNOP1	0.007251343843572998	55
KNTC1	0.5090946554208932	64
KPNA1	0.30298333847856773	96
KPNA2	0.6823412113992302	96
KPNA3	0.5954088709684727	96
KPNA4	0.4781635546139815	96
KPNA6	0.46877469283655976	96
KPNB1	0.6306715094621229	96
KRAS	0.07822261153532967	91
KRI1	0.27416173576459607	94
KRIT1	0.4812200135412977	22
KRR1	0.1303815540995267	96
KRT10	-0.15809185598970263	93
KRT17	0.7541340679001933	87
KRT18	0.7382307259443127	96
KRT19	0.784020618556701	96
KRT20	0.7537812504932585	96
KRT23	0.8636926495073499	91
KRT6B	0.8499976998592671	40
KRT7	0.5783401089277395	69
KRT8	0.5919892022809639	96
KRT80	0.5167073252612968	93
KRTCAP2	0.3539731682146543	40
KRTCAP3	0.4391582336980124	84
KTI12	0.09529153476673662	64
KTN1	0.4159564835722954	96
KYAT3	0.3341899676114873	85
KYNU	0.3773806509136114	81
L1TD1	0.7493728664019126	63
L2HGDH	0.5512827908131228	96
L3HYPDH	0.1922406484611358	96
LACC1	0.4685883364676377	29
LACTB	0.30083255618343674	96
LACTB2	0.7661697278819284	96
LAD1	0.6264624692245607	96
LAGE3	0.20993204143910205	61
LAIR1	0.6200222469410456	30
LAMA2	0.2624891056286014	96
LAMA3	0.744601986595301	96
LAMA4	0.34762408608849504	96
LAMA5	0.16169597994819018	96
LAMB1	0.07089783807716972	96
LAMB2	0.048310735231384905	96
LAMB3	0.4223266729065777	96
LAMC1	0.12287067904905914	96
LAMC2	0.5916975552824726	96
LAMP1	0.5887192496319517	96
LAMP2	0.4723173651476204	96
LAMTOR1	0.15652268280117546	96
LAMTOR2	0.09625838920539764	96
LAMTOR3	0.1965232843681172	96
LAMTOR4	0.09061312853262571	90
LAMTOR5	0.04684728679831465	96
LANCL1	0.2931256083061651	96
LANCL2	0.2922388212377928	96
LAP3	0.5162155654773711	96
LAPTM4A	0.18821469634781143	38
LARP1	0.14083790584904682	96
LARP1B	0.4171237596071348	49
LARP4	0.3914203415507817	84
LARP4B	0.23476208401718052	96
LARP7	0.16884385300940058	96
LARS	0.5309897176212254	96
LARS2	0.6825989493821321	96
LAS1L	0.07338124128898546	96
LASP1	0.318279701167393	96
LBH	0.3512873415401621	34
LBR	0.49605257804421005	96
LCK	0.7010046994004213	57
LCLAT1	0.16805200883961777	96
LCMT1	0.17460075225273525	96
LCN2	0.6206608880235711	96
LCP1	0.5875704107169983	96
LCP2	0.5263161464964221	96
LDAH	0.4758179739971339	93
LDB1	0.1268515417534322	76
LDHA	0.5320731299380009	96
LDHB	0.7847938144329897	96
LDHD	0.6777631219226513	96
LDLRAP1	0.7318888203158727	38
LEFTY1	0.8135972862544748	45
LEMD2	0.4984756046122107	96
LEMD3	0.43686900375644605	96
LENG8	-0.08175315637706179	63
LENG9	0.00017861699622451994	49
LEO1	0.1406666825976101	91
LEPROT	-0.037283098046404874	65
LETM1	0.2981259665279242	96
LETMD1	0.1313563232534531	58
LFNG	0.23152709359605914	28
LGALS1	0.47753439623242283	96
LGALS2	0.36402534517690616	79
LGALS3	0.6837448580643565	96
LGALS3BP	0.2538889096263001	96
LGALS4	0.7607707753959688	96
LGALS8	0.6080258473494177	90
LGALS9	0.5631757077551243	96
LGALS9C	0.10781939319133535	95
LGALSL	0.18177343943951188	76
LGMN	0.3072091808775398	96
LHPP	0.2826280127419487	96
LIG1	0.5323665861920116	96
LIG3	0.6061247330586367	96
LILRB2	0.5332055137721577	60
LILRB5	0.22773123684049765	96
LIMA1	0.8033600222510324	96
LIMCH1	0.22966533384880602	79
LIMD1	0.00959005597921671	90
LIMD2	0.5120149261945187	38
LIME1	0.31454345710247866	64
LIMK1	0.1722873900293255	32
LIMK2	0.41301838652195044	84
LIMS1	0.3045086901667093	96
LIMS2	0.49612855354800633	96
LIN7C	-0.16293171275814727	96
LIPA	0.17240911557243627	96
LIPE	0.4767229702432092	96
LITAF	0.2812643153372388	44
LIX1L	0.48740143236671224	25
LLGL1	0.40750872007424516	91
LLGL2	0.3471437049776945	96
LLPH	0.21854022462499456	72
LMAN1	0.6557061273363969	96
LMAN2	0.4092675615000102	96
LMAN2L	0.3027883854833534	96
LMBRD1	0.2729567339265667	83
LMBRD2	0.42206477732793524	39
LMCD1	0.6697154993180326	96
LMF2	0.41085762932745795	96
LMNA	0.2797582712797836	96
LMNB1	0.4737125901050587	96
LMNB2	-0.1360630498067772	96
LMO7	0.7566053412506416	96
LMOD1	0.725032896342373	96
LMTK2	0.5158422542143474	58
LNPEP	0.2456581826273429	96
LNPK	0.39497682054995775	96
LONP1	0.3123018228080697	96
LONP2	0.07589350948621931	59
LOX	0.5561571392596323	62
LOXL1	0.17955662403974745	90
LOXL2	0.3664915607624097	96
LPAR1	0.43919867599080253	96
LPCAT1	0.7632683790540261	96
LPCAT2	0.6657691081767657	96
LPCAT3	0.5042594175178721	96
LPCAT4	0.5482175316873708	96
LPGAT1	0.666647400531805	94
LPIN1	0.37474977289834455	72
LPIN2	0.3376923076923077	25
LPIN3	0.2126708797165446	61
LPP	0.2541383628085904	96
LPXN	0.6295896877964686	96
LRBA	0.4714827349986775	96
LRCH1	0.6554866365631185	96
LRCH3	-0.07995340691527773	90
LRCH4	0.21585517637762588	96
LRG1	-0.0868157061672801	96
LRIF1	0.20003847263669328	25
LRP1	0.2979896634791725	96
LRPAP1	0.2648037303957576	96
LRPPRC	0.40958233292223856	96
LRRC1	0.3286318424461245	96
LRRC14	0.19800383203760843	31
LRRC15	0.6549259535754153	54
LRRC17	0.29774436090225564	20
LRRC20	0.3674953881173297	48
LRRC25	0.2727272727272727	21
LRRC40	0.485953131888629	96
LRRC41	0.22868860868132476	76
LRRC47	0.48472331077663694	96
LRRC57	0.5950417148352602	96
LRRC59	0.6778126325064652	96
LRRC8A	0.36872959474964456	55
LRRFIP1	0.4438686747993998	96
LRRFIP2	0.4077857247229253	96
LRSAM1	0.12964501686094348	96
LRWD1	0.17225161438262943	89
LSAMP	0.5022280854181016	96
LSG1	0.2700038291824737	94
LSM1	0.25324346884464877	76
LSM12	0.09741548000355944	96
LSM14A	0.19123681624169422	96
LSM14B	0.6343162356967379	96
LSM2	0.28263877584892383	96
LSM3	0.06319987520674807	96
LSM4	0.029293569862848028	96
LSM5	-0.03377237688837414	91
LSM6	0.06211932119350132	96
LSM7	0.24610344687258373	96
LSM8	0.07821333252347146	96
LSP1	0.5865623961555728	96
LSR	0.33580102892095526	96
LSS	0.6154947011764065	96
LTA4H	0.45511487918871296	96
LTBP1	0.409405373142427	96
LTBP2	0.35502862259695067	96
LTBP3	0.32093464916742975	96
LTBP4	0.038531319838662675	96
LTF	-0.08557426549451627	96
LTN1	0.3147351654393784	90
LTV1	0.13226433110533073	90
LUC7L	-0.08337929389264752	90
LUC7L2	0.36772347106060177	60
LUC7L3	0.3153427203299014	96
LUM	0.5780513449927696	96
LURAP1L	0.2194805194805195	21
LUZP1	0.06317295920943618	96
LXN	0.3862786992298976	96
LY6E	0.8733573712377547	56
LYAR	0.4868041754559698	96
LYN	0.8218487281012287	96
LYPD8	0.5344726233219171	76
LYPLA1	0.17224692161968827	96
LYPLA2	0.38292467870718955	96
LYPLAL1	0.32623646870506523	96
LYRM1	0.5340859748154582	48
LYRM2	0.18694339889340822	96
LYRM4	0.3784071931992942	86
LYRM7	0.3578599788834338	68
LYRM9	0.3015886667137137	33
LYSMD2	0.4785851715076658	40
LYVE1	0.4918945742561794	74
LYZ	0.2212033451173038	96
LZIC	0.5668459535115057	96
LZTFL1	0.4479502970780541	96
LZTS2	0.12791468969147896	49
M6PR	0.4724749641620413	96
MACC1	0.4171732522796353	48
MACF1	0.10741427782308965	96
MACROD1	0.43228871701284605	96
MAD1L1	0.04402104057755651	96
MAD2L1	0.3499802912372366	91
MADD	0.0463863006946377	62
MAEA	0.15598785508821866	63
MAGED2	0.6308956985454194	96
MAGI1	0.25071474859909276	54
MAGOHB	-0.06972611475052017	96
MAGT1	0.11077951939813438	96
MAIP1	0.1825707425972786	96
MAK16	0.35835184400375625	96
MALSU1	0.20488460978196263	79
MALT1	0.5838056680161944	39
MAN1A1	0.43731623197648406	96
MAN1A2	0.3006639545034764	88
MAN1B1	0.2778028358307176	96
MAN2A1	0.5823967878375128	96
MAN2B1	0.13873477305407092	96
MAN2C1	0.14269436202518904	96
MANBA	0.4274115197815926	21
MANBAL	-0.06625841373925608	74
MANF	0.5751250529918618	96
MAOA	0.703046787619097	96
MAOB	0.46361663188840946	96
MAP1B	0.48639656560465483	96
MAP1LC3A	0.17400848134234345	67
MAP1S	0.32038973240621926	96
MAP2K1	0.7219748431696983	96
MAP2K2	0.36938186530936273	96
MAP2K3	0.6388152227878104	96
MAP2K4	0.5377738891258503	96
MAP2K6	0.3896076589625489	96
MAP2K7	0.07285345319194125	95
MAP3K11	0.025	31
MAP3K2	-0.03366634765344262	28
MAP3K4	0.14243053259305707	39
MAP3K7	0.23985119756456305	95
MAP4	0.005493797434997732	96
MAP4K3	0.2551686231313172	82
MAP4K4	0.32549361554982736	91
MAP4K5	0.24107075436079442	43
MAP7	0.6411733785539202	96
MAP7D1	0.37411655392527393	96
MAPK1	0.21189461225802056	96
MAPK13	0.7729048536491846	96
MAPK14	0.13322255192954946	96
MAPK3	0.5805666149064949	96
MAPK8	0.3754364275575954	64
MAPK9	0.16983531617661962	96
MAPKAP1	-0.0008064516129032259	31
MAPKAPK2	0.4593101530495048	96
MAPKAPK3	0.2932804439980252	89
MAPKAPK5	0.3446391599325106	52
MAPRE1	0.5974307844790763	96
MAPRE2	0.5838304366290461	96
MAPRE3	0.42446235722063114	83
MARC1	0.384456267290913	89
MARC2	0.46078767213421046	96
MARCH5	-0.027755621079057283	92
MARCKS	0.5167103572027528	96
MARCKSL1	0.2606655000806033	96
MARK2	0.1550424927292728	96
MARK3	0.5035348624053568	65
MARS	0.3099315649255018	96
MARS2	0.3522613089071601	86
MARVELD1	0.3965096710833194	40
MARVELD3	0.4532818532818533	36
MAT2A	-0.03166108799399635	96
MAT2B	0.3170113843323449	96
MATN2	0.5005256626079454	96
MATR3	0.002706213099161001	96
MAU2	-0.0406891495601173	32
MAVS	0.6211971690118772	96
MAX	0.5990192354786583	96
MAZ	0.24066421721762057	68
MB	0.5507691736541063	72
MB21D1	0.4669569881456004	34
MB21D2	0.8218414785831315	37
MBD1	0.4254156632340607	92
MBD2	0.48162069198938334	91
MBD3	0.28477203179282273	88
MBLAC2	-0.053055235448051526	39
MBNL1	0.09111010127197326	96
MBNL2	0.39712049665270327	86
MBOAT1	0.5300967611794727	50
MBOAT2	0.7381938194350988	63
MBOAT7	0.48693340206325414	96
MBP	0.49982534624252956	96
MCAM	0.31252098515293697	96
MCAT	0.1969036679715363	96
MCCC1	0.5241187761552392	96
MCCC2	0.49887749428025224	96
MCEE	0.3315675598753262	96
MCF2L	0.3823313782991202	32
MCFD2	0.0809159166455481	96
MCL1	0.4596837944664031	45
MCM2	0.49029588815865727	96
MCM3	0.5002255208893494	96
MCM3AP	-0.022352961104284294	81
MCM4	0.6018034638205776	96
MCM5	0.6404212025785727	96
MCM6	0.6991545684880426	96
MCM7	0.5873499798254728	96
MCMBP	0.5466821759864035	96
MCRIP1	0.307862441018546	92
MCRIP2	0.4736137057653254	87
MCRS1	0.11393922942349226	51
MCTP2	0.6203231853961135	41
MCTS1	0.3729448710291861	96
MCU	0.30119881305811186	96
MCUB	0.5708047056723401	75
MCUR1	0.26308128408179837	89
MDC1	0.22519305317158717	96
MDH1	0.2338881428340909	96
MDH2	0.5056176346636153	96
MDK	0.7677031440271767	96
MDN1	0.14427533072425963	90
ME1	0.7749875372166252	96
ME2	0.6671685725678763	96
ME3	0.666625970663252	96
MEAF6	-0.009514786221619964	53
MECP2	0.3498706205148499	96
MECR	0.4096612723980398	96
MED1	0.23653570853016717	85
MED10	0.06637253028215762	69
MED11	0.1698402276209236	38
MED14	0.11385171526327716	79
MED15	0.11947745416600816	87
MED16	0.14241490138134844	77
MED17	0.042931248744671746	59
MED18	0.11904232957039662	74
MED19	-0.0996256401410116	34
MED20	0.06402283831878071	83
MED21	0.26453949546406974	67
MED22	0.13064614488728965	81
MED23	0.20778238619719247	96
MED24	0.08227099668845295	76
MED27	-0.07966118826423267	31
MED28	0.33255382630433034	53
MED29	0.22093341391059956	38
MED30	-0.285724295322823	35
MED4	0.2205497086729895	81
MED6	0.3740296419855027	31
MED8	-0.01736053781491643	86
MEF2D	-0.16808725210362488	32
MEIS1	0.4235032142677624	39
MELTF	0.6513128615932355	30
MEMO1	0.3786774556197547	96
MEN1	0.08857467555119192	65
MEP1A	0.7158965664445867	96
MEPCE	0.6208863507020377	96
MESDC2	0.4105508398440575	96
MEST	0.15171607664425868	76
MET	0.6951706300732964	94
METAP1	0.4724338952946175	96
METAP2	0.3173298335671695	96
METTL1	0.23893352144672617	96
METTL13	0.4569697931644214	96
METTL14	0.3087813872292109	74
METTL15	0.3467832733931901	79
METTL16	0.14034300782354042	68
METTL17	0.08691197814394262	52
METTL26	0.14971190988081218	96
METTL2B	0.26233766233766237	21
METTL3	0.5615364267675318	96
METTL5	0.34161490683229817	22
METTL7A	0.5506117909927399	96
METTL7B	0.6734582450539295	96
MFAP1	0.08831010275714724	96
MFAP2	0.3065079526853045	96
MFAP4	0.3432018882513328	96
MFAP5	0.6092767562354852	96
MFF	0.21922509538065868	96
MFGE8	0.4291474635064898	96
MFN1	0.07156252649468875	96
MFN2	0.28818795633599315	96
MFSD10	0.44079166017685417	96
MFSD5	0.17264957264957262	26
MFSD6	0.2803765781620132	82
MGAT1	0.36338047282593056	96
MGAT2	0.29035639412997905	53
MGAT5	0.5375036455878214	96
MGEA5	0.5856535333870474	96
MGLL	0.4654055631503956	96
MGME1	0.49655312597105816	81
MGMT	0.7899754134242908	96
MGP	0.612746118000701	92
MGRN1	0.11264822134387352	45
MGST1	0.6866818595092766	96
MGST2	0.5828184241941033	96
MGST3	0.047185935784261994	96
MIA2	0.5838290252785937	96
MIA3	0.4492856343518206	96
MIB1	0.09415821619568074	59
MICAL1	0.45110946068566776	96
MICAL2	0.49383694437524944	86
MICAL3	0.15223586637024217	93
MICALL1	0.06558956000664416	96
MICALL2	0.23103793267833303	96
MICU1	0.3516169727962808	96
MICU2	0.27534413353794335	96
MID1	0.2513845037682802	96
MIEF1	0.45947043635864354	91
MIEN1	0.2743814415703784	93
MIER1	0.3283845987421759	93
MIF	0.20469482294843405	96
MIF4GD	0.2636780151699478	96
MINDY1	0.03934520064136942	64
MINDY3	0.428636076101843	51
MINK1	0.05107266154357455	96
MINOS1	0.19570437257487674	86
MINPP1	0.34379051616810935	90
MIOS	-0.029667411631784806	96
MIPEP	0.5326053412738547	96
MIS12	0.42195949219470497	32
MISP	0.6170916983179598	96
MISP3	0.5710055900468851	96
MKI67	0.3437094110603581	96
MKL2	0.043049556206687226	87
MKRN1	0.17464694637728947	33
MKRN2	0.27186464589756537	96
MLEC	0.6379134351262898	96
MLF2	0.4209937111059892	90
MLH1	0.5612518474232121	38
MLKL	0.7294388957700538	96
MLLT1	0.0335395070529582	41
MLPH	0.5379445457983391	82
MLST8	0.048379888744144395	89
MLX	-0.1888433193410726	46
MLXIP	0.16385073551798426	42
MLYCD	0.36191109255421317	96
MMAA	0.46443880738964843	96
MMAB	0.2884873641801978	96
MMACHC	0.4272283115217292	20
MME	0.6765535222386535	84
MMGT1	0.08450910979882546	81
MMP1	0.6863646424047878	78
MMP11	0.5326612664718463	63
MMP12	0.40219977883229036	95
MMP14	0.5587919112617293	96
MMP2	0.481426090978124	96
MMP28	0.0541036228235467	34
MMP3	0.6704980842911876	28
MMP7	0.677391304347826	24
MMP9	0.2568893832679123	96
MMRN1	0.18585173657184512	82
MMRN2	0.19662629854954725	96
MMS19	0.4327519491599167	96
MNAT1	0.1441629752724597	72
MNDA	0.33443778233741334	96
MOB1A	0.20375005087352627	96
MOB2	0.16393325873926684	96
MOB3A	0.15785148705540336	82
MOB4	0.06965008783572782	96
MOCS2	0.28288277180951565	92
MOCS3	0.747914321414402	96
MOGAT2	0.4894104383346853	44
MOGS	0.3319598746668143	96
MON1A	0.2383833183163856	36
MON1B	-0.12636703894021084	79
MON2	0.28211467309817573	96
MORC2	0.2780047043572997	78
MORC3	0.28418364213883085	94
MORF4L1	0.17964320431351935	84
MORF4L2	0.25981592387957797	96
MOSPD2	0.33755299221866847	77
MOV10	0.3152668597507353	96
MOXD1	0.6679881251705949	69
MPC1	0.158878857817428	62
MPC2	0.3701814654945204	96
MPDU1	0.18112019968131843	96
MPG	0.07718629502436959	96
MPHOSPH10	-0.03218323758918433	96
MPHOSPH6	0.11782080742433386	80
MPHOSPH8	0.12328019181777024	96
MPI	0.542340692521038	96
MPP1	0.6631215896215604	96
MPP5	0.13283423202310812	64
MPP6	0.6714285717481749	73
MPP7	0.7109637032182382	96
MPRIP	0.4159485610230837	96
MPST	0.3712586222184024	96
MPV17	0.3873618456100974	96
MPZL1	0.09630461477104565	83
MRC1	0.5917374879306213	96
MRC2	0.4807661656126929	96
MRE11	0.49064506174168354	96
MRFAP1	0.301892546129655	54
MRGBP	0.4060828877005348	33
MRGPRF	0.5780328984162169	96
MRI1	0.340522942313562	96
MRM1	0.5568452418956933	91
MRM2	0.1999435267530744	22
MRM3	0.43981483094310464	96
MROH1	0.6032067934239413	96
MRPL1	-0.0016549329209946712	96
MRPL10	0.3025896335014628	96
MRPL11	0.03757223473581538	96
MRPL12	0.3445233097367975	96
MRPL13	0.0816752861424211	96
MRPL14	0.008573182353130118	96
MRPL15	0.1093382258184852	96
MRPL16	-0.058360718004357666	96
MRPL17	-0.13430416322188554	96
MRPL18	-0.04357454370441458	96
MRPL19	-0.02780839338718831	96
MRPL2	0.2543146571882597	96
MRPL20	-0.15983206272552158	96
MRPL21	-0.17240432064608757	96
MRPL22	-0.1338797906936407	96
MRPL23	0.005748295859324408	96
MRPL24	0.14971190989458666	96
MRPL27	-0.024362865621165956	96
MRPL28	-0.17056214223333316	96
MRPL3	-0.04469690546867584	96
MRPL30	0.13050953794655928	96
MRPL32	0.16777790590009697	96
MRPL33	-0.02207611132466318	87
MRPL34	0.06590558476666715	73
MRPL35	0.009623207677938303	70
MRPL37	0.09229026635317444	96
MRPL38	0.2795450229316315	96
MRPL39	-0.06650275540521497	96
MRPL4	0.0819672131147541	96
MRPL40	-0.10466843465585274	96
MRPL41	0.05870662963681284	96
MRPL42	-0.0977624678749739	92
MRPL43	-0.2025638416976088	96
MRPL44	-0.1261140882767712	96
MRPL45	0.23697820406227077	96
MRPL46	0.02861919748493058	96
MRPL47	-0.066618962190629	96
MRPL48	0.012314758444606328	92
MRPL49	0.1979489544869009	96
MRPL50	-0.04135353645066498	96
MRPL51	-0.05435486660571073	96
MRPL52	-0.06729993149616446	96
MRPL53	0.09759993491339965	96
MRPL54	0.03719554793236814	96
MRPL55	0.10905366557918235	96
MRPL57	0.0356504039967927	46
MRPL58	0.0897002418052942	96
MRPL9	0.0685624173427617	96
MRPS10	-0.007654324337860823	96
MRPS11	0.04803319110773099	90
MRPS12	0.03687010257204573	91
MRPS14	-0.08370291879954285	92
MRPS15	-0.11668034483598273	96
MRPS16	-0.14435465000032144	96
MRPS17	0.0747500644407411	96
MRPS18A	0.029463132087106235	96
MRPS18B	0.09401918094601694	96
MRPS18C	0.17677230565633809	72
MRPS2	0.06234548432750952	96
MRPS21	0.16785202746654526	90
MRPS22	0.05981598733039677	96
MRPS23	0.02463094281281014	96
MRPS24	0.04346689226077496	58
MRPS25	0.35082221838077704	96
MRPS26	0.18941778129201478	96
MRPS27	0.05817360518176539	96
MRPS28	0.17101095397971988	96
MRPS30	-0.08758745350114681	96
MRPS31	0.31305320995391184	96
MRPS33	0.2380865177227038	96
MRPS34	-0.03195252225537662	96
MRPS35	-0.05379228486925276	96
MRPS36	0.019148005334078563	96
MRPS5	-0.09818364329638878	96
MRPS6	0.18263269984671524	96
MRPS7	0.0710882312082994	96
MRPS9	0.2731286947274849	96
MRRF	0.38929715981571894	96
MRTO4	0.29101101495555304	96
MRVI1	0.4797826846564156	96
MSH2	0.3999369211435524	96
MSH3	0.4715028894326761	96
MSH6	0.555217179094293	96
MSI2	0.48584324990020866	96
MSMO1	0.6843177536928643	71
MSN	0.39819584569961924	96
MSR1	0.6653878224328533	87
MSRA	0.3012830679576826	88
MSRB2	0.4086653079291925	96
MSRB3	0.5093041158925202	90
MST1	0.2959096076427002	64
MST1R	0.22054063511503802	70
MSTO1	0.23169426476696978	62
MT1F	0.34971642687286403	82
MT1G	0.29648081012416616	96
MTA1	0.4011508635878288	89
MTA2	0.18758838670839623	96
MTA3	0.43649724348931085	77
MTAP	0.195935863714818	96
MTCH1	0.23864268370982583	96
MTCH2	0.15788277825130273	96
MTDH	0.7050213816555111	96
MTERF3	0.39154123992959217	66
MTERF4	0.06248156049319055	65
MTFMT	0.16053754430506345	68
MTFP1	0.18069757846416368	35
MTFR1	0.7206896551724137	29
MTFR1L	0.22924311395302416	96
MTG1	0.2830831109603871	96
MTG2	0.3504704184846125	44
MTHFD1	0.6523576332025377	96
MTHFD1L	0.5458140173730929	96
MTHFD2	0.4871995740791293	96
MTHFD2L	0.20084649428210408	25
MTHFS	0.27087957771445725	69
MTIF2	0.1414279803883614	96
MTIF3	0.2897440940943088	96
MTM1	0.4999847389081501	96
MTMR1	0.1212411019379573	96
MTMR10	0.21915752043159753	40
MTMR11	0.42564774891180385	31
MTMR12	0.4826243696338294	96
MTMR14	0.32252156953291505	96
MTMR2	0.31073322763606404	87
MTMR6	0.3141252594383082	96
MTMR9	0.21129052517517924	82
MTO1	0.340806690027793	48
MTOR	0.145434999355657	96
MTPAP	0.3426674218535223	96
MTPN	0.06059455096684053	96
MTR	-0.08076839355681321	82
MTRF1	0.5828862135852338	22
MTSS1	-0.011583011583011582	36
MTSS1L	-0.02656222231584249	76
MTURN	-0.12956519909592865	52
MTUS1	0.5077922077922078	56
MTX1	0.04972055293567005	96
MTX2	-0.09890732250152898	96
MTX3	0.4510635123970213	96
MUC1	0.5996801849577318	92
MUC13	0.4603272573362439	96
MUC2	0.6448330943351944	96
MUC4	0.519375944135807	85
MUL1	0.1160596715085762	55
MUSTN1	0.22676752008476167	61
MUT	0.3981619330430733	96
MVB12A	0.2137169252499354	96
MVB12B	0.16664812651791733	30
MVD	0.6188265377098776	96
MVK	0.578851697691029	96
MVP	0.45994716369684546	96
MX1	0.7008864683021453	96
MX2	0.6680774435441543	96
MXRA5	0.49685291444539403	96
MXRA7	0.5808383653054864	96
MXRA8	0.44742413777133716	31
MYADM	0.2993346310696442	96
MYBBP1A	0.3306078847140155	96
MYCBP	0.3024311831869399	96
MYCBP2	0.13042224959738175	96
MYD88	0.22814578268573085	94
MYDGF	0.30921472077109446	96
MYEF2	0.7987425222989238	96
MYH10	0.477944891928084	96
MYH11	0.6450079185892532	96
MYH14	0.3735116675959807	96
MYH9	0.3593713968235792	96
MYL12A	0.17153061310640624	71
MYL12B	0.2631036353771026	96
MYL6	0.3099103634119852	96
MYL6B	0.2676159644100883	78
MYL9	0.6645753149867083	96
MYLK	0.7453275866670394	96
MYO15B	0.5528097965638019	96
MYO18A	0.2150727252392173	96
MYO19	0.428441071943137	50
MYO1A	0.6609060140941555	96
MYO1B	0.67351471970056	96
MYO1C	0.1404125152050408	96
MYO1D	0.5823241555254788	96
MYO1E	0.6888389239747302	96
MYO1F	0.6032916313689339	96
MYO1G	0.658647016006112	96
MYO5A	0.4253339875464731	86
MYO5B	0.5729469058287809	96
MYO5C	0.48673937019859687	91
MYO6	0.7055240731120411	96
MYO7B	0.4731903349121533	96
MYO9B	0.31632351998144764	96
MYOF	0.4671945739747086	96
MZB1	0.7196052497710856	96
MZT1	0.12045818541917593	29
MZT2B	-0.0811441024872207	81
N4BP1	0.2033006430809799	81
NAA10	0.17317905276388695	96
NAA15	0.46179541703393456	96
NAA16	0.15415691658106662	75
NAA20	-0.2233201581027668	23
NAA25	0.32507908956814047	95
NAA30	0.5813288610178061	54
NAA35	0.21513887483754668	96
NAA40	0.31504972638398177	74
NAA50	0.16341106093555713	96
NAAA	0.5155627904889339	96
NAALADL2	0.7239599149711508	39
NABP2	0.29724622826352975	60
NACA	0.306176155429084	96
NACC1	0.1293365056001636	89
NADK	-0.02851172027977362	86
NADK2	0.27122891868095933	96
NADSYN1	0.35015158811440666	96
NAE1	0.11047996283259574	96
NAGA	0.1806293642271866	96
NAGK	0.3806715479519424	96
NAGLU	0.10351949321335538	96
NAGPA	0.34025974025974026	21
NAIP	0.4008379408896167	64
NAMPT	0.6305951294982969	96
NANP	0.31527093596059114	28
NANS	0.328842195222271	96
NAP1L1	0.4384743469537855	96
NAP1L4	0.2806622489670287	96
NAPA	0.43689168934176376	96
NAPB	0.17753814808308999	44
NAPEPLD	0.5131108981618607	41
NAPG	0.7802300659269106	96
NAPRT	0.6918365686074567	96
NARFL	-0.021387632785587002	77
NARS	0.6796663049376017	96
NARS2	0.31606113944532094	96
NASP	0.7280329903787309	96
NAT1	0.6606900621894408	96
NAT10	0.614921829958965	96
NAT14	0.17120335146488194	29
NAXD	0.4628457091198382	96
NAXE	0.29662839043799016	96
NBAS	0.3499686307938644	96
NBEAL2	0.2942592818676325	96
NBL1	0.6047783565204655	66
NBN	0.2144494635033031	96
NCALD	0.34869741801996396	92
NCAPD2	0.2963279480460919	96
NCAPD3	0.18944360831695792	49
NCAPG	0.6757632840377505	93
NCAPG2	0.3141859409864088	39
NCAPH	0.5427601251418666	90
NCBP1	0.5444291460081256	96
NCBP2	0.18160545328818087	96
NCBP3	0.3085372636262514	96
NCDN	0.04102795317061579	92
NCEH1	0.5896959379260295	96
NCF1	0.5448163368491221	96
NCF2	0.6099398050898038	96
NCF4	0.30283483754233054	96
NCK1	0.3231255489670058	96
NCK2	0.4494375544751879	96
NCKAP1	0.20052022401732456	96
NCKAP1L	0.5060550670308572	96
NCKIPSD	0.25855773712062174	91
NCL	0.28190154506271115	96
NCLN	0.1500369649444089	96
NCOA2	0.37990961013124447	66
NCOA5	0.665412998496343	96
NCOA7	0.17212669683257917	51
NCOR1	0.17202469962972136	86
NCOR2	0.0631449723137567	96
NCS1	0.5084262380088151	57
NCSTN	0.3497709183778344	96
NDC1	0.38714583765899646	91
NDE1	0.014040789510450789	79
NDEL1	-0.031168831168831172	21
NDOR1	-0.04157194113377193	21
NDRG1	0.7409623028155075	96
NDRG2	0.6950862597123987	96
NDRG3	0.7226636552381142	96
NDUFA1	-0.02853816890289152	63
NDUFA10	0.05402930713514996	96
NDUFA11	-0.2756083086069261	96
NDUFA12	-0.015694839153081674	96
NDUFA13	-0.04535142009560693	96
NDUFA2	-0.06870006375719272	96
NDUFA3	-0.10546770348375369	96
NDUFA4	0.0891758625601096	96
NDUFA4L2	0.7870310013232745	37
NDUFA5	0.17773135463801895	96
NDUFA6	-0.10911027008213636	96
NDUFA7	-0.03951464673616888	96
NDUFA8	0.04630128902978065	96
NDUFA9	-0.022816370272992745	96
NDUFAB1	0.11767738085823985	96
NDUFAF1	0.25080467915153337	90
NDUFAF2	0.2018190882188	96
NDUFAF3	0.0863493312431926	96
NDUFAF4	0.2868712080892541	96
NDUFAF5	0.20628076155287134	41
NDUFAF6	0.25629554868652416	55
NDUFAF7	0.4041948295205238	94
NDUFAF8	0.29290438086886617	69
NDUFB1	0.03956930902947722	96
NDUFB10	-0.02126988540997116	96
NDUFB11	0.058845672544111466	96
NDUFB2	-0.0164598894710857	91
NDUFB3	-0.07582118706893787	96
NDUFB4	-0.09418842432661656	96
NDUFB5	-0.04938346966295983	96
NDUFB6	0.1789849223777409	96
NDUFB7	0.008708774905071309	96
NDUFB8	-0.10032013457426746	96
NDUFB9	-0.02489851700892989	96
NDUFC1	-0.09127548601232811	37
NDUFC2	-0.004408677634328271	96
NDUFS1	-0.08332287699665043	96
NDUFS2	-0.20298706893216956	96
NDUFS3	0.002482407799929493	96
NDUFS4	-0.09162003594804492	96
NDUFS5	-0.057230836013741945	96
NDUFS6	-0.18436224041631652	96
NDUFS7	-0.028812403984253752	96
NDUFS8	-0.06608607774466113	96
NDUFV1	-0.1040919172256625	96
NDUFV2	0.05012005209155141	96
NDUFV3	0.19282187284245106	96
NEBL	0.7802902875746066	96
NECAP1	0.37450962262769394	88
NECAP2	0.47342896869807044	96
NECTIN1	0.226819691935971	43
NECTIN2	0.3438382783507944	96
NEDD1	0.22793611743550218	87
NEDD4	0.5244952081348556	96
NEDD4L	0.40161966386794445	96
NEDD8	0.22219341457091002	57
NEDD8-MDP1	0.20673669890653784	57
NEGR1	0.5401079859577589	96
NEK3	0.6478342069276845	94
NEK6	0.28582420224819827	25
NEK7	0.19742058446521998	96
NEK9	0.4821823410629228	96
NELFA	0.2945864462782014	96
NELFB	0.1725748198478461	96
NELFCD	0.4069465780903015	96
NELFE	0.08550092582703007	96
NEMF	0.5788395603534477	96
NEMP1	0.31897435897435894	26
NENF	0.30593669246264554	96
NEO1	0.23880585129679327	91
NEPRO	0.3203812316715542	32
NES	0.3098825596549574	96
NEU1	0.43446058683292893	96
NEXN	0.6643797754600826	96
NF1	0.013851227556046595	85
NF2	-0.00899055423602382	75
NFATC2	-0.005336692830316025	70
NFATC2IP	0.2979306415895702	96
NFIA	0.4959703493136857	94
NFIB	0.35843920145190555	31
NFIC	0.19511855991752353	96
NFIX	0.36772441017191654	96
NFKB1	0.3647030894970666	96
NFKB2	0.5551602752210798	96
NFKBIB	0.029457645129303756	90
NFKBIE	0.2712569728664606	83
NFRKB	0.1086320719093188	33
NFS1	0.722889931919284	96
NFU1	0.3506412908564336	96
NFX1	0.14666051515700407	48
NFXL1	0.4790764403911449	96
NFYA	0.13429686269788801	95
NFYB	0.16430896885673182	90
NFYC	0.11345744036077539	88
NGDN	0.1689821806100876	43
NGEF	0.26462387620749706	75
NGLY1	0.029703782348184705	87
NHEJ1	0.3468176533049828	96
NHLRC2	0.5357239751978297	96
NHLRC3	-0.09203839638622249	22
NHP2	0.14158589770871732	96
NID1	0.04482962098912091	96
NID2	0.2351111850331329	96
NIF3L1	0.13824104943503818	96
NIFK	0.26046732460768013	96
NINJ1	0.47499726447094875	38
NIP7	0.04726134479389717	96
NIPBL	0.32112481178529284	96
NIPSNAP1	0.33641037467878177	96
NIPSNAP2	0.24671638302068546	96
NIPSNAP3A	0.23874417092516684	90
NISCH	0.25138226778989525	82
NIT1	0.07639922820449513	96
NIT2	0.22100361853872205	96
NKIRAS2	0.33160064735879896	92
NKRF	0.5446912125327796	88
NKTR	-0.22985842985842986	36
NLE1	0.6080538005305139	96
NLN	0.49097747168269973	96
NLRX1	0.1698574183826272	68
NMD3	0.19849427723725843	96
NME1	0.18652949563224847	92
NME1-NME2	0.10616101569487124	96
NME3	0.35058601711266646	96
NME6	0.013444109374873801	43
NME7	0.3260716954321831	82
NMI	0.5888896048216665	96
NMNAT1	0.3439190406072154	96
NMNAT3	0.4991301107368147	96
NMRAL1	0.44564836265558266	92
NMT1	0.5687349088238881	96
NMT2	0.2627951415943928	86
NNMT	0.7241552381506519	96
NNT	0.669868044890973	96
NOA1	0.11682066536686113	92
NOB1	0.19173566444803622	95
NOC2L	0.132307358409319	96
NOC3L	0.30039474755838963	96
NOC4L	0.41807015695968647	94
NOL10	0.17408072044777778	90
NOL11	0.03356373117705297	93
NOL3	0.4804494567169697	90
NOL4L	0.566067986284468	68
NOL6	0.2743011398143103	96
NOL7	0.19242759762853287	94
NOL8	0.03671368787028464	65
NOL9	0.2717055107927449	96
NOLC1	0.4720305214100904	96
NOM1	0.41809469227689566	96
NOMO1	0.23068508745574726	78
NOMO2	0.06818181818181818	23
NONO	0.5772663763884323	96
NOP10	-0.12169141710563078	96
NOP14	0.336210258632479	96
NOP16	0.4072943497206496	94
NOP2	0.5975528696945595	96
NOP53	0.024588966021191084	69
NOP56	0.3303184761371932	96
NOP58	-0.03260375618135589	96
NOP9	0.4170580755156573	96
NOS2	0.7161290322580645	30
NOS3	0.25148005148005154	36
NOSIP	0.38372633273031775	96
NOSTRIN	0.6495747595081862	91
NOX1	0.755522765978647	71
NPC1	0.5098292790550143	94
NPC2	0.30189639035407295	96
NPEPL1	0.31588478888240057	96
NPEPPS	0.5717371767731054	96
NPL	0.4153775681778214	44
NPLOC4	0.38209121253738626	96
NPM1	0.22863847856795047	96
NPM3	0.5535918705415315	88
NPNT	0.4491659064498091	96
NPTN	0.24690462060336976	96
NQO1	0.4613902888290071	96
NQO2	0.27102733200568446	86
NR2C2	0.16448202959830865	44
NR2C2AP	0.2856837636874917	96
NR2F2	0.21417975148333973	92
NR2F6	0.2837312604108828	59
NR3C1	0.4148936170212766	48
NRAS	0.2930897919016873	63
NRBF2	0.16992659113567782	57
NRBP1	-0.12370029235385635	96
NRBP2	0.17884054200508653	41
NRDC	0.4837897964335017	96
NRDE2	0.5607834555202976	38
NRF1	0.11431381534467976	96
NRGN	0.395054718399958	21
NRM	0.23655254633417	78
NRP1	0.5535301877802111	96
NRP2	0.4811423558887813	86
NSA2	0.05291123535366736	92
NSD3	0.48489578330611854	50
NSDHL	0.6655497867029055	96
NSF	0.5368055508454459	96
NSFL1C	0.7012327257352745	96
NSL1	0.354411941057274	67
NSMAF	0.23193260081654482	56
NSMCE1	0.10589853300733496	34
NSMCE2	-0.04952322362350046	56
NSMCE3	0.20048360800338685	96
NSRP1	0.2839931316708546	86
NSUN2	0.5211263306786528	96
NSUN4	0.3612828487889821	62
NSUN5	0.22436099609113222	96
NT5C	0.20729134873471688	96
NT5C2	0.30918759072320934	96
NT5C3A	0.38904620603963413	96
NT5C3B	0.38870967741935486	31
NT5DC1	0.22197879719449046	96
NT5DC2	0.7247656652438422	86
NT5DC3	0.5079552151498661	91
NT5E	0.4328095008783293	96
NTAN1	0.21308476428970333	41
NTHL1	0.343623684684942	77
NTM	0.6681534849709785	81
NTMT1	0.2961516255760872	91
NTPCR	0.628288782254259	96
NUB1	0.650221280237127	96
NUBP1	0.3867712092382229	96
NUBP2	0.07459431963082107	96
NUBPL	0.6469776309067518	96
NUCB1	-0.12656845590496957	96
NUCB2	0.6466750092449853	96
NUCKS1	0.37272915331587536	96
NUDC	0.43666194154870835	96
NUDCD1	0.3868546798135332	96
NUDCD2	0.4677399118396429	96
NUDCD3	0.671149952695357	96
NUDT1	0.1185378662742743	60
NUDT12	0.3698965510030278	63
NUDT14	0.6692307692307693	25
NUDT15	0.4446167469908867	44
NUDT16	0.38878017845315155	96
NUDT16L1	0.17477591745035	96
NUDT19	0.4618948139612738	96
NUDT2	0.726479176100837	96
NUDT21	0.17534566199713503	96
NUDT3	0.13390027129544602	69
NUDT4	0.7691968570203516	96
NUDT5	0.18450869012399446	96
NUDT6	0.17899491812535295	22
NUDT8	0.5125889333609773	60
NUDT9	0.39027781549481944	96
NUFIP2	0.15481814328906363	96
NUMA1	0.26173035446009574	96
NUMB	0.21827406003306504	96
NUMBL	0.14985131791699327	76
NUP107	-0.10576150248813664	96
NUP133	0.023708592204899837	96
NUP153	0.4347939621489158	96
NUP155	0.2480152472548688	96
NUP160	0.24368291649143944	96
NUP188	0.26326498776353835	96
NUP205	0.3025465720547761	96
NUP210	0.5400841020075964	96
NUP214	0.13908454885660507	96
NUP35	0.12233063047551804	96
NUP37	0.04796657532759977	96
NUP43	0.15665407221685634	83
NUP50	0.6619651916763885	96
NUP54	0.01281568675335392	96
NUP58	0.20399020592454892	96
NUP62	0.14272051770435276	96
NUP85	0.12267612607700935	96
NUP88	0.12388300127813665	96
NUP93	0.36415955614875123	96
NUP98	0.13624987283784903	96
NUPL2	0.006714416795978269	75
NUPR1	0.652014652014652	27
NUS1	0.29426129426129427	27
NUSAP1	0.563253436521888	40
NUTF2	-0.050733705704322396	96
NVL	0.05179704016913319	43
NXF1	0.29991793104851566	96
NXN	0.5513626621593652	96
NXPE4	0.4505191017209875	53
NXT1	0.17900774446049206	95
OAF	0.13288288290708808	68
OARD1	0.578154885456671	96
OAS1	0.5430245728866957	96
OAS2	0.8074268757994715	96
OAS3	0.7250122934488645	96
OASL	0.6647357124990493	86
OAT	0.6680096040369512	96
OCIAD1	0.3127774518510578	96
OCIAD2	0.44895176989482094	96
OCLN	0.621984305175155	96
OCRL	0.2985868277316996	94
ODF2	-0.2943714821763603	40
OGDH	0.3156147306255205	96
OGFOD1	0.42665894405164545	36
OGFOD2	-0.0985732550885324	96
OGFOD3	0.24694284650832493	47
OGFR	0.6243849172069178	96
OGN	0.6189967477944944	96
OGT	-0.020232644905995092	96
OLA1	0.261281822603958	96
OLFM4	0.6536147644075049	96
OLFML1	0.4534027528843344	96
OLFML3	0.5387664989575578	96
OMA1	0.3442027013993745	82
OPA1	0.14054625981237412	96
OPA3	0.13174018426028433	85
OPLAH	0.4370515063959089	96
OPTN	0.6589797677659817	96
ORC2	0.19487613219979907	44
ORC3	0.11619119667966724	91
ORC4	0.09492052906524397	60
ORC5	0.04915131459804743	90
OS9	-0.11324081987265176	96
OSBP	0.3482383584729066	96
OSBP2	0.034862620552581006	52
OSBPL10	0.36882593628658517	66
OSBPL11	0.15337436373899938	89
OSBPL1A	0.45124380566668304	90
OSBPL2	0.7334454716926504	96
OSBPL3	0.32419227434977205	92
OSBPL5	0.06670863764391709	62
OSBPL7	0.2692307692307692	25
OSBPL8	0.49107088355184175	96
OSBPL9	0.07053205956827645	96
OSGEP	0.3566022906822903	92
OSGEPL1	0.4768252381150963	41
OSTC	0.2830584748336774	96
OSTF1	0.2162652522971416	96
OSTM1	-0.044882320744389706	28
OTUB1	0.36639378178456006	96
OTUD4	0.39833664982907285	49
OTUD6B	0.51684064103096	92
OTUD7B	0.4042997155893231	78
OTULIN	0.4629625742787666	83
OVCA2	0.46835357362101804	91
OXA1L	0.3755667617367134	96
OXCT1	0.7029690547852462	96
OXNAD1	0.36722169143845645	71
OXR1	0.5088477268682345	96
OXSM	0.092125968263758	96
OXSR1	0.5703336690743713	96
P2RX4	0.4684387410330239	96
P3H1	0.4299812795051278	96
P3H3	0.4951807319864502	96
P3H4	0.26987630584704203	65
P4HA1	0.7281205384316565	96
P4HA2	0.24631198410168417	96
P4HB	0.7190770420474811	96
PA2G4	0.549767019184178	96
PAAF1	0.22698329212804605	93
PABPC1	0.08092865839395755	96
PABPC4	0.3264637558306184	96
PABPN1	-0.052503467210098784	86
PACS1	0.19270669067811147	96
PACS2	0.13372859025032938	45
PACSIN2	0.563235074729306	96
PACSIN3	0.61660550899978	96
PADI2	0.6081236903067696	96
PAF1	0.0783417327499831	96
PAFAH1B1	0.5648882920278355	96
PAFAH1B2	0.07717220634012222	96
PAFAH1B3	0.3246798611594847	96
PAFAH2	0.3590343888512554	91
PAG1	0.46889656839728966	96
PAICS	0.38398252836766394	96
PAIP1	0.20074271290654408	96
PAIP2	0.4161090384043817	46
PAK1	0.5210784230636153	96
PAK1IP1	0.25963719974511146	96
PAK2	0.1326329211798938	96
PAK4	0.41779753966343297	93
PALD1	0.580614535538459	80
PALLD	0.43924143366210694	96
PALM	0.5512150457290217	96
PALM2-AKAP2	0.3003245599167778	96
PALMD	0.6270928610952574	24
PAN2	-0.04981295075160718	73
PANK4	0.28027471673745036	96
PANX1	0.2526679546471531	82
PAPD5	0.12692263212674917	47
PAPLN	0.18115497907908718	89
PAPOLA	0.4418829418193539	96
PAPSS1	0.512252607875853	96
PAPSS2	0.8482412946458852	96
PARD3	0.38344225107336655	96
PARD3B	0.0825216159041035	38
PARD6B	0.6276504724709004	80
PARG	0.18416248014247125	62
PARK7	0.20830380124714104	96
PARL	0.029391902759692123	72
PARN	0.2717650450346683	96
PARP1	0.5924157436871955	96
PARP10	0.22226442480517103	96
PARP12	0.4350136010142255	87
PARP14	0.6705372070735689	96
PARP4	0.4999084360998882	96
PARP9	0.7499991521874414	96
PARS2	0.5405772981623451	96
PARVA	0.4339620722030391	96
PARVB	0.4439884996278554	88
PARVG	0.3959569298333574	60
PATJ	0.01859743438893356	65
PATL1	0.2821350208411024	96
PAWR	0.3284554941446385	96
PAXBP1	0.2617448071231669	96
PBDC1	0.1749820263432765	96
PBK	0.594958039575231	71
PBLD	0.6293276550184596	96
PBRM1	0.3498239926527629	96
PBX1	0.5158845347524592	53
PBXIP1	0.5302823230212774	96
PC	0.6538658536288515	96
PCBD1	0.18327579541791203	96
PCBD2	0.357685569742755	82
PCBP1	0.3422286883319512	96
PCBP2	0.29101045866023384	96
PCCA	0.3311154519187727	96
PCCB	-0.26645595805723044	96
PCDH1	0.11487757396034658	90
PCDH7	0.5723268203657094	75
PCF11	0.22289244232442862	78
PCID2	0.4435419874251375	96
PCIF1	0.5269802954445082	83
PCK1	0.5082689491082626	96
PCK2	0.6691309877105032	96
PCLAF	0.509090909090909	21
PCM1	0.7221025859452669	96
PCMT1	0.18304151281317496	96
PCMTD1	0.1758241758241758	27
PCNA	0.5757722711801417	96
PCNP	0.23278180395063836	96
PCOLCE	0.5031114668178701	96
PCP4	0.34287567428960486	50
PCSK9	0.6383647798742138	53
PCTP	0.42212033452093073	96
PCYOX1	0.40068638323067907	96
PCYOX1L	0.15270753698711767	46
PCYT1A	0.2700424946752464	96
PCYT2	0.5179229094579815	96
PDAP1	0.5257617634621162	96
PDCD10	-0.056939188002905504	96
PDCD11	0.42706616476039144	96
PDCD2L	0.3854268040111012	71
PDCD4	0.6749708348649999	96
PDCD5	0.2787505129342892	96
PDCD6	0.2708528330552504	96
PDCD6IP	0.5603554109105802	96
PDCL	0.23146261662999768	90
PDCL3	0.3518698772438753	96
PDE12	0.4175006528538825	96
PDE3A	0.5589351420125401	96
PDE4D	0.23881908242356648	92
PDE4DIP	0.09033263789587193	80
PDE5A	0.47510945464560983	96
PDE6D	-0.14992464110584983	61
PDF	0.20735491242673587	74
PDGFRA	0.0635658914728682	44
PDGFRB	0.4719678780341606	96
PDHA1	0.3729432032447537	96
PDHB	0.015891587227971574	96
PDHX	0.218024892370567	96
PDIA3	0.7110790069967187	96
PDIA4	0.6006165282508247	96
PDIA5	0.576398851010718	96
PDIA6	0.6538704142202364	96
PDK1	0.5694543358220993	96
PDK2	0.3989999058113055	86
PDK3	0.6114204711305404	96
PDLIM1	0.3087360532398903	96
PDLIM2	0.6206646297925849	96
PDLIM3	0.7848628010560919	96
PDLIM4	0.735466585274956	96
PDLIM5	0.3324335231318946	96
PDLIM7	0.5569934920612075	96
PDP1	0.6205163509173977	96
PDPK1	0.42845564028636973	96
PDPR	0.448032855270509	96
PDRG1	0.11348821819893425	33
PDS5A	0.3175639930296651	96
PDS5B	0.631448648339414	96
PDSS2	0.39116056923850345	70
PDXDC1	0.550483418625719	96
PDXK	0.17749095385635694	96
PDXP	0.329003949966233	91
PDZD11	0.11703383163133087	96
PDZD8	0.4537150376633355	69
PDZK1IP1	0.6988523029141005	47
PEA15	0.5654919355932664	96
PEAK1	-0.03707619119534849	43
PEBP1	0.37845060297401906	96
PECAM1	0.505017380248771	96
PECR	0.4971648334895487	96
PEF1	0.25480886624336346	96
PELO	0.3903202101267205	95
PELP1	0.38189211384644006	96
PEMT	0.05286488459274614	38
PEPD	0.37168495737104096	96
PES1	0.48902062260263945	96
PET100	0.1939393939393939	45
PET117	0.439800882565351	51
PEX1	0.4216434885462524	95
PEX11B	0.16998619736289478	96
PEX14	0.4714004214550301	96
PEX16	0.025044931859181472	59
PEX19	0.036429118881245316	96
PEX26	-0.021832983882649298	46
PEX3	0.049411269984997674	96
PEX5	0.3281658720216568	70
PEX6	0.16739653396425194	46
PF4	0.28484554373285287	48
PFAS	0.07768063648238738	96
PFDN1	0.17088770722427446	96
PFDN2	0.08127539220328431	96
PFDN4	0.24847475675946884	96
PFDN5	0.11413572438743454	96
PFDN6	0.25308097698293563	96
PFKFB2	0.7956130120402793	96
PFKFB3	0.29115838438116753	31
PFKL	0.5077896621653701	96
PFKM	0.48216526381868297	96
PFKP	0.6645844354915287	96
PFN1	0.40672149217874304	96
PFN2	0.6262039122635896	96
PGAM1	0.222466392673651	96
PGAM5	0.2883478650147316	96
PGAP3	0.49717304949606567	73
PGD	0.48137183087128155	96
PGGT1B	0.1628265042763143	96
PGK1	0.2950701813303095	96
PGLS	0.3126755022658301	96
PGM1	0.2113227255040532	96
PGM2	0.018760555355846906	96
PGM2L1	0.7077210557949465	96
PGM3	0.4113208443080043	96
PGM5	0.6360143252827565	96
PGP	0.3851968664245689	96
PGPEP1	0.4201108289078735	83
PGRMC1	0.40749871982629593	96
PGRMC2	0.3237710894614361	96
PHACTR2	0.34730599266755696	62
PHACTR4	-0.10090127858987044	71
PHAX	0.2604497996840651	85
PHB	0.017525832629755652	96
PHB2	0.19279837763857474	96
PHC2	0.338005856753313	63
PHC3	0.0041032655754430535	26
PHF1	0.3315859707807186	78
PHF10	0.3578363717358627	63
PHF11	0.3739943554382257	24
PHF14	0.21722572090482456	96
PHF2	0.2926156165981478	75
PHF3	0.2923924138158111	90
PHF5A	0.041448352343661635	96
PHF6	0.3037274938289164	96
PHF8	0.2928200814188575	81
PHGDH	0.8374378556748212	96
PHIP	0.3434381114857461	96
PHKA2	0.25916742269150916	53
PHKB	0.12545654939182554	96
PHKG2	0.012518530726608535	45
PHLDA1	0.7188693659281894	34
PHLDA2	0.39470464144564127	30
PHLDA3	0.4657962000344046	62
PHLDB1	0.4752859705731143	96
PHLDB2	0.5465528219106935	82
PHPT1	0.1785181367199916	96
PHRF1	0.07580663864732357	47
PHYH	0.46147197551837965	90
PHYHD1	0.29371623777573036	36
PHYKPL	0.27153971760637785	50
PI3	0.13158907272027703	25
PI4K2A	0.5205325323058408	92
PI4K2B	0.18855527597240543	34
PI4KA	0.07386959043149464	96
PI4KB	0.1824967824967825	36
PIAS1	0.012020905923344951	41
PICALM	0.49489955099770755	96
PICK1	0.2931811542707191	58
PIGBOS1	-0.1812552780281877	40
PIGG	0.15880779564908784	34
PIGK	-0.04243139489141198	96
PIGO	0.33033130671381045	94
PIGR	0.759932039925829	96
PIGS	0.41292035759323065	96
PIGT	0.2984925816178218	96
PIGU	0.5503342048804193	96
PIH1D1	0.10367024181025737	88
PIK3AP1	0.5211275325592376	69
PIK3C2A	0.21959986231204787	84
PIK3C2B	0.03214756258234519	45
PIK3C3	0.2837172383583395	92
PIK3CA	-0.1909446437930895	53
PIK3CB	0.27940521071513835	42
PIK3CD	0.2695680557893023	21
PIK3IP1	0.3315679295996131	29
PIK3R1	0.3293861885376466	91
PIK3R2	0.21455289304500294	59
PIK3R4	-0.03144775664502897	96
PIN1	0.27638959542128616	96
PIN4	0.23931128282537356	96
PINX1	0.5919530372546782	54
PIP4K2A	0.47970209459550756	96
PIP4K2B	0.3641894504093274	96
PIP4K2C	0.5316544127621476	96
PIP5K1A	0.34065934065934067	27
PIP5K1C	0.010161339130711771	91
PIR	0.5701926635296272	96
PISD	0.34068095610167853	91
PITHD1	0.3094219071563159	96
PITPNA	0.22838830013899233	96
PITPNB	0.20342523828269357	96
PITPNM1	0.20729529345100897	55
PITRM1	0.38435399530113756	96
PKIB	0.5132743742764881	25
PKIG	0.523807290532727	40
PKM	0.7576854078533176	96
PKN1	0.18890908599366907	96
PKN2	0.45028418726194763	96
PKP2	0.7182026283355497	96
PKP3	0.3034109484120604	96
PKP4	0.5779435627122039	93
PLA2G12A	0.6363636363636365	22
PLA2G2A	0.5450241628591913	96
PLA2G4A	0.7864936390605248	90
PLAA	0.5639930004476459	96
PLAC9	0.35609320660794586	88
PLAT	0.3089936602238609	56
PLAU	0.7601338039653783	71
PLAUR	0.5861350365371334	75
PLBD1	0.3448386954580544	96
PLBD2	0.14618218627633142	82
PLCB1	0.23734736180967902	89
PLCB2	0.3581130502035285	76
PLCB3	0.36086354942416476	96
PLCB4	0.4039229852255897	94
PLCD1	0.3940906747791231	96
PLCD3	0.3294393081535632	91
PLCG1	0.6271343934831964	96
PLCG2	0.5963692599460464	96
PLD1	0.3132585828320966	92
PLD3	0.399508947800871	96
PLEC	0.2251236104422846	96
PLEK	0.6191806836679328	96
PLEK2	0.5582543367926214	73
PLEKHA1	0.3680398517576347	94
PLEKHA2	0.5184519490753605	96
PLEKHA5	0.7988435778285405	96
PLEKHA6	0.4628641772910861	96
PLEKHA7	0.20967698431508563	92
PLEKHF1	0.2831594487793405	82
PLEKHF2	0.33773755032448244	92
PLEKHG3	0.46139285549278153	94
PLEKHJ1	0.368361640710152	22
PLEKHO1	0.41526111723115894	55
PLEKHO2	0.618863355806666	96
PLGRKT	0.24169235517079826	96
PLIN2	0.3381726063930406	96
PLIN3	0.40262761646202233	96
PLK1	0.4586275246426452	22
PLOD1	0.4972971873113627	96
PLOD2	0.7215991752534906	96
PLOD3	0.5066587085491887	96
PLP2	0.4699841968651024	96
PLPBP	0.6661511957568605	96
PLPP1	0.23241854553026978	50
PLPP2	0.6368881416304786	73
PLPP3	0.3551005967758948	86
PLPP6	0.19271255060728745	39
PLRG1	0.0640750424792295	96
PLS1	0.5333052991406615	96
PLS3	0.35262199407519945	96
PLSCR1	0.26181174462181717	96
PLSCR3	0.10373099323769691	85
PLSCR4	0.46900338563452476	75
PLTP	0.5498970757330427	96
PLVAP	0.16617097977304393	96
PLXDC2	0.5913124568741364	93
PLXNA1	0.09160382622187498	39
PLXNB2	0.10902320661648103	96
PLXNC1	0.16037068055603731	36
PM20D2	0.6533932907541871	96
PMF1	0.26740010774044526	34
PML	0.3852816495493378	96
PMM2	0.189639034730344	96
PMPCA	0.4585647913588787	96
PMPCB	0.2581925099973134	96
PMVK	-0.06930968411225091	96
PNISR	0.07667616120944165	85
PNKD	0.4234932649656127	96
PNKP	0.28264105157633834	94
PNN	0.167120528221202	96
PNO1	0.08882528293309762	96
PNP	0.6273530997994886	96
PNPLA4	0.5400016026178265	64
PNPLA6	0.13356824071660475	96
PNPLA8	0.19329708049477795	73
PNPO	0.08531159283456734	96
PNPT1	0.29770104418005305	96
PODN	0.5460419899372485	90
PODXL	0.3559384686340607	96
POF1B	0.5275808978628449	96
POFUT1	0.855596439292139	96
POFUT2	0.287100356660096	59
POGK	0.5618294748729532	22
POGLUT1	0.31607702441194596	96
POGZ	0.3368795168540847	96
POLA1	0.44810417531644636	38
POLA2	0.45882965497064265	47
POLB	0.3853280701394958	96
POLD1	0.31239698573731356	96
POLD2	0.2192364299812126	96
POLD3	0.619513217944686	54
POLD4	0.10234731401634442	30
POLDIP2	0.4890884488724355	96
POLDIP3	0.5147812405008777	96
POLE3	0.35327172532561646	96
POLE4	0.08998730019769391	53
POLG2	0.350757977096908	41
POLR1A	0.18166248969992993	96
POLR1B	0.3230765896351287	94
POLR1C	0.2672314392077572	96
POLR1D	0.30257347276022495	88
POLR1E	0.19120195636179027	96
POLR2A	0.22781933979104702	96
POLR2B	-0.012422339185602645	96
POLR2C	0.12172913360472072	96
POLR2D	0.12797371165721455	95
POLR2E	0.3617563173069064	96
POLR2F	0.18229173554219552	61
POLR2G	-0.05310028622322655	96
POLR2H	0.34966439665743015	95
POLR2I	0.10331047385468162	87
POLR2J3	-0.06248834236886289	96
POLR2K	-0.017684533118804403	83
POLR2L	0.09252828346071375	96
POLR3A	0.16369318422030205	95
POLR3B	0.08822644811133742	76
POLR3C	-0.011582816125168816	84
POLR3D	0.11446800726967575	40
POLR3E	0.08717364177201821	48
POLR3F	0.33896103896103896	21
POLRMT	0.2116305785000072	94
POM121C	-0.08019875515300044	77
POMP	0.039809247395709325	74
PON2	0.6301203552993825	96
PON3	-0.003815434716801953	96
POP1	0.31519741171290655	96
POP4	0.040889471693281186	65
POP7	0.13206732179964945	73
POR	0.5586095803338608	96
POSTN	0.6497375168464962	96
POU2F1	0.49646509912703024	75
PPA1	0.24945231587874275	96
PPA2	0.12275585157533825	96
PPAN-P2RY11	0.0615071796926187	95
PPAT	0.41161528817827037	96
PPCS	0.10803258340850669	96
PPFIA1	0.22295927023301892	96
PPFIBP1	0.5073947089348406	96
PPFIBP2	0.5034712565335765	83
PPHLN1	0.022530886497228467	94
PPIA	0.3609165855614781	96
PPIB	0.5359832877975296	96
PPIC	0.5901042814785947	96
PPID	0.5042273296357174	96
PPIE	0.31485990627229105	96
PPIF	0.2327356708540163	96
PPIG	0.031210046359120436	96
PPIH	0.23714455281069188	96
PPIL1	0.3871632873013544	96
PPIL2	-0.0507348011374583	92
PPIL3	0.42429689135947424	96
PPIL4	0.1244908825162395	96
PPIP5K1	0.11428571428571432	41
PPIP5K2	0.4062420516113448	96
PPL	0.7325020262727919	96
PPM1A	0.3572613109296771	96
PPM1B	0.2250332347801936	96
PPM1F	0.38658106902202566	96
PPM1G	0.3347700905974654	96
PPM1H	0.4472313563593595	63
PPM1L	0.7978457543240419	25
PPME1	0.4594832907256739	96
PPOX	0.508881000870883	96
PPP1CA	0.012619163089536364	96
PPP1CB	0.15699427218896764	96
PPP1CC	0.20297069994574066	96
PPP1R10	0.24740485017066624	96
PPP1R11	0.24681105790161076	82
PPP1R12A	0.42883595375433975	96
PPP1R12B	0.5484840273395659	96
PPP1R12C	0.38999938986790716	96
PPP1R13L	0.49079750171760056	94
PPP1R14A	0.6917999663169392	96
PPP1R14B	0.3651889634812085	96
PPP1R14D	0.5620842886101112	86
PPP1R18	0.5828416012690504	96
PPP1R1B	0.5590632089804562	96
PPP1R2	0.387512038967662	96
PPP1R21	0.38477425579484464	96
PPP1R37	0.1733206677256622	48
PPP1R3D	0.4838226751980208	76
PPP1R7	0.28685277880175253	96
PPP1R8	0.1312065276069954	96
PPP1R9A	0.8531902879728968	22
PPP1R9B	0.4267358314287871	94
PPP2CA	0.2650791174655281	96
PPP2CB	0.4419251351406344	96
PPP2R1A	0.17562517380472997	96
PPP2R1B	0.29257043639354974	96
PPP2R2A	0.764820586250103	96
PPP2R2D	0.2548036969757079	62
PPP2R5A	0.3172687903091901	96
PPP2R5C	0.2895880953141929	96
PPP2R5D	0.19920848353834916	96
PPP2R5E	0.696159689628042	96
PPP3CA	0.519535396357375	96
PPP3CB	0.2840762542620104	89
PPP3R1	-0.03768220965656576	91
PPP4C	0.05338248460348897	96
PPP4R1	0.5771103786130926	96
PPP4R2	0.14563218742381456	96
PPP4R3A	0.6326659342135822	96
PPP4R3B	0.08126662552477258	89
PPP5C	0.25788816847900914	96
PPP6C	0.08651830951724063	96
PPP6R1	0.2452912091322521	96
PPP6R2	0.16055156327119238	96
PPP6R3	0.37902676087436304	96
PPT1	0.26080115032002904	96
PPTC7	0.36916873035627107	32
PPWD1	0.08746465534260513	93
PQBP1	0.059798827978412065	96
PQLC1	0.5789473684210527	20
PRAF2	0.4634243964515282	96
PRC1	0.25447063311520673	92
PRCC	0.09254059334266142	96
PRCP	0.3279604716561688	96
PRDX1	0.36674025617497974	96
PRDX2	0.23486402805372492	96
PRDX3	0.12696227214994585	96
PRDX4	0.5110231654368961	96
PRDX5	0.7042007060563623	96
PRDX6	0.07261986312983675	96
PREB	0.32934405882591816	96
PRELP	0.6967123607590742	96
PREP	0.2544645582240791	96
PREPL	0.14184052715965761	90
PREX1	0.47698994484186485	90
PRIM1	0.3663920277993462	65
PRIM2	0.10900302218036984	91
PRKAA1	0.32967077687650403	96
PRKAB1	0.47996567980994703	96
PRKAB2	0.14515693996408308	92
PRKACA	0.1508174705798822	96
PRKACB	0.6302827648564301	96
PRKAG1	-0.09996133944024208	96
PRKAR1A	0.2912474184219861	96
PRKAR1B	0.13342692297413192	73
PRKAR2A	0.5369651916887397	96
PRKAR2B	0.4809897344903452	96
PRKCA	0.19091593527034106	96
PRKCB	0.5587435314141244	96
PRKCD	0.4940262012908618	96
PRKCDBP	0.46441749417748535	96
PRKCE	0.18337835407980863	68
PRKCI	0.2456484891378431	87
PRKCSH	0.073393562039637	96
PRKD1	0.6555408763972553	43
PRKD2	0.11299313138429024	88
PRKDC	0.5569440817728897	96
PRKG1	0.6082010968120176	96
PRKRA	0.46643062826312975	96
PRKRIP1	0.0864041444797004	46
PRMT1	0.19742941925566057	96
PRMT3	0.5027537776908901	89
PRMT5	0.6707520551444338	96
PRNP	0.45471106269676453	89
PROCR	0.7099099955210022	96
PROM1	0.7209808162241704	78
PROS1	0.1772671317203464	96
PROSER1	0.36485562131739036	28
PROSER2	0.6539719297738049	25
PRPF18	0.10596755017479939	32
PRPF19	0.29126239932342135	96
PRPF3	0.3606020321040122	96
PRPF31	0.36203592860191897	96
PRPF38A	0.00952610267436261	96
PRPF38B	0.381398093418681	96
PRPF39	0.002257700370907918	53
PRPF4	0.4089480057157373	96
PRPF40A	0.16949497417422374	96
PRPF4B	0.3431340631631915	96
PRPF6	0.5357474718015153	96
PRPF8	0.36975365590008896	96
PRPS1	0.6810332548974108	96
PRPS2	0.6062867956405228	96
PRPSAP1	0.38250206034469963	96
PRPSAP2	0.564564045185435	96
PRR15	0.7297390785341734	96
PRR15L	0.47997451773190075	91
PRRC1	0.43127958871839406	96
PRRC2A	0.06462399321783664	96
PRRC2B	0.013655858150118869	75
PRRC2C	-0.128935989826939	96
PRSS23	0.33166173825307743	95
PRSS3	-0.16356209771531793	78
PRSS8	0.31067127293655283	68
PRTFDC1	0.6711699033680458	40
PRUNE1	0.35914184179477904	96
PRUNE2	0.4592183128681916	96
PSAP	0.2722336958564754	96
PSAT1	0.7448512081775902	96
PSEN1	0.07082299000420637	96
PSIP1	0.6144700073252123	96
PSMA1	0.31916221278608686	96
PSMA2	0.3002034725990233	96
PSMA3	0.3171208139206087	96
PSMA4	0.2919532278041624	96
PSMA5	0.39292714854480226	96
PSMA6	0.34786707678316675	96
PSMA7	0.19961610984079953	96
PSMB1	0.2432862292683186	96
PSMB10	0.7824889700178083	96
PSMB2	0.16388528099004326	96
PSMB3	0.08518127897443488	96
PSMB4	0.29774347357896974	96
PSMB5	0.16984145826943528	96
PSMB6	-0.03275252816494328	96
PSMB7	0.09036001573750617	96
PSMB8	0.648962109629101	96
PSMB9	0.8025759805750176	96
PSMC1	0.1460023332695014	96
PSMC2	0.07791045080216144	96
PSMC3	0.2152505298867825	96
PSMC4	0.2293438598130133	96
PSMC5	0.3738308565778452	96
PSMC6	0.3297035713366301	96
PSMD1	0.22093579270862937	96
PSMD10	0.3134648254446147	96
PSMD11	0.3611477561395064	96
PSMD12	0.14299085704983858	96
PSMD13	-0.01604758659043139	96
PSMD14	0.03245464996963196	96
PSMD2	0.4944484010357605	96
PSMD3	0.19436974137246327	96
PSMD4	0.21676156500272287	96
PSMD5	0.5287480669578665	96
PSMD6	0.28313929236535584	96
PSMD7	-0.011665920590349843	96
PSMD8	-0.05848639411794624	96
PSMD9	0.44668764795883475	96
PSME1	0.6548403068387604	96
PSME2	0.7330859962043101	96
PSME3	0.5687523950696881	96
PSME4	0.44565475825294054	88
PSMF1	0.7184128868205788	96
PSMG1	0.3183946987804821	96
PSMG2	0.01946953074496008	96
PSMG3	0.3554755053160004	76
PSMG4	0.2094222402926793	71
PSPC1	0.43231053052808643	96
PSPH	0.5542550969221738	81
PSTPIP1	0.7475059674648294	36
PSTPIP2	0.6484915110016258	85
PTAR1	0.4950738916256156	29
PTBP1	0.1736181526544776	96
PTBP2	-0.10898694646752909	96
PTBP3	0.5047375524909399	96
PTCD3	0.2479482901344352	96
PTDSS1	0.4098442380302535	96
PTDSS2	0.25052607274579713	83
PTEN	0.1717432979624711	79
PTER	0.3359718417532012	91
PTGDS	0.31123223250684634	78
PTGES	0.3693893468943113	84
PTGES2	0.25587878214743265	96
PTGES3	0.52388623055713	96
PTGES3L-AARSD1	0.219212730184228	91
PTGFRN	0.10487226704438124	96
PTGIS	0.6670306678358391	96
PTGR1	0.48592600129988084	96
PTGR2	0.31612465582376237	84
PTGS1	0.4096068864750216	96
PTGS2	0.466187671750218	46
PTK2	0.6661557191680922	96
PTK2B	0.46041935845136717	96
PTK6	0.484356765768269	60
PTK7	0.7735371718267686	96
PTMA	0.0963866044939837	96
PTMS	0.4354154444281673	96
PTN	0.4908598589941358	80
PTP4A1	0.40948116198715323	90
PTP4A2	0.23967118716628308	96
PTP4A3	0.274025974025974	21
PTPA	0.38556807317857994	96
PTPMT1	0.01689546650750156	96
PTPN1	0.538050666444866	96
PTPN11	0.4058750517543477	96
PTPN12	0.5149131999939898	96
PTPN18	0.24391442613472106	47
PTPN2	0.5143536458293598	88
PTPN23	0.038708189629402215	96
PTPN6	0.41600960415619154	96
PTPN7	0.5863829510081847	45
PTPN9	0.35325035613633304	90
PTPRA	0.3612775451154369	92
PTPRC	0.5161388777850524	96
PTPRCAP	0.3250732824244362	48
PTPRE	0.3004494613315343	89
PTPRF	0.33276812784357257	96
PTPRJ	0.32580791451302105	77
PTPRK	0.48728374155532755	93
PTRF	0.46795161064385316	96
PTRH1	0.2199656778527099	96
PTRH2	0.4345111525081855	96
PTRHD1	0.44086955049506793	96
PTS	0.17258064516129035	31
PTTG1IP	0.13948188566838549	96
PUDP	0.6196651485231155	96
PUF60	0.292885411687393	96
PUM1	-0.11822413870279466	93
PUM2	0.0806697108066971	75
PUM3	0.06435903783944545	96
PURA	0.41609748180718376	96
PURB	0.6748373881725754	96
PUS1	0.5140062675066766	96
PUS3	-0.10204749731581712	21
PUS7	0.7190944263641211	94
PVR	0.48572028300550923	90
PWP1	0.2583874523474465	96
PWP2	0.38071563497477057	96
PXDN	0.4084347032854124	96
PXK	-0.1372420982818344	60
PXMP2	0.6119983392438859	43
PXN	0.21989656635305052	96
PYCARD	0.4874777448099249	96
PYCR1	0.4771513353143165	96
PYCR2	0.506443473778453	96
PYCRL	0.7312849730557873	96
PYGB	0.8553028710375175	96
PYGL	0.44590080542859206	96
PYGO2	-0.1804226918798665	30
PYM1	0.5907335122003845	96
PYURF	0.043064525121011187	91
QARS	0.3439966087344919	96
QDPR	-0.08840625914684701	96
QKI	0.5588518564249436	96
QPCT	0.2147233409434306	68
QPCTL	0.32874035141823077	85
QPRT	0.776188037728667	96
QRICH1	0.25045930958673	95
QRSL1	0.39097525079067197	96
QSOX1	0.6277621780580014	96
QSOX2	0.1064021566901363	90
QTRT1	0.22440930216510657	96
QTRT2	0.16928419550944426	96
R3HCC1	0.5206984273820536	47
RAB10	0.18333192030626833	96
RAB11A	0.09863042600726135	80
RAB11B	0.2277499694996502	96
RAB11FIP1	0.27364629998427825	96
RAB11FIP5	0.16716812305204018	90
RAB12	0.5437901829643149	90
RAB13	0.36774779908332406	96
RAB14	0.40219212274642013	96
RAB15	-0.22201121145554403	96
RAB18	0.294579058938518	96
RAB19	0.5089036502381357	37
RAB1A	0.3266774056972796	96
RAB1B	0.5181517592468244	96
RAB20	0.6197289967160499	78
RAB21	0.40819946216245456	96
RAB22A	0.4313483450895279	96
RAB23	0.6025739720255083	96
RAB24	-0.0818233710071037	86
RAB25	0.5443829122254622	96
RAB27A	0.516201670553748	96
RAB27B	0.7805367716380556	96
RAB29	0.5876852161711508	90
RAB2A	0.6373665130479984	96
RAB2B	0.4214293587231595	83
RAB30	0.41455792125185636	31
RAB31	0.6936675721267915	96
RAB32	0.3777219345299179	96
RAB33B	-0.13239368795339027	96
RAB34	0.5821956608168725	92
RAB35	0.19954963054257738	96
RAB3D	0.4726082683221026	96
RAB3GAP1	0.26409425111954077	96
RAB3GAP2	0.565894916789498	96
RAB3IP	0.47225479671072346	40
RAB43	0.24915047314141522	96
RAB4A	0.3623463792945598	94
RAB4B	0.19392847630656898	79
RAB5A	0.09685219349635406	96
RAB5B	0.5182585222382123	96
RAB5C	0.34081791145747886	96
RAB6A	0.3704959728890344	96
RAB7A	0.3967253810193195	96
RAB8A	0.377924583990177	96
RAB8B	0.13678338279639646	96
RAB9A	0.3293236703678076	96
RABAC1	0.20459409625164285	90
RABEP1	0.4518253497270577	96
RABEP2	0.4304153780260553	96
RABGAP1	0.657236554323857	96
RABGAP1L	0.37393964004995617	95
RABGEF1	-0.04215627028475165	93
RABGGTA	0.3204394226840471	96
RABGGTB	0.38072234318414283	78
RABIF	0.12724273948146653	79
RABL2B	0.05845259327076528	43
RABL3	0.13460103645954583	96
RABL6	0.4272299355077006	96
RAC1	0.09678743053485037	96
RAC2	0.49445015318784796	96
RACGAP1	0.30643902193346934	62
RACK1	0.3010339904590523	96
RAD21	0.18682429226206454	96
RAD23A	0.10265027554107355	96
RAD23B	0.3025454594851159	96
RAD50	0.5668736456249935	96
RAD9A	0.3329900915730071	36
RAE1	0.8352539406929108	96
RAF1	0.07130995783017227	68
RAI14	0.6450508010146638	96
RALA	0.3711174489723827	96
RALB	0.32714546354763663	96
RALBP1	0.4676019759959243	92
RALGAPA1	0.3604324793541591	86
RALGAPA2	0.6285336604342341	91
RALGAPB	0.49116072127529586	96
RALY	0.7188532206539654	96
RAN	0.240724098523819	96
RANBP1	0.181363140010445	96
RANBP10	-0.06864747363207488	45
RANBP2	0.3216886144898336	96
RANBP3	0.20422960315253297	96
RANBP6	0.09607493370270569	96
RANBP9	0.19885103469751447	96
RANGAP1	0.5647700374888096	96
RAP1A	0.1982202568058824	96
RAP1B	0.046710843128344594	96
RAP1GAP	0.7349609673962957	49
RAP1GAP2	0.4172212522033567	67
RAP1GDS1	0.4796812208811201	96
RAP2B	0.4457139175195959	96
RAP2C	0.10695149082619455	96
RAPGEF1	0.15096021850976762	86
RAPGEF2	0.4542481744980601	80
RAPGEF6	-0.24722175092044396	26
RAPH1	0.2726579829907915	85
RARRES2	0.41167134660939575	96
RARS	0.096560869017377	96
RARS2	0.18912548792300649	96
RASA1	0.7065568322096666	96
RASA2	0.32530601494339784	90
RASA3	0.3884484725951705	41
RASA4	-0.1294398908283374	52
RASAL1	0.44653425046008555	66
RASAL2	0.17597387694187663	49
RASAL3	0.430348635792319	86
RASGRP2	0.03956480669354038	23
RASIP1	0.1827858524657814	44
RASSF2	0.49032352311322225	79
RAVER1	0.2562578212889424	96
RAVER2	0.47672196597939626	79
RB1	0.4418467424001523	96
RB1CC1	-0.09495187081614433	41
RBBP4	0.48081390419945846	96
RBBP5	0.06120077831415589	95
RBBP6	0.23943528230935351	96
RBBP7	0.41817293932689537	96
RBBP9	0.49973547849086397	96
RBCK1	0.2562076898019575	77
RBFOX2	0.29515565297236457	74
RBKS	0.3678585856050186	96
RBL2	0.4328156286217449	55
RBM10	0.3509807778476491	96
RBM12	0.44780447113374316	96
RBM12B	0.36234179364946556	96
RBM14	0.2698819124681399	96
RBM15	0.29941801354571845	96
RBM15B	0.13425951653237012	60
RBM17	0.314129520670581	96
RBM19	0.351482015885828	84
RBM22	0.35087647907700614	96
RBM25	0.3000915658851923	96
RBM26	0.4214472720463745	96
RBM27	0.37541585699822155	96
RBM28	0.5526910163928127	96
RBM3	0.3529798764315889	96
RBM33	-0.06727802779728256	86
RBM34	0.2448520035812149	96
RBM38	0.27558322104617894	60
RBM39	0.34064387487512554	96
RBM4	0.25271047057469304	96
RBM42	0.17866553624519868	96
RBM45	-0.07052805383050119	68
RBM47	0.6798327421829121	96
RBM5	0.22309153111939353	75
RBM6	0.017549928275114462	96
RBM7	0.16578965202177337	81
RBM8A	0.2048996866526599	96
RBMS1	0.7501853453630173	23
RBMS2	0.23687423687423687	27
RBMX	0.3831699318721017	96
RBMX2	0.23070416635869664	44
RBMXL1	0.5285431835862577	96
RBP1	0.6993995127877125	85
RBP4	0.28035202554350214	96
RBPJ	0.04637969936544747	80
RBPMS	0.5716412545630268	96
RBSN	0.28729893513698374	90
RBX1	0.05969668400877967	96
RCC1	0.49209837356494823	96
RCC1L	0.20214530126236624	96
RCC2	0.6219228904094715	96
RCCD1	-0.008189223400498344	41
RCE1	0.045112781954887216	20
RCHY1	0.023376623376623374	21
RCL1	0.1895177887013732	90
RCN1	0.6929306357364734	96
RCN2	0.4589187669797995	96
RCN3	0.6693073336505778	96
RCOR1	0.3373824929878603	96
RCOR3	0.342056288846568	68
RCSD1	0.2692162455039904	92
RDH10	0.6899954845523937	94
RDH11	0.6345314518873026	96
RDH13	0.23374958467457857	96
RDH14	0.06743672614289449	96
RDX	0.547359211103217	96
RECK	0.38020022246941043	30
RECQL	0.4070986733320261	96
RECQL5	0.3458488986274154	54
REEP1	0.5620689655172413	29
REEP3	0.28051873137776817	82
REEP4	0.35158993330668975	89
REEP5	0.524737600681271	96
REEP6	0.883895869460451	96
REG1A	0.5598343392427898	82
REG3A	0.5749975493348304	96
REG4	0.783066378633657	96
REL	0.12713365957116937	91
RELA	0.12098808975854763	96
RELB	0.5435706056098991	36
RELL1	0.471824705287318	91
RENBP	0.4965300130447247	92
REP15	0.5616016369706953	74
REPIN1	0.5313409540688007	91
REPS1	0.32122085631166447	96
REPS2	0.45298314629755876	73
RER1	0.49568632243196464	96
RERG	-0.5216907675194661	30
RETREG2	-0.026348875783212416	73
RETREG3	0.2553692242607787	96
RETSAT	0.6525748198426675	96
REXO2	0.354642783264213	96
REXO4	0.2646465541157723	78
RFC1	0.3421573814156483	96
RFC2	0.3658104817735071	96
RFC3	0.16167473785591235	96
RFC4	0.5370473368057715	96
RFC5	0.3793828488256986	96
RFK	0.3881590604246463	84
RFLNA	-0.09025032938076416	45
RFLNB	0.3804837588992818	37
RFT1	0.1256231089127282	82
RFTN1	0.6120175401647889	96
RFX1	-0.05938717006495979	85
RFX5	0.5962359120253857	38
RGCC	0.6947529692513109	38
RGL2	0.332162693550091	68
RGS10	0.553155988442286	96
RGS19	0.522769270523322	84
RGS3	0.21950847454645311	27
RHBDD2	0.45984563018998836	80
RHBDF1	0.26047565118912797	41
RHBDF2	0.2507825624059649	68
RHEB	0.32494659683169225	90
RHOA	-0.0924588896392624	96
RHOB	0.6179928679242718	93
RHOC	0.37386987160791924	96
RHOF	0.8860019954135142	21
RHOG	0.6151117442857829	96
RHOT1	0.3731814019737512	96
RHOT2	0.28839586396747574	96
RHPN2	0.5384310455651391	87
RIC8A	0.28001980520361375	96
RICTOR	-0.016288539853959356	78
RIDA	0.6417675585999012	96
RIF1	0.32875850565937004	91
RILP	0.41615602917838546	45
RILPL1	0.5575988738345276	53
RIN1	0.40893390120393036	71
RIN3	0.2524886086888716	65
RING1	0.38275632894434936	96
RINT1	0.044601939044809545	91
RIOK3	0.25729364497320883	68
RIOX1	0.4381450653553787	71
RIOX2	0.27090863652132896	93
RIPK1	0.5009037911779447	96
RIPK2	0.44369747899159667	35
RIPK3	0.507153975809286	96
RIPOR1	0.2889527927784503	83
RIT1	0.382011378106464	23
RMDN1	0.38590065756006475	96
RMDN2	0.32850733867802767	86
RMDN3	0.5896219376678667	96
RMND1	0.26628743022351536	88
RMND5A	0.1229384709077541	67
RNASE1	0.35771017757199974	96
RNASE2	0.15685397381046837	96
RNASE4	0.24012710557990913	96
RNASE6	0.34074398805019485	66
RNASEH2A	0.17531894562160302	92
RNASEH2B	0.3476411879032311	96
RNASEH2C	0.4000780391596693	91
RNASEL	0.46772421066301556	91
RNASET2	0.3160775509807003	96
RNF113A	0.48579871680642317	82
RNF114	0.5169731210992559	96
RNF121	0.06378299120234603	32
RNF123	0.03143101320563332	96
RNF126	0.304458500607744	73
RNF14	0.2914203351876079	85
RNF149	0.3394088669950738	29
RNF169	0.24731909611536704	69
RNF170	0.5653611506106877	96
RNF181	0.27031272595765465	77
RNF185	0.2155472154905276	77
RNF2	0.14043972929013168	63
RNF20	-0.297026546751855	96
RNF213	0.2425078931340892	96
RNF214	0.24523502706880076	96
RNF220	0.20055913472156828	42
RNF25	0.4424437484046521	81
RNF31	0.35246836532829445	92
RNF40	-0.015898423723201365	96
RNF41	0.23275154600685752	38
RNF5	0.29221535801119985	77
RNGTT	0.23591451579355552	46
RNH1	0.23056549385465352	96
RNMT	0.6264285956667306	96
RNPEP	0.38829936956133126	96
RNPS1	0.08809834675760707	96
ROCK1	0.5520237389009724	96
ROCK2	0.7693531157668194	96
ROGDI	-0.3382720863084353	25
ROMO1	0.337164309188481	96
ROR2	0.2959947683892861	71
RP2	0.2414633898215508	96
RP9	0.3418331568840506	51
RPA1	0.48681809858889513	96
RPA2	0.4056017336300297	96
RPA3	0.10731024098428482	96
RPAP1	0.23525839214375596	39
RPAP3	0.24185245223383547	96
RPE	0.15575752437563073	96
RPF1	0.17869453120979645	48
RPF2	0.16473476807043008	96
RPIA	0.4472403561473808	96
RPL10	-0.016292091026357043	96
RPL10A	0.13189906299990728	96
RPL11	-0.01560650712072547	96
RPL12	0.11458976254586643	96
RPL13	-0.02896810863137694	96
RPL13A	0.15283505154639174	96
RPL14	0.0925446122772021	96
RPL15	0.02309468822821642	96
RPL17	0.3460382810884837	96
RPL18	0.15565397870771608	96
RPL18A	-0.06459708215693212	96
RPL19	0.15017787078100972	96
RPL21	0.06450890889138254	96
RPL22	0.23143965599631622	96
RPL22L1	0.7445858965573904	96
RPL23	0.09236518773816343	96
RPL23A	0.2455142009678934	96
RPL24	0.10567867742087261	96
RPL26	0.34412992536068776	96
RPL26L1	0.28780428250710477	96
RPL27	0.07985024264767535	96
RPL27A	0.1641232246925917	96
RPL28	-0.0815393589244705	96
RPL29	0.08082719516743596	96
RPL3	0.2519898127030161	96
RPL30	-0.1463269057426897	96
RPL31	0.1619454891370795	96
RPL32	0.07855611929421932	96
RPL34	0.1311525444451249	96
RPL35	0.06697165882436196	96
RPL35A	0.01554572831923331	96
RPL36	0.10378529425967323	96
RPL36A	0.11038207746069696	93
RPL36AL	0.40875070791983514	96
RPL37	0.01844152497007264	96
RPL37A	-0.01803451585236853	96
RPL38	0.21146444111689644	96
RPL39	-0.04606666508646996	96
RPL4	0.24621958458247553	96
RPL5	0.3052009714575747	96
RPL6	0.2132685831830038	96
RPL7	0.10997276796837033	96
RPL7A	0.21852310302105912	96
RPL7L1	0.18282199018678977	96
RPL8	0.05976769818578586	96
RPL9	0.18353601881211495	96
RPLP0	0.24628313311106872	96
RPLP1	0.20886067365830518	96
RPLP2	0.10580004544815151	96
RPN1	0.07339405983741464	96
RPN2	0.06023528454548584	96
RPP14	0.03159815601031001	50
RPP25	0.444277517024336	96
RPP25L	0.3170577501197233	56
RPP30	0.1055021603251658	96
RPP38	0.030826351056506794	75
RPP40	0.19647793824009116	82
RPRD1A	0.4112091482970406	91
RPRD1B	0.8068652353771683	96
RPRD2	0.24827637661101895	96
RPS10	0.1298163986492057	96
RPS11	0.1408606417202363	96
RPS12	0.18111277685522786	96
RPS13	0.03709380956701614	96
RPS14	0.23775417465799278	96
RPS15	0.26270525438242864	96
RPS15A	-0.19208738742012607	96
RPS16	0.019703063640331375	96
RPS17	0.18614730363261256	96
RPS18	0.04823044263116867	96
RPS19	0.11026970567959789	96
RPS19BP1	-0.031279812681106016	47
RPS2	0.13410428148214168	96
RPS20	-0.04814921577631569	96
RPS21	0.1644883646834136	96
RPS23	0.10190793357915844	96
RPS24	0.03191161060539476	96
RPS25	-0.13484018652669014	96
RPS26	0.10940753556439506	96
RPS27	0.07207207207207209	73
RPS27A	0.10934765800867688	96
RPS27L	0.44794111768068207	74
RPS28	0.125906758682103	96
RPS29	0.040681368844029286	96
RPS3	-0.10300565999237625	96
RPS3A	-0.0038999443834915404	96
RPS4X	0.11408863387693549	96
RPS5	0.1257028521766031	96
RPS6	0.10396983118452349	96
RPS6KA1	0.5724779229235339	96
RPS6KA3	0.6694633034678749	96
RPS6KA4	0.4187415642031517	96
RPS6KA5	0.507902067605791	95
RPS6KB1	0.17590540075599018	29
RPS6KB2	0.2718273966010346	37
RPS7	-0.00035268942645707283	96
RPS8	0.18428825776282204	96
RPS9	-0.2695243747738037	96
RPSA	0.27422560150009684	96
RPTOR	-0.014277381373570062	96
RPUSD2	0.3064196410247895	54
RPUSD3	-0.055041855966830894	38
RPUSD4	0.20585174083216934	47
RRAGA	-0.016240266963292546	30
RRAGC	0.3147906358869346	96
RRAS	0.47564623504583586	96
RRAS2	0.5724662992826476	96
RRBP1	0.2289361327044622	96
RREB1	0.10709660026791043	80
RRM1	0.4882951990505528	96
RRM2	0.7927630352254281	96
RRM2B	0.5493249590783197	96
RRP1	0.4410195714054303	96
RRP12	0.4280874300401819	96
RRP15	0.5002774331419123	92
RRP1B	0.2875562534141628	96
RRP36	0.23577863577863578	36
RRP7A	0.24161660531825438	94
RRP8	0.3386477354060067	85
RRP9	0.23129200947377102	96
RRS1	0.5072421500300224	96
RSBN1	0.029149154931778963	55
RSBN1L	0.27999159673676827	35
RSF1	0.17681827887823598	95
RSL1D1	-0.002651962180774248	96
RSL24D1	-0.023797232471888	62
RSPRY1	0.1417324724984024	63
RSRC1	0.034923388262503616	47
RSRC2	0.43187167227228684	96
RSU1	0.32542088987266515	96
RTCA	0.33729783263063934	96
RTCB	0.37605765154942833	96
RTF1	0.4345894545503873	96
RTFDC1	0.6389829014179895	96
RTKN	0.46455264995376694	94
RTN2	0.35589346380831177	80
RTN3	0.22047722078411594	96
RTN4	0.2484027184536523	96
RTN4IP1	0.33585083561218304	96
RUFY1	0.5827893175107697	96
RUFY2	0.5465583535572923	47
RUFY3	0.29722594953828896	91
RUVBL1	0.4241918637083964	96
RUVBL2	0.40553390783893	96
RWDD1	0.20694531581297468	96
RWDD4	0.44023294382118744	73
RXRA	0.28451779991645854	29
RXRB	0.05064628738560241	86
RYBP	0.26223040549789717	59
S100A1	0.34000413009036495	82
S100A10	0.4851158784310799	96
S100A11	0.6803038524145415	96
S100A12	0.40831217951673443	96
S100A13	0.6344876234926353	96
S100A14	0.8115777873146367	96
S100A16	0.8120824487934101	96
S100A2	0.8008690593683935	33
S100A4	0.7490826714776958	96
S100A6	0.4167960987351613	96
S100A8	0.4618609006407023	96
S100A9	0.3637159048320824	96
S100B	0.09532207590465398	96
S100P	0.7157560610058217	96
SAA1	0.10002529245188077	78
SAA2	0.051127819548872175	20
SAAL1	0.5222293293674455	92
SACM1L	0.18067655786454048	96
SAE1	0.2882761286926034	96
SAFB	0.19676133956084005	96
SAFB2	-0.05638416929494354	96
SAMD1	0.08920366636973134	80
SAMD4B	-0.05560891285705014	50
SAMD9	0.4868119202193782	93
SAMD9L	0.2728373414088125	66
SAMHD1	0.667792575143167	96
SAMM50	0.028199441098269034	96
SAP130	0.03525365437562872	82
SAP18	0.05817999308322291	96
SAP30	0.38552024904363735	71
SAP30BP	0.35196188150710495	96
SAP30L	-0.014194123094848443	80
SAR1A	0.26028391402546136	96
SAR1B	0.4026662416605324	96
SARAF	0.1827935222672065	39
SARM1	-0.07649940635606894	89
SARNP	0.14436968406534184	96
SARS	0.35894096785808094	96
SARS2	0.3878746370155492	96
SART1	0.09121646828254741	96
SART3	0.33734976535294114	96
SASH3	0.3207326299431274	91
SAT2	0.13465648854961834	27
SATB2	0.7788558386951788	96
SBDS	0.46248906313590504	96
SBF1	0.12849381778522476	96
SBF2	-0.035794284689117814	51
SBNO1	0.34267766350951084	93
SBSPON	0.24899189789019224	96
SC5D	0.5492997198879552	35
SCAF1	0.12561171232620913	96
SCAF11	0.35027961191884494	96
SCAF4	0.10155426006148478	96
SCAF8	0.14393461526742304	96
SCAMP1	0.4864467075908055	96
SCAMP2	0.11348499031144907	96
SCAMP3	0.283359729432862	96
SCAMP4	0.33874633570206564	45
SCARA5	0.27397577135804424	47
SCARB1	0.4656504043730592	95
SCARB2	0.2990050122492285	96
SCCPDH	0.14686951037051807	96
SCD5	0.5646677471636953	42
SCFD1	0.5088579606460049	96
SCFD2	0.25387493158309593	95
SCG2	0.4789543476960499	96
SCIN	0.8296338249855246	96
SCLY	-0.0812100453800353	96
SCO1	0.42788396321115596	96
SCO2	0.31997164882808204	96
SCOC	0.40868667720563273	76
SCP2	0.47216975215837653	96
SCPEP1	0.5050376937085876	96
SCRIB	0.49156928044973136	96
SCRN1	0.7315531381018883	96
SCRN2	0.17292248152758802	91
SCRN3	0.3214829536089616	96
SCYL1	0.3739465733010439	96
SCYL2	0.5458211106683497	96
SCYL3	0.31096193882125783	76
SDAD1	0.3674969069943653	88
SDC1	0.40727087749280405	96
SDC2	0.4268589016685566	84
SDC4	0.5855127509495388	96
SDCBP	0.2783912099837222	96
SDCBP2	0.7055994822126299	92
SDE2	0.29514365611120486	26
SDF2	0.0107233332557443	96
SDF2L1	0.3766829222319347	96
SDF4	0.06869643953281024	96
SDHA	0.32424825097938403	96
SDHAF2	0.12465745918993522	69
SDHAF3	0.6630614226902962	32
SDHAF4	0.2723934293192252	22
SDHB	0.14037134380992103	96
SDHC	0.03834819263823634	96
SDHD	-0.03836968217872463	70
SDPR	0.6379588685859581	96
SDR16C5	0.8466984237987016	36
SDR39U1	0.17570931512461982	96
SDS	0.6005920967949543	36
SDSL	0.19069065513435488	96
SEC11A	0.17566527287564684	96
SEC11C	0.40732915760203775	96
SEC13	0.17289699025110022	96
SEC14L2	0.5067111678172115	50
SEC16A	0.03776502665614069	96
SEC22A	0.09251598999502234	20
SEC22B	0.46917147384521457	96
SEC23A	0.4788065613380806	96
SEC23B	0.36546333193921904	96
SEC23IP	0.3003964364820226	96
SEC24A	0.5166936274527855	96
SEC24B	0.2705824502047623	96
SEC24C	0.30631180564033705	96
SEC24D	0.6339706590522182	96
SEC31A	0.3913183552915246	96
SEC61A1	0.18264874254303393	96
SEC61B	0.18723187791544718	96
SEC61G	0.012319246358670996	45
SEC62	0.2637176304858811	96
SEC63	0.5853152331613936	96
SEH1L	-0.09569381235849755	96
SEL1L	0.15433605990669566	96
SEL1L3	0.46768013356163873	77
SELENBP1	0.3459469728095911	96
SELENOF	0.35076438910721475	96
SELENOH	0.3065173599641846	96
SELENOI	0.2606003752345216	40
SELENOK	0.2742834329458595	90
SELENOM	0.4190951297949478	96
SELENON	0.25153064906767625	50
SELENOO	-0.08942404086090638	87
SELENOP	-0.0744797670811237	87
SELENOS	0.48170241634733285	96
SELENOT	0.2694084707015127	73
SELENOW	0.47413456038003077	90
SEMA4B	0.36743773763604276	81
SENP3	0.33096286562175803	77
SENP8	0.04722282839097768	41
SEPHS1	0.28691771344854716	96
SEPHS2	0.3402333998283039	91
SEPSECS	0.48173216632650917	84
SEPT1	0.5061465814186955	92
SEPT10	0.34936040912915783	96
SEPT11	0.21642464240954323	96
SEPT2	0.20236371344837034	96
SEPT4	0.42264334702226486	77
SEPT5	0.5773058146482014	96
SEPT6	0.46515098080733247	96
SEPT7	0.47360763979829923	96
SEPT8	0.4767221031937033	96
SEPT9	0.18341116347639494	96
SERBP1	0.4276984224270659	96
SERF2	0.34328979309769764	92
SERINC1	0.1166745782001669	80
SERINC3	0.41932617549055895	74
SERPINA1	-0.11455256409966263	96
SERPINA3	0.08937153016280838	96
SERPINB1	0.7781387557066912	96
SERPINB5	0.9086334009319109	96
SERPINB6	0.8134698860553445	96
SERPINB8	0.4722082802137972	96
SERPINB9	0.6331955330529012	96
SERPINE1	0.3342041323928589	69
SERPINE2	0.695110164581092	96
SERPINF1	0.5337095418163806	96
SERPINF2	-0.1537334496084861	96
SERPING1	0.34898382048430626	96
SERPINH1	0.6558348848826735	96
SESTD1	0.05217391304347826	24
SET	0.22734224778597684	96
SETD3	0.5336482701085887	96
SETD7	0.4958948707335912	96
SETDB1	0.31057373162636315	37
SF1	0.04506963920783171	96
SF3A1	0.0277441474818766	96
SF3A2	0.11390258627000159	96
SF3A3	0.10762599492541691	96
SF3B1	0.10809967580587347	96
SF3B2	0.1314201803508071	96
SF3B3	0.47165728977287813	96
SF3B4	0.31399938959039236	96
SF3B5	0.07410622842298746	96
SF3B6	0.092650056139177	96
SFN	0.40280123445156185	96
SFPQ	0.35182164414008793	96
SFRP1	0.648592418544004	86
SFRP2	0.790779853226441	96
SFRP4	0.7646144566779358	88
SFSWAP	0.10883832583543242	89
SFT2D2	0.12355954030292628	75
SFT2D3	0.4688085311928133	50
SFXN1	0.4091723021453981	96
SFXN2	0.4504067110957842	92
SFXN3	0.6335769393847371	96
SFXN4	0.1004296310574838	92
SFXN5	0.4247362411686674	69
SGCB	0.10004438957508864	93
SGCD	0.6032495896607691	96
SGCE	0.6349873843712082	96
SGF29	0.05914329341813802	24
SGK2	0.7265523230568823	48
SGK3	0.4499135529726498	52
SGPL1	0.5750785936934291	96
SGPP1	0.4214324592143792	53
SGSM3	0.5895650898275097	81
SGTA	0.40426902886288796	96
SH2D3A	0.05515166727703878	33
SH2D4A	0.7680172007817677	96
SH3BGRL	0.36064650907426976	96
SH3BGRL2	0.5023348559946681	96
SH3BGRL3	0.4731360746759022	96
SH3BP1	0.43406483471400975	96
SH3BP4	0.5769213945367534	70
SH3BP5L	-0.16314851299371425	40
SH3D19	0.32721316374553777	96
SH3GL1	0.30352152801295024	96
SH3GLB1	0.5127681653976881	96
SH3GLB2	0.5628291693688235	96
SH3KBP1	0.833324855284415	96
SH3PXD2A	0.31607933142700473	65
SH3PXD2B	0.27134025374695486	96
SH3YL1	0.5707692307692307	25
SHARPIN	0.06356813140420682	44
SHC1	0.2875998304382795	96
SHMT1	0.6710776202588407	96
SHMT2	0.6640056701951429	96
SHOC2	0.26318091950354305	96
SHPK	0.4843216922882294	96
SHROOM1	0.031784593745186246	39
SHROOM2	0.5970623991818942	47
SHROOM3	0.148268146273577	84
SHTN1	0.5409564763752528	96
SI	0.23868812632857575	39
SIAE	0.5868528679792332	96
SIGIRR	0.33817350350458514	85
SIGMAR1	0.09375236080682935	62
SIL1	0.47622470732495	84
SIN3A	0.3042415157832269	96
SIPA1	0.4530300523881395	92
SIPA1L1	0.000985893207147116	79
SIPA1L3	-0.08103033701157929	45
SIRPA	0.43641961082773206	90
SIRT1	0.4598290598290598	26
SIRT2	0.16400892621332164	96
SIRT3	0.26987144746797637	86
SIRT5	0.5394118824067129	96
SIRT6	0.046852876818123314	36
SKAP2	-0.27393306124007943	69
SKIV2L	0.12893773888231705	96
SKIV2L2	0.15610215993564053	96
SKP1	0.27295448610933654	96
SLAIN2	0.28294797099778213	96
SLAMF6	0.4024579018452531	40
SLBP	0.5958261951844531	31
SLC11A2	0.2802129348468921	43
SLC12A2	0.8199187460765506	96
SLC12A4	0.32458636591420237	62
SLC12A6	0.27121741828799284	71
SLC12A7	0.2908195620563595	96
SLC12A9	0.336872734180612	96
SLC15A4	0.036654567076132544	44
SLC16A1	0.5962709749731306	96
SLC16A3	0.8088349000935988	96
SLC17A5	0.3856598684250756	87
SLC1A4	0.4286615390974763	96
SLC1A5	0.49280542605348215	96
SLC22A18	0.635327481809393	92
SLC25A1	0.2998470548754512	96
SLC25A10	0.287127000478754	96
SLC25A11	0.020164544856447163	96
SLC25A12	0.2280222204515888	96
SLC25A13	0.6752703707312147	96
SLC25A15	0.27392442678954965	96
SLC25A16	0.1085143437790032	32
SLC25A17	0.19874454358328184	55
SLC25A19	0.4188908364780584	83
SLC25A20	0.3797118061993032	96
SLC25A22	0.48750470558483333	96
SLC25A24	0.19443493008305981	96
SLC25A25	0.4357515410146989	37
SLC25A26	0.011549037774257304	32
SLC25A3	0.0800016278787806	96
SLC25A32	0.15419331665837058	20
SLC25A35	0.25360789293728625	25
SLC25A4	0.19672803858099575	96
SLC25A40	0.3078274376615571	96
SLC25A42	0.5113079440551774	46
SLC25A46	0.16509029249777002	96
SLC25A5	0.4193570265870863	96
SLC25A6	0.1428658631738176	96
SLC26A2	0.7120178794576406	96
SLC26A3	0.6571527409448104	96
SLC26A6	0.25470217114421967	74
SLC27A1	0.4265214633187787	96
SLC27A2	0.7250147521302993	96
SLC27A3	0.41996900316984537	96
SLC27A4	0.33631544871177577	96
SLC29A1	0.5105314727116093	79
SLC2A1	0.815670156238264	96
SLC2A3	0.6654661620630825	96
SLC30A1	0.32991224949765674	88
SLC30A6	0.2510817383344925	37
SLC30A7	0.40847383809892684	83
SLC30A9	0.08776600868554849	92
SLC31A1	0.5469609225932194	69
SLC33A1	0.23218459470601613	91
SLC35A1	0.4851470112771745	84
SLC35A3	0.6230193684253157	84
SLC35B1	0.24825783972125437	41
SLC35B2	0.5461260118657136	96
SLC35B3	0.6452263365787647	31
SLC35D1	0.24823553135712842	31
SLC35E1	0.15780730897009967	43
SLC35F6	0.23674402374146475	96
SLC37A4	0.4024637342011997	42
SLC38A1	0.2368685301195891	79
SLC38A10	-0.007035194196876081	87
SLC39A11	0.5551146923285051	96
SLC39A14	0.5909289762338976	96
SLC39A4	0.4973737668895768	35
SLC39A7	0.5790128732077213	96
SLC3A2	0.599226118039537	96
SLC43A2	0.39360505154101716	59
SLC44A1	0.5414393119874323	96
SLC44A2	0.11541839762677648	96
SLC44A4	0.2247465074627621	88
SLC4A1AP	0.2926405751949568	96
SLC4A2	0.42502612662489486	62
SLC4A7	0.40565564932659093	84
SLC50A1	0.5112377794733503	55
SLC5A1	0.5718530830607313	62
SLC5A6	0.8143113995190304	85
SLC7A1	0.5045602544044007	92
SLC7A5	0.5359900749626829	86
SLC8A1	0.5187406301110158	42
SLC9A1	0.11467769969210986	58
SLC9A3	0.5455723710745469	54
SLC9A3R1	0.23956061844550028	96
SLC9A3R2	0.4476496343087155	96
SLCO2A1	0.22036437928907615	68
SLFN5	0.6727246213637013	96
SLIRP	-0.08873311561299428	96
SLK	0.7144993641414549	96
SLMAP	0.5182392886482434	96
SLPI	0.319510573936163	96
SLTM	0.22526460726741282	96
SLU7	0.10708182383723967	56
SMAD1	0.23778594565831732	22
SMAD2	0.3928218958559298	85
SMAD3	0.4537262887208097	53
SMAD4	0.6544941534104262	96
SMAD5	0.4012041598248494	28
SMAP1	0.6529863400359097	96
SMAP2	0.27459092836105337	96
SMARCA1	0.07704494416587196	58
SMARCA2	0.2487278518892324	91
SMARCA4	0.07719855126254561	96
SMARCA5	0.17187913319314677	96
SMARCAD1	0.26473137793908663	53
SMARCAL1	0.14141107471982545	39
SMARCB1	0.25487336708939223	96
SMARCC1	0.35711160926572694	96
SMARCC2	0.2842235915330187	96
SMARCD1	0.23768070561286406	66
SMARCD2	0.07828481511341837	96
SMARCE1	0.17227638830111783	96
SMC1A	0.34528529042691636	96
SMC2	0.5694543826780847	96
SMC3	0.1502821563565674	96
SMC4	0.6620884711013804	96
SMC5	0.07573433459710484	64
SMC6	0.2852756414674698	94
SMCHD1	0.7031135015657112	96
SMCO4	0.3267231644967288	52
SMDT1	0.31528754177711193	90
SMG1	0.03678973709700801	91
SMG8	0.09057644423508009	90
SMG9	-0.10761494764368704	77
SMIM12	0.3960974501356693	78
SMIM20	0.17940928112600116	86
SMIM22	0.13130360124916268	86
SMN1	0.4634584732254893	96
SMNDC1	0.3777484593252901	95
SMOC2	0.7809014514896867	34
SMPD2	0.08419725743783618	35
SMPD3	0.48309540714534754	77
SMPD4	0.483373860148783	96
SMPDL3A	0.6080102674239081	32
SMPDL3B	0.3637913766116934	85
SMS	0.50824925816316	96
SMTN	0.2826688553206049	96
SMU1	0.10828766379988605	96
SMYD3	0.46900350340400193	67
SMYD5	0.13793059845577113	78
SNAP23	0.5694848577863142	96
SNAP29	0.5651385047389014	96
SNAPIN	0.05066176251720391	93
SNCG	0.6211082093077777	96
SND1	0.4883527708415799	96
SNF8	0.2316681927682413	96
SNIP1	0.18339220868055872	74
SNRNP200	0.33240751112383504	96
SNRNP27	0.20877864116878123	77
SNRNP40	0.050375253928331816	96
SNRNP70	0.17874874525526818	96
SNRPA	0.05073048644952416	96
SNRPA1	0.1680514671319322	96
SNRPB2	0.09265526760432596	96
SNRPC	0.3197398184750424	96
SNRPD1	0.11615730001763455	96
SNRPD2	0.20459655518477188	96
SNRPD3	0.04783770586193392	96
SNRPE	-0.05245916093859118	96
SNRPF	-0.11189147944108428	96
SNRPG	0.1533948513648336	96
SNRPN	-0.0775773484321119	96
SNTA1	0.33617760422054316	43
SNTB1	0.5067926857390904	96
SNTB2	0.33664212487880285	96
SNU13	0.18476679479820482	96
SNUPN	0.39930940037570145	83
SNW1	0.2729307551439653	96
SNX1	0.6132485951423848	96
SNX12	0.6407436421818425	96
SNX15	0.1132062675477967	96
SNX16	0.22291825821237582	34
SNX17	0.14074968376082647	96
SNX18	0.5383125782001876	96
SNX2	0.3553868953773408	96
SNX21	0.1751447235849368	29
SNX27	0.382849274965025	96
SNX3	0.24036788719349544	96
SNX30	0.4913014830863322	92
SNX33	0.07682189379581886	69
SNX4	0.0953575994813129	96
SNX5	0.33533417439567015	96
SNX6	0.18942584871829377	96
SNX7	0.19102592891199205	88
SNX8	0.6247592175588051	96
SNX9	0.641962329687779	96
SOAT1	0.5665858414615031	96
SOD1	0.08432782927323598	96
SOD2	0.41295044053066293	96
SOD3	0.44622423305129655	96
SON	0.006287431243120125	96
SORBS1	0.5956948920355588	96
SORBS2	0.3813317607746766	96
SORBS3	0.23037531667582004	96
SORD	0.5490684156749123	96
SORL1	0.4871352268162239	96
SORT1	0.4908910864679319	96
SOS1	-0.05225681513528636	89
SOWAHC	0.45142960356665157	94
SOX9	0.3419595217298049	84
SP1	0.21996249233858922	96
SP100	0.5423820779542646	96
SP110	0.4924926399333051	82
SP140L	0.3295400663821716	37
SP2	0.11461538461538462	25
SP3	0.301417863320186	94
SPAG1	0.8560962922289974	94
SPAG7	0.44930993074641523	80
SPAG9	0.5573973968542497	96
SPARC	0.616060255663892	96
SPARCL1	0.557421901745409	85
SPAST	0.20577992928179997	94
SPATA20	0.3896969371671845	85
SPATA5	0.5497702340919115	96
SPATA5L1	0.30791185711332236	86
SPATS2	0.20489769430447394	68
SPATS2L	0.685574177461051	96
SPC24	0.26733636514455605	51
SPCS1	0.13121620653550709	91
SPCS2	0.2654277236132262	96
SPCS3	0.07087676937580967	96
SPECC1	0.48221794725999345	89
SPECC1L	0.18074037901092618	96
SPEG	0.5550611790878754	30
SPG20	0.5846689139237243	96
SPG21	0.34828656210458864	96
SPG7	0.20029436101954723	96
SPI1	0.6185770750988142	23
SPICE1	0.44957264957264953	26
SPIN1	0.3595040594704465	88
SPINK1	0.7120487576183779	80
SPINK4	0.5520299978692129	89
SPINT1	0.2198611624621629	96
SPINT2	0.2598205793101489	93
SPN	0.21259361544099412	51
SPNS1	0.020171524000911652	86
SPON1	0.5509400561718715	96
SPON2	0.29129581281853834	54
SPOUT1	0.45693452957373853	96
SPPL2A	-0.04067324546779721	50
SPPL2B	0.3558974358974359	26
SPR	0.2972011489923918	96
SPRYD3	-0.014116318464144554	22
SPRYD4	0.28616194388632943	96
SPRYD7	0.20311316716604652	90
SPTAN1	0.17291218741707684	96
SPTBN1	0.5213256963055489	96
SPTBN2	0.13426842834736008	96
SPTLC1	0.3706346353492421	96
SPTLC2	0.5989371731792641	96
SPTY2D1	0.20485097288199372	47
SQLE	0.6904660475931061	79
SQOR	0.5520632681806944	96
SQSTM1	0.5422988490279984	96
SRA1	0.48566397333314965	92
SRBD1	0.358122688396654	89
SRC	0.48988049218414004	96
SRD5A3	0.6003623866653103	45
SREK1	0.2597957093598014	96
SRF	0.09881422924901187	23
SRFBP1	0.1574900702856628	90
SRGAP2	0.25211856972582086	80
SRI	0.6635342871811811	96
SRM	0.5884146341463414	96
SRP14	0.14983823819008632	96
SRP19	0.14935785050484848	96
SRP54	0.3608579906926899	96
SRP68	0.3999050429002612	96
SRP72	0.3524432552825808	96
SRP9	0.057190334895885875	96
SRPK1	0.6269660940503733	96
SRPK2	0.3606868158287292	96
SRPRA	0.19459705096827096	96
SRPRB	0.34870353163003004	96
SRPX	0.5671898967044371	96
SRPX2	0.4394125795104525	87
SRRM1	-0.013110729027600963	96
SRRM2	-0.15151659030509113	96
SRRT	0.15576461337582942	96
SRSF1	0.13049508778911695	96
SRSF10	0.03929787436165215	96
SRSF11	0.1941100266733122	96
SRSF2	0.3323182105586987	96
SRSF3	0.19568092567095546	96
SRSF4	0.21943609813509615	96
SRSF5	0.23277116279959006	96
SRSF6	0.28694870709412135	96
SRSF7	-0.030572069032348537	96
SRSF9	0.3589320111859875	96
SRXN1	0.5774150364754159	85
SSB	0.16344719070558603	96
SSBP1	0.1943460980387438	96
SSBP3	0.3009376679763457	91
SSFA2	0.4407189487298878	96
SSH3	0.3267483543674577	96
SSNA1	0.44661939210038143	96
SSPN	0.22904410888538976	50
SSR1	0.4874846122309526	96
SSR2	-0.0016038784698207303	87
SSR3	0.12465833327681279	96
SSR4	0.08830092445214256	96
SSRP1	0.3468271408999037	96
SSSCA1	0.43843138078107485	96
SSU72	0.002934408675673503	87
ST13	0.29700821370503305	96
ST14	0.4922102322122459	96
ST3GAL4	0.7044133898532541	50
ST5	0.21908211429718383	89
ST6GAL1	0.8047191212156694	89
ST6GALNAC1	0.7572241986033353	96
ST6GALNAC6	0.4429539332328659	82
STAB1	0.39881170390265747	96
STAG1	-0.019886527420393593	96
STAG2	0.13517546358469323	96
STAM	0.40005194488759643	87
STAM2	0.2845045680789717	96
STAMBP	0.361737844686705	96
STAMBPL1	0.3708280585983656	71
STAP2	0.6896314333157355	96
STARD10	0.4323759720311224	96
STARD13	-0.1193281528357748	33
STARD5	0.34554494493448473	96
STARD7	0.15721120984278877	76
STAT1	0.8135324220350011	96
STAT2	0.48095144433719045	96
STAT3	0.365917183978398	96
STAT5A	0.5926320323158428	96
STAT5B	0.6343603338393841	92
STAT6	0.4914354701448163	96
STAU1	0.7749019927733118	96
STAU2	0.49253598725856157	74
STBD1	0.44617967240826895	96
STEAP1	0.5597213333627381	32
STEAP3	0.5599248106563992	77
STEAP4	0.6333562951446932	91
STIM1	0.3120877406738679	96
STIM2	0.04566594829490178	57
STIP1	0.5107452310565301	96
STK10	0.29195238580384647	96
STK11IP	0.0	34
STK17B	0.3657173130674655	69
STK24	0.49113525685372833	96
STK25	0.27263488337066444	81
STK26	0.474024586692001	96
STK3	0.49122820147668345	93
STK38	0.6136999494739862	96
STK38L	0.3804222128217228	96
STK39	0.5428691576741252	96
STK4	0.43507160758683544	96
STMN1	0.5374204334690204	96
STMN2	-0.07298834399704425	96
STOM	0.3503925392135452	96
STOML2	0.038931486689684575	96
STRADA	0.13965573974626505	21
STRAP	0.43801907942295343	96
STRBP	0.27915936122663887	96
STRIP1	0.22481169610464005	96
STRN	0.46366534406058557	96
STRN3	0.357125174227239	96
STRN4	0.07790419669754599	96
STT3A	0.2955770940063991	96
STT3B	0.3921851897429428	96
STUB1	0.6160738206134918	96
STX10	0.2517316017316018	55
STX12	0.42805449201690426	96
STX16	0.474501319189631	96
STX17	0.41115327615854	96
STX18	0.4406541121726296	96
STX2	0.4412458429599506	53
STX3	0.3796049173575007	96
STX4	0.43076223941454117	96
STX5	0.3101763144329175	96
STX6	0.18369271118515612	94
STX7	0.3580265335549946	96
STX8	0.4093887565631878	87
STXBP1	0.5055600584924095	96
STXBP2	0.1401945224433321	96
STXBP3	0.32600357446129025	96
STXBP5	0.3123888706383195	90
STXBP6	0.8203542525576424	68
SUB1	0.23935403576288652	96
SUCLA2	0.4124281906415535	96
SUCLG1	0.11449441974570633	96
SUCLG2	0.19568291649116343	96
SUDS3	-0.08763436767821316	54
SUGP1	0.13371389056358568	95
SUGP2	0.12744465374876512	93
SUGT1	0.48379329756712947	96
SULF1	0.6986435160065112	96
SULF2	0.5801860974274767	28
SULT1A1	0.4754750068101335	89
SULT1A4	0.7210936494679581	96
SULT1B1	0.839091257517085	96
SULT2B1	0.7682337917838687	67
SUMF1	0.2763229167229401	84
SUMF2	0.5101941155395543	96
SUMO1	0.13091836968393322	87
SUMO2	0.22745750699936224	91
SUMO3	0.06888167878374495	71
SUN1	0.6098510540306858	96
SUN2	0.2023230182292262	96
SUOX	0.07538186061085875	96
SUPT16H	0.7515447066244345	96
SUPT4H1	0.10240192524258367	73
SUPT5H	0.1196926123877479	96
SUPT6H	0.40364365194767843	96
SUPV3L1	0.38058127313841833	96
SURF1	0.38821833758246127	96
SURF4	0.24212293348118288	96
SURF6	0.35857419484130104	96
SUZ12	0.15372148628962226	42
SVIL	0.3964370620663762	96
SVIP	0.30406291111274286	31
SWAP70	0.6027856249870382	96
SYAP1	0.7525230602278892	96
SYBU	0.7244242233214555	40
SYF2	0.2129853647114307	61
SYK	0.5581679265086575	96
SYMPK	0.30685490853733655	96
SYNC	0.5255496164040596	70
SYNCRIP	0.273035875989537	96
SYNE1	0.33539974565686725	96
SYNE2	0.45373802461017165	96
SYNGR2	0.5679783674374249	90
SYNJ1	-0.460221421215242	36
SYNJ2	0.41120694761921533	87
SYNM	0.6756993248045866	96
SYNPO	0.46488330610075185	96
SYNPO2	0.7259442397723286	96
SYNRG	0.023396989151175523	96
SYPL1	0.4301129966593322	96
SYS1	0.35965149635160243	55
SYT7	0.5720541999650005	28
SYTL1	0.6991066033757899	47
SYTL2	0.6030237989140785	86
SYTL4	0.46621598530108876	76
SYVN1	0.1642605460740955	96
SZRD1	0.2710401519497231	78
TAB1	0.03428009430428686	96
TACC1	0.628105956075195	96
TACC2	0.05478611203555278	96
TACC3	0.5964070385496874	58
TACO1	0.2320469907425395	96
TACSTD2	0.8988108210818473	41
TAF10	0.034307347900233626	80
TAF15	0.1301572875224089	96
TAF4	0.1278933994060106	64
TAF5	0.2417217308314266	43
TAF5L	0.2468527640941434	28
TAF6	0.015010496027165327	86
TAF6L	0.4258898049151756	88
TAF7	0.31051486841107706	88
TAF8	-0.044757125479291476	50
TAF9	0.1306642481802712	65
TAGLN	0.7170177348510338	96
TAGLN2	0.37608901338740464	96
TALDO1	0.27531665961577456	96
TAMM41	0.4200000019707448	88
TANC1	-0.08008384452011785	92
TANGO2	0.17541943788723782	96
TANK	0.2919021428426208	86
TAOK1	0.15233103150094604	72
TAOK3	0.4843087649807717	96
TAP1	0.8266549104720565	96
TAP2	0.83251660866295	96
TAPBP	0.34747929652262965	96
TAPBPL	0.6581410491340899	96
TAPT1	0.26470487728642395	56
TARDBP	-0.09801574248229161	96
TARS	0.4627723612365149	96
TARS2	0.45680875546522814	96
TARSL2	0.30409357343431664	31
TASP1	0.37739130434782603	24
TATDN1	0.32624442983176805	96
TAX1BP1	0.40911172161172155	64
TAX1BP3	0.4801169312994703	96
TBC1D1	0.3598629783572039	92
TBC1D10A	0.32915646795873965	63
TBC1D10B	0.20076033765185147	96
TBC1D10C	0.42534332831624594	38
TBC1D13	0.2391100864946033	96
TBC1D15	0.1378695234905664	96
TBC1D17	-0.10132206123468938	92
TBC1D2	0.6849844678782935	96
TBC1D20	0.039406290860617636	58
TBC1D22A	0.17057139788139114	96
TBC1D23	0.22802882577494418	96
TBC1D24	0.11264649378595161	94
TBC1D2B	0.310268220012801	94
TBC1D4	0.5842088485385706	96
TBC1D5	0.5449107076368072	96
TBC1D8B	0.4239167510724245	83
TBC1D9B	-0.07148791860999142	96
TBCA	0.22151608976073284	96
TBCB	0.2850384409319046	96
TBCC	0.0942801949174692	95
TBCD	0.2114726579168367	96
TBCE	0.5728761827245906	96
TBCEL	0.38574233653353845	96
TBCK	-0.0347336127888479	84
TBK1	0.17268475657113214	96
TBL1XR1	0.3370512929381726	96
TBL2	0.5707372326424183	96
TBL3	0.36077159970283346	96
TBP	0.4370836492303391	46
TBRG4	0.6026675348228321	96
TBXAS1	0.5661886142650677	96
TC2N	0.5525030525030524	27
TCAF1	0.12796133607353372	81
TCEA1	0.5346735440669108	96
TCEA3	0.8406443408272165	96
TCEAL3	0.45319442005100224	96
TCEAL4	0.43043705524159986	90
TCERG1	0.36255421899424756	96
TCF12	-0.2268664878405031	56
TCF20	0.2374732962893435	84
TCF25	0.4053474775153627	96
TCIRG1	0.5199476383451341	96
TCOF1	0.2922662144993492	96
TCP1	0.40707556456265764	96
TCP11L1	0.28670811576438504	75
TDP1	0.4805303528618737	51
TDP2	0.4870692286413484	96
TDRD3	0.1968131521337703	78
TDRD7	0.5660470399909497	88
TDRKH	0.7237271675931436	56
TEAD3	0.21598686820775925	28
TECPR1	0.1848182928691403	68
TECR	0.09438575667710063	96
TEFM	0.2625855572101734	58
TELO2	0.24226159672451905	91
TEP1	0.05183255756758205	92
TERF2	0.2067280080982713	80
TERF2IP	0.1598968960920314	93
TES	0.5091174227099006	96
TESC	0.7602689048627622	46
TEX10	0.2820730210256353	96
TEX2	0.3161136099187224	42
TEX264	0.4352823079991819	96
TFAM	0.18558648381441267	96
TFAP4	0.3133959849027343	23
TFB1M	0.16476818249250666	84
TFB2M	0.3955845697352125	96
TFCP2	0.47181469801336223	96
TFCP2L1	0.5939571848286876	39
TFDP1	0.32081500009722674	79
TFE3	0.27786648155402555	73
TFEB	0.3714166331400721	33
TFF1	0.8610389610389609	21
TFF2	0.04968012199482159	20
TFF3	0.5553791964245232	96
TFG	0.23521312566287708	96
TFIP11	0.23173577158827693	96
TFRC	0.5872326860599977	96
TGFB1	0.3119385568494827	48
TGFB1I1	0.4731626252377556	96
TGFBI	0.5004035567366639	96
TGFBRAP1	-0.06883419022817645	96
TGM2	0.5976071297903297	96
TGOLN2	0.23510061788805736	96
TGS1	0.46032346241425753	20
THAP11	0.012559633363939214	80
THAP4	0.2826086956521739	24
THBS1	0.4654822180336328	96
THBS2	0.718797053693333	96
THBS3	0.3784183034518997	91
THBS4	0.7310775031180996	96
THEM4	0.4887677087597321	37
THEM6	0.7012642602314194	96
THEMIS2	0.5796983617203094	92
THG1L	0.1813429918273401	90
THNSL1	0.32303885291838436	94
THOC1	0.17203360232209167	96
THOC2	0.30329873064705787	96
THOC3	0.2002148596547875	93
THOC5	0.18595013304958052	96
THOC6	-0.03235094622366859	96
THOC7	-0.13255405177629762	82
THOP1	0.4033763344963429	96
THRAP3	0.1163345938513512	96
THSD4	0.3238794178650595	96
THTPA	0.17184462368396325	54
THUMPD1	0.2843563161236855	96
THUMPD3	0.5165053548770422	96
THY1	0.4135746575858471	96
THYN1	0.3118143188486432	96
TIA1	0.19884766294085768	96
TIAL1	0.19195512614100912	96
TIGAR	0.6485107048637638	96
TIMM10	-0.07405944017151468	90
TIMM10B	0.36259059194279236	96
TIMM13	0.12129721004278253	96
TIMM17A	0.48157782096393	90
TIMM17B	0.2493435295557917	90
TIMM21	0.5613334056788408	92
TIMM22	0.06893847918525951	78
TIMM23	0.01654735266246745	91
TIMM29	0.08123665468529273	85
TIMM44	0.2998789333947432	96
TIMM50	0.21389643469451483	96
TIMM8A	0.4357460432809321	96
TIMM8B	0.2915684189075874	89
TIMM9	0.16171139244033564	96
TIMMDC1	0.20132702445035405	92
TIMP1	0.6136409880904584	96
TIMP2	0.5451222034981512	96
TIMP3	0.5915890354317329	96
TINAGL1	0.366863022438649	96
TIPRL	0.4176286659974497	96
TJAP1	0.017172336675556753	55
TJP1	0.2740939442562993	96
TJP2	0.5251970319848416	96
TJP3	0.6014263719419142	96
TK1	0.6812543967012649	74
TK2	0.2216449394764103	96
TKFC	0.6966014726484188	96
TKT	0.46182802266895046	96
TLCD1	0.3852258852258852	27
TLDC1	0.3605079042442238	96
TLE1	0.07253886111684457	33
TLE3	0.5145733134895947	89
TLK1	-0.07142857142857142	21
TLK2	0.07836782326264904	57
TLN1	0.09912063840445072	96
TLN2	0.2353096777926585	96
TLR2	0.6186401480111009	47
TLR3	0.48107448107448103	27
TM2D3	0.25358247334476713	41
TM7SF2	0.3544514082911727	43
TM9SF1	0.6140729863673371	96
TM9SF2	0.5294361020034306	96
TM9SF3	0.5758634255392964	96
TM9SF4	0.5593605447842276	96
TMA16	0.23809475364214622	96
TMA7	0.21419027530522028	96
TMBIM1	0.10989409378388212	73
TMBIM6	0.24829415863785348	68
TMC4	0.3282856118191565	70
TMC5	0.37079251432429244	54
TMCC3	0.6533901202026243	77
TMCO1	-0.04416756817274624	96
TMCO3	0.5381586637546526	58
TMCO4	-0.21343873517786563	23
TMCO6	-0.16533203051111997	29
TMED1	0.029509219772505063	96
TMED10	0.5386843195157353	96
TMED2	0.14389777399281037	96
TMED3	0.3616096257409895	96
TMED4	0.22707479856188506	96
TMED5	0.37110765954271996	96
TMED7	0.38115811786627124	96
TMED8	0.42266964845724153	74
TMED9	0.13638907069805806	96
TMEM102	0.04559718270567595	52
TMEM106B	-0.029861025957428965	86
TMEM109	0.41511967823544976	96
TMEM11	-0.019698899745233627	95
TMEM115	0.23215166678412855	44
TMEM119	0.5685262818559315	78
TMEM120A	0.3226293264315886	96
TMEM123	0.20218057259230635	45
TMEM126A	0.1063590950710612	96
TMEM126B	0.126562802879754	25
TMEM128	0.19797723832476669	51
TMEM141	0.608768490962679	96
TMEM143	0.02880735690708127	32
TMEM147	0.16775343640919144	40
TMEM14C	0.05874333618333953	96
TMEM159	0.43980795525069266	37
TMEM165	0.33829698484647375	96
TMEM167A	0.31995738010954367	88
TMEM167B	0.39533865849655325	38
TMEM168	0.393718195577425	54
TMEM173	0.575378886793394	96
TMEM176A	0.3237990997888018	28
TMEM176B	0.6586206896551723	29
TMEM177	0.09515133159386964	39
TMEM179B	0.5137843598909916	66
TMEM186	0.46806199904194506	51
TMEM19	0.3399715504978662	37
TMEM192	0.31677750099330315	85
TMEM199	0.31892632946100014	55
TMEM2	0.40554311678904215	90
TMEM201	0.1957508184997347	57
TMEM205	0.4059598337290294	96
TMEM209	0.17463616635946436	91
TMEM214	0.38437043241979457	96
TMEM222	0.13411797032672262	28
TMEM223	0.3332204177462249	65
TMEM230	0.5339678791702916	79
TMEM238	0.31478288679946526	91
TMEM245	0.3050366934178287	96
TMEM256	0.3239692869035448	46
TMEM259	-0.09033168712102706	31
TMEM261	0.3208917835671343	66
TMEM263	0.5804852242108058	96
TMEM30A	0.10030012717310749	96
TMEM30B	0.3314684021537158	92
TMEM33	0.3341619330705059	96
TMEM41A	0.3407569252243135	44
TMEM41B	0.37694638745911085	54
TMEM43	0.5517166537925842	96
TMEM45B	0.7246594827673944	33
TMEM51	0.259571413978498	76
TMEM54	0.22123440227597127	26
TMEM55A	0.21963537817196357	29
TMEM55B	0.45345767076567844	63
TMEM57	0.2937170524971756	51
TMEM59	0.10495154031750788	82
TMEM62	0.25571725571725573	38
TMEM63A	0.44778736296008514	90
TMEM63B	0.08087108776537535	38
TMEM65	0.5679833478233891	93
TMEM68	0.4267341132178096	78
TMEM70	0.21915505894915094	85
TMEM87A	0.5046850042589139	96
TMEM87B	0.5808737999371413	96
TMEM97	0.5457122401552748	59
TMEM9B	0.09939271255060729	39
TMF1	0.3802361702792364	96
TMLHE	0.5889361039138261	96
TMOD2	0.4637682948914242	90
TMOD3	0.42776914894535395	96
TMPO	0.3820059347378708	96
TMPRSS2	0.3239324954171833	43
TMPRSS4	0.43963949684963843	88
TMSB10	0.1613152647251527	96
TMSB4X	0.1664773208996432	96
TMTC3	0.22754803746685026	96
TMUB1	0.24754475134915324	84
TMX1	0.4656357039123443	96
TMX2	0.4743553222480545	96
TMX3	0.4679990232959185	96
TMX4	0.3959806425708222	96
TNC	0.42027692902706093	96
TNFAIP2	0.668378161337862	96
TNFAIP8	0.3838133476729374	78
TNFAIP8L2	0.1809650540189618	35
TNFAIP8L3	0.15609930593676147	49
TNFRSF6B	0.5175983438032032	52
TNFSF13	0.4980836236933799	41
TNIK	0.4453445494600491	74
TNIP1	0.536865151817125	46
TNIP2	-0.15398538432412398	51
TNKS1BP1	0.036584869575660775	96
TNPO1	0.303532428320861	96
TNPO2	0.10766522991003898	96
TNPO3	0.489192140489687	96
TNRC6B	0.13579497475869906	96
TNS1	0.5475510588032021	96
TNS2	0.18267773155228464	96
TNS3	0.47498770665809376	96
TNS4	0.17384615384615384	25
TOE1	0.3714265762612565	67
TOLLIP	0.27734651868510357	96
TOM1	0.5071132800707394	96
TOM1L1	0.4941221604349391	69
TOM1L2	0.14059659784907896	96
TOMM20	0.24381013101639223	96
TOMM22	0.06716450811374723	96
TOMM34	0.6448315738760246	96
TOMM40	0.32956672726550956	96
TOMM5	-0.11633467622900494	93
TOMM6	0.08739237038268043	96
TOMM7	0.014759046364844465	96
TOMM70	0.24681393661107304	96
TOP1	0.752270430500418	96
TOP2A	0.40088172956716484	96
TOP2B	0.5012208604468334	96
TOP3B	0.15309019116029976	73
TOR1A	0.3543220302130751	96
TOR1AIP1	0.5325924393574879	96
TOR1AIP2	0.33888142813351535	96
TOR1B	0.579024118953062	96
TOR2A	0.2146615071762711	78
TOR4A	0.5694654267878193	93
TOX4	0.15619715663556086	66
TP53	0.22432818941738827	52
TP53BP1	0.5989018815198663	96
TP53BP2	0.22452811554824675	45
TP53I11	0.43276572298761834	83
TP53I3	0.42047539432739395	96
TP53RK	0.13475449086248312	96
TPBG	0.2636158319404697	74
TPD52	0.7522255041975994	96
TPD52L1	0.6990037962336147	85
TPD52L2	0.5278304366287241	96
TPI1	0.1195002679101544	96
TPM1	0.34323949474970783	96
TPM2	0.6642317202836094	96
TPM3	0.06983928892747075	96
TPM4	0.42070137242975364	96
TPMT	0.48209883039735274	96
TPP1	0.17663576123413083	96
TPP2	0.65086357455466	96
TPPP3	0.6945676652368549	96
TPR	0.2796467620427528	96
TPRG1L	0.19550448547466207	53
TPRKB	-0.0140194997881264	96
TPRN	0.4740517769973801	91
TPSAB1	0.49804651731809274	96
TPT1	0.32264300031851834	96
TPX2	0.6885099155831899	69
TRA2A	0.043589439235154785	96
TRA2B	0.08599944383024614	96
TRABD	0.41365606634975294	71
TRADD	0.22695069136382598	96
TRAF2	0.4699339025358755	96
TRAF3IP2	-0.08124956243226661	35
TRAF3IP3	0.02961832061068702	27
TRAF5	0.2073560908538036	61
TRAF6	0.052449457333247386	89
TRAFD1	0.5149283088484652	96
TRAM1	0.40058736354710356	96
TRAP1	0.45580210745631883	96
TRAPPC1	0.2820494346532286	55
TRAPPC10	0.29566907374218915	94
TRAPPC11	0.1536778919665255	96
TRAPPC12	0.03115366831442797	92
TRAPPC13	0.10226537918345457	94
TRAPPC2	-0.20684288519210328	49
TRAPPC2L	0.0589001329444572	96
TRAPPC3	0.0980164073000386	96
TRAPPC4	0.04208150706465561	93
TRAPPC5	0.12228612899350032	96
TRAPPC6B	0.35791608448526113	96
TRAPPC8	0.43043521021446773	96
TRAPPC9	-0.12262151227265651	90
TREX1	0.4877246831134776	66
TRIM14	0.34759135226990895	96
TRIM15	0.3652173913043478	24
TRIM16	0.6649950399061754	79
TRIM2	0.6235710240507372	96
TRIM21	0.5222144976955299	96
TRIM22	0.6060540291239089	96
TRIM24	0.36966417591651524	68
TRIM25	0.14368463177074003	96
TRIM26	0.34779718726566944	96
TRIM28	0.4545633360500424	96
TRIM29	0.8205885544963837	95
TRIM3	0.3020260572520402	94
TRIM32	0.11312383750349475	77
TRIM33	0.2571386010110328	89
TRIM38	0.5852495578635835	58
TRIM4	0.31124143621579015	92
TRIM47	0.12860844322633247	96
TRIM5	0.22300930869421523	67
TRIM56	0.0857101191806631	96
TRIM65	0.14727465983737914	39
TRIO	0.09900851549046892	90
TRIOBP	0.3498060175342949	96
TRIP10	0.6503174215602492	96
TRIP11	0.475972462452024	96
TRIP12	0.42132964365651215	96
TRIP13	0.6078266519835607	76
TRIP4	0.3283649916912073	96
TRIP6	0.5870894447103329	96
TRIT1	0.23626373626373626	27
TRMT1	0.10453313800041124	96
TRMT10A	0.4556498902709543	40
TRMT10C	0.011408378582322068	96
TRMT11	0.294975389826356	75
TRMT112	0.2653709720144872	96
TRMT1L	0.24437534442185294	92
TRMT2A	0.5283035909051098	94
TRMT5	0.38059015637565363	96
TRMT6	0.7548571758401745	96
TRMT61A	0.34001387574055564	85
TRMT61B	0.07774661790682039	69
TRMU	0.426950814358642	42
TRNT1	0.362671685835995	96
TROVE2	0.2051575971281473	96
TRPM4	0.328477054769557	96
TRPT1	0.20388765369139727	87
TRPV2	0.5777036908107508	90
TRRAP	0.3200575165111753	96
TRUB1	0.14653728767853996	86
TRUB2	0.03359683794466403	23
TSC1	0.12221854970941425	61
TSC2	-0.15616649970002494	66
TSC22D1	0.4683566433566434	65
TSC22D2	0.27809623369334824	72
TSC22D4	0.1602893449127121	96
TSEN34	0.16191380381401124	80
TSFM	0.2929901312510165	96
TSG101	0.23551654794803115	96
TSN	0.5143399745921126	96
TSNAX	0.2555006172144662	96
TSPAN1	0.4430148368181796	96
TSPAN13	0.63582396340926	67
TSPAN14	0.44632018751285757	81
TSPAN15	0.5713684981585605	96
TSPAN31	0.4241948153967006	69
TSPAN6	0.6108200312705744	96
TSPAN7	0.2951823945687284	52
TSPAN8	0.6301631872960036	96
TSPAN9	0.6049770410551737	96
TSPO	0.125971167640113	96
TSR1	0.5634658753741602	96
TSR2	0.45754388022000586	80
TSSC1	0.09412865877906627	96
TSSC4	0.23523745308286365	92
TST	0.5127272974025786	96
TSTA3	0.5325831875215761	96
TSTD1	0.34037568641323246	92
TTC1	0.47785185737830554	96
TTC17	0.010297153281167488	63
TTC19	0.7231056738754964	92
TTC27	0.32584605260244903	84
TTC37	0.4115803824048981	96
TTC38	0.7105252449173771	96
TTC39A	0.570372907566673	96
TTC39B	0.38280064824808724	91
TTC4	0.215495984895553	88
TTC5	0.5138698918891409	38
TTC7B	0.5711307135689998	56
TTC9C	0.2923806843862639	96
TTI1	0.2612669683257919	51
TTI2	-0.04441990011525164	50
TTLL12	0.5362439254363999	96
TTPAL	0.017308827068844953	65
TTYH3	0.1773464177785652	58
TUBA1B	0.26992271355215625	96
TUBA1C	0.12665705809366376	96
TUBA4A	0.6508137291478542	96
TUBAL3	-0.05633871845614523	95
TUBB	0.43572613121060827	96
TUBB2A	0.4409803708879602	96
TUBB2B	0.41340644210125227	90
TUBB3	0.6959358637608217	96
TUBB4B	0.3027587961435666	96
TUBB6	0.5565782111096016	96
TUBG1	0.15910578456901636	96
TUBGCP2	0.3505014091184527	96
TUBGCP3	0.22347550956761872	96
TUBGCP4	0.06778626270199938	27
TUFM	0.18537220604804341	96
TUFT1	0.24396873955545906	43
TUSC1	0.3556186018851859	46
TUT1	0.07430621153955758	43
TVP23C	0.06568486397317025	71
TWF1	0.35277999154008877	96
TWF2	0.45059856887121863	96
TWISTNB	0.1777065675754666	66
TXLNA	0.275729222168789	96
TXLNG	0.7354664767693845	96
TXN	0.26009400498431245	96
TXN2	0.27436710470696135	96
TXNDC12	0.11110960390667389	96
TXNDC15	-0.21803072273986399	62
TXNDC17	0.23742263671183583	96
TXNDC5	0.6522606112549817	96
TXNDC9	0.4192013565094051	96
TXNIP	0.44083171447939123	90
TXNL1	0.4128311561469907	96
TXNL4A	0.10292677476610286	77
TXNL4B	0.319209090492693	22
TXNRD1	0.5403290897128944	96
TXNRD2	0.29927425656213913	96
TYK2	-0.002932551319648094	32
TYMP	0.7268552903480895	96
TYROBP	0.22516401469403408	59
TYSND1	0.05714285714285715	36
TYW1B	0.2741489161993254	36
U2AF1	0.23664067773693193	96
U2AF2	0.19189956356850182	96
U2SURP	0.218167759793945	96
UACA	0.3721564318561023	96
UAP1	0.4792505298883006	96
UAP1L1	0.32627456940772526	94
UBA1	0.3584693227313355	96
UBA2	0.3439638625390267	96
UBA3	0.12877495582888232	96
UBA5	0.40434291607574374	96
UBA52	0.14786454059306864	96
UBA6	0.4850784737081356	96
UBA7	0.5506916583893764	96
UBAC1	0.22609636411321385	96
UBAC2	0.5695894109512364	90
UBAP1	0.1747042704794917	96
UBAP2	0.09718331399905722	93
UBAP2L	0.09656699664422887	96
UBASH3B	0.48303790295032556	34
UBE2A	-0.002553165230747876	73
UBE2B	0.1723076923076923	25
UBE2C	0.5742431699424616	87
UBE2D1	0.17572801485182568	89
UBE2D2	0.13974029714614886	63
UBE2D3	0.012096774193548388	31
UBE2E1	0.29003306577091525	60
UBE2E2	0.7096576250356941	59
UBE2F	0.16890668230518685	92
UBE2G1	0.5633310839207843	96
UBE2G2	0.09657318309220142	90
UBE2H	0.15156776700872904	96
UBE2I	0.4833671902009932	96
UBE2J1	0.38541910410932456	96
UBE2K	0.4742789317534692	96
UBE2L3	0.4415543015680687	96
UBE2L6	0.7806992263011052	96
UBE2M	0.2687051069489601	96
UBE2N	0.26373298425768293	96
UBE2O	0.18757333846681604	96
UBE2Q1	0.34982080115532616	88
UBE2R2	0.027650433238124952	63
UBE2T	0.8735177865612649	22
UBE2V2	0.20369170875690018	96
UBE2Z	0.5086648941221156	96
UBE3A	0.5634444776038415	96
UBE3C	0.4838455877865518	96
UBE4A	0.3404087197156732	96
UBE4B	0.1933673365573092	96
UBFD1	0.4145561464052599	96
UBL3	0.24406643081221005	62
UBL4A	0.2702626550173507	94
UBL5	0.24505049546477545	96
UBL7	0.12215811528718605	64
UBLCP1	0.15394048952119357	91
UBP1	0.24047594278888001	92
UBQLN1	0.3102649579333963	96
UBQLN2	0.3157948283188995	96
UBQLN4	0.2500754557145106	96
UBR1	0.40152745801363127	96
UBR2	0.2793175222506547	93
UBR3	0.18398753499313864	52
UBR4	0.13856087684909488	96
UBR5	0.27432454888127983	96
UBR7	0.35634639645958616	96
UBTD2	0.16099585062240665	37
UBTF	0.24565407598386485	96
UBXN1	0.2714361291097413	96
UBXN2B	0.31782412805721494	34
UBXN4	0.1560916718100367	96
UBXN6	0.16940341024701913	96
UBXN7	0.1760544513240227	96
UCHL1	0.7559564387586102	96
UCHL3	0.45515218313106154	96
UCHL5	0.5101163910748537	96
UCK2	0.037661118615352915	64
UCKL1	0.21118124849858552	51
UEVLD	0.36160709745586495	96
UFC1	0.3416386038341442	96
UFD1	0.26081383085300736	96
UFL1	0.2536099675178213	96
UFM1	0.41649371262098267	96
UFSP2	0.4166064713778963	96
UGDH	0.8087914622075355	96
UGGT1	0.5967254032203367	96
UGGT2	-0.10113452221214209	42
UGP2	0.34248187364532523	96
UGT1A10	0.706747742416877	96
UGT2A3	0.6990731163070668	96
UGT2B17	0.6496620727095457	96
UGT8	0.7127101660239369	63
UHRF1	0.45892503441417754	93
UHRF2	0.47923003835889555	76
UIMC1	0.31104611788931186	81
ULK3	0.36783926859259874	63
UMPS	0.331628638874662	96
UNC119	0.1286197909686896	20
UNC119B	0.3676174336660799	60
UNC13B	0.6858086387281548	59
UNC13D	0.434503037046714	96
UNC45A	0.2880426488708306	96
UNC93B1	0.3323105786706795	85
UNG	0.2662273541708143	91
UNK	0.09812046172815474	80
UPF1	0.12401102832777829	96
UPF2	0.23998304366394888	96
UPF3A	0.3540372670807454	22
UPF3B	0.4295098535230916	96
UPP1	0.4831469819460352	96
UQCC1	0.5394045652964274	96
UQCC2	0.007388067258781649	88
UQCC3	-0.2395717463903827	96
UQCR10	0.09832353729888718	89
UQCR11	0.019214856414221573	96
UQCRB	0.09340875487504641	96
UQCRC1	-0.03265090190165854	96
UQCRC2	0.08803730394690465	96
UQCRFS1	0.044476774747350276	96
UQCRH	0.05614525329248301	96
UQCRQ	-0.12101912988108751	96
URB1	0.17098759080670828	90
URB2	0.30209118262723494	93
URI1	0.2791391694256379	96
URM1	0.20987644164745445	90
UROD	0.24845103857709636	96
UROS	0.3159786661909467	59
USE1	0.1517761169978463	78
USF1	0.2335318739962315	78
USF2	0.1068153927559175	67
USH1C	0.4992030602486452	96
USMG5	0.07413988978764366	96
USO1	0.4810021839799184	96
USP10	0.24986604275482777	96
USP11	0.20761098778673148	86
USP12	-0.02408089310748362	59
USP14	0.7788083604854632	96
USP15	0.40093056696324314	96
USP16	0.19364769701399162	90
USP19	0.032059827126222094	71
USP24	0.36789327147956896	96
USP28	0.557557251908397	27
USP3	0.6404835220603007	64
USP39	0.401409429907064	96
USP4	0.22918941651762437	96
USP47	0.08377137353774217	96
USP48	0.5834085066976302	96
USP5	0.4124812631930848	96
USP54	0.24384615384615385	25
USP6NL	0.5988365943945002	61
USP7	0.6321501122602721	96
USP8	0.5203628656240182	96
USP9X	0.5519418861781928	96
UTP11	-0.11265447486506032	83
UTP14A	0.16769874592045997	96
UTP15	0.0762312372838049	96
UTP18	-0.08598839516186683	96
UTP20	0.27012893642708413	96
UTP23	0.35545520522538504	53
UTP3	0.07045708239705728	94
UTP4	0.09854345061523392	96
UTP6	0.0727260116676043	92
UTRN	0.22351995605016065	96
UVRAG	0.09007637611705033	70
UXS1	0.18469841162418577	89
UXT	-0.033846153846153845	26
VAC14	0.3395258927663038	96
VAMP2	0.13308124057460527	96
VAMP3	0.3583281051313526	96
VAMP5	0.4715265345650136	74
VAMP7	0.219276291252034	96
VAMP8	0.3219465875389433	96
VANGL1	0.09793780492991881	45
VAPA	0.6616633149300117	96
VAPB	0.8167500915826978	96
VARS	0.23947354142080063	96
VARS2	0.4088581409602817	96
VASP	0.24685546856406965	96
VAT1	0.6266023684531803	96
VAV1	0.6173290489250749	92
VAV2	0.5978329801072432	96
VBP1	0.1891532597238224	96
VCAM1	0.5219356980627855	93
VCAN	0.548598558714473	96
VCL	0.16873656182453312	96
VCP	0.4883645218968482	96
VCPIP1	0.5016481504551396	96
VDAC1	0.4569581790416966	96
VDAC2	0.30718674969167886	96
VDAC3	-0.06058180782857627	96
VDR	0.13254450716456795	48
VEZF1	0.5274081308874821	96
VGLL4	0.3483918716387064	46
VIL1	0.7089372554073211	96
VILL	0.7204674475545819	96
VIM	0.6560340208643898	96
VIP	0.44629174665516547	47
VIPAS39	0.3612525139811244	96
VKORC1	0.09498084970574028	92
VKORC1L1	0.4831758649901609	96
VMA21	0.23040575952030234	87
VMAC	0.012311902224801127	26
VMP1	0.22933541229103538	84
VNN2	0.5316883201188105	78
VPS11	-0.12480033642475714	96
VPS13A	0.31830421336091236	96
VPS13C	0.38591814868103874	96
VPS16	0.11038311408703805	96
VPS18	0.3244548446943283	96
VPS25	0.1249334468277005	96
VPS26A	0.2583205029944994	96
VPS26B	0.32591841940254357	92
VPS28	-0.014867518338613193	96
VPS29	0.13551780621926393	96
VPS33A	0.09083571307998338	96
VPS33B	0.21829786970010648	96
VPS35	-0.07572725979442954	96
VPS36	0.438805200804998	96
VPS37A	0.41774116001573497	65
VPS37B	0.44861347088665526	96
VPS37C	0.060112171888961084	80
VPS39	0.2729931451344719	92
VPS41	-0.025390333564522753	96
VPS45	0.044718163001678704	96
VPS4A	0.30592153232245317	96
VPS4B	0.8151059594761173	96
VPS50	0.3657630038676886	96
VPS51	0.15827260060552048	96
VPS52	-0.13998663822565585	96
VPS53	0.25627564690113686	96
VPS72	0.22641815309352967	42
VPS8	0.018075823506377	96
VRK1	0.6246506961250582	96
VRK2	0.3919315686047855	92
VRK3	0.2089313286050215	54
VSIG2	0.816343231585494	59
VSIG4	0.6685221241881507	91
VSIR	0.37607316673046426	76
VSNL1	0.7200314708555461	96
VTA1	0.11009522780035988	96
VTI1A	0.2315003829045083	87
VTI1B	0.19585580086590162	96
VWA1	0.17667008071182477	96
VWA2	0.5639097744360902	20
VWA5A	0.7773259855915832	96
VWA8	0.6165047885325888	96
VWF	0.15388528467395168	96
WAC	0.16949527663862354	78
WAPL	0.36177298470512437	96
WARS	0.7104725021308621	96
WARS2	0.4773480288504779	96
WAS	0.4893181914600511	96
WASF2	0.007915164628009038	96
WASHC1	0.005758411248265402	96
WASHC2A	0.04513873600972165	88
WASHC2C	0.2264414490928735	67
WASHC3	0.32219392341994924	96
WASHC4	0.15019194510260148	96
WASHC5	0.19641131207544116	96
WASL	0.5344415958017094	96
WBP11	0.23086470831609435	96
WBP2	-0.04608071121393958	90
WBP4	0.14543627672202766	57
WDFY1	0.44942433234679807	96
WDHD1	0.6813541197589156	57
WDR1	0.17321296557368043	96
WDR11	0.25309115080243294	96
WDR12	0.10134566863143123	96
WDR13	0.010184114410815981	96
WDR18	0.1296795569685221	96
WDR20	0.20795400115560428	41
WDR24	-0.1086661715765215	70
WDR26	0.1962587664012369	96
WDR3	0.11714275055939252	96
WDR33	0.3256620781741259	96
WDR36	0.20797145928761027	96
WDR37	0.15506265798883767	96
WDR4	0.4686926537731111	86
WDR41	0.27409994742497207	76
WDR43	0.25253669388751726	96
WDR44	0.5474955065069809	96
WDR45	0.141554912174026	74
WDR45B	0.5021696132521564	79
WDR46	0.4266228965592084	96
WDR48	0.2626607929060358	96
WDR5	0.473844672115804	96
WDR55	0.013693533675771684	63
WDR59	-0.03965428426584337	64
WDR6	0.15239784710899773	53
WDR61	0.17536303643168824	96
WDR7	0.19920845670434517	96
WDR70	0.2150377855141377	86
WDR74	0.25719086456979356	91
WDR75	0.17000227468522738	95
WDR77	-0.0933924320218127	96
WDR81	0.16121275840413132	96
WDR82	0.04001722776143077	96
WDR89	-0.0012427780055821278	61
WDR91	0.10471516723056452	96
WDR92	0.3496244165446265	90
WDSUB1	0.14793306377717652	34
WFDC2	0.3075455339052425	47
WFS1	0.6407984291898933	96
WIPF1	0.607764073134608	96
WIPF2	0.09645839956324917	94
WIPI1	0.4701646589834966	63
WIPI2	0.2804859024790577	96
WIZ	-0.0070875357629801095	94
WLS	0.5453693406948684	81
WNK1	0.07228049471180571	96
WNK2	0.4752538372759001	96
WNK4	0.3517486662714879	37
WNT11	0.6635085652041486	34
WNT2B	0.23528124993717478	87
WNT5A	0.16226338781380112	39
WRB	0.4475021455635605	81
WRNIP1	0.5899155902106356	96
WTAP	0.0041102301325702225	96
WWC3	0.11650743659611217	95
WWP2	0.029626414172929272	96
XAB2	0.21108533757047604	96
XAF1	0.7913771418531234	38
XDH	0.6560333449747463	60
XIAP	0.45091343172536763	96
XPC	0.24738275384994424	96
XPNPEP1	0.7147115577044391	96
XPNPEP3	0.20261879013334572	96
XPO1	0.1827825349819055	96
XPO4	0.47537269904374796	96
XPO5	0.591295383175415	96
XPO6	0.20849519743863393	52
XPO7	0.7399806021643489	96
XPOT	0.4075842563639312	96
XRCC1	0.18798389805328028	96
XRCC4	0.20556006832992535	91
XRCC5	0.03462881949251535	96
XRCC6	0.12881893929448493	96
XRN1	0.3502987716787509	96
XRN2	0.6168277548307377	96
XYLB	0.46168165159226165	71
YAE1D1	-0.01104254686365817	21
YAP1	0.5175722101780924	96
YARS	0.5869362480253021	96
YARS2	0.056305977871202256	96
YBEY	0.6191464976428149	39
YBX1	0.4899330907716664	96
YBX2	0.7596523589310106	33
YBX3	0.3345801808909048	96
YEATS4	0.17811390034276026	67
YES1	0.6594523103047671	96
YIF1A	0.29790856286945244	96
YIF1B	0.40842245989304815	33
YIPF3	0.08504086548374275	96
YIPF4	0.16310017160246829	96
YIPF5	0.36269605767031793	96
YIPF6	0.2662138148139045	96
YKT6	0.5025298769652329	96
YLPM1	0.17223288591059235	96
YME1L1	0.13443480207213113	96
YOD1	0.057331274907014985	54
YPEL5	0.1655083655083655	36
YRDC	0.001855413512590133	51
YTHDC1	0.2423822104178432	96
YTHDC2	0.5130976411511555	87
YTHDF1	0.23436155930944091	72
YTHDF2	0.39203730394460284	96
YTHDF3	0.5088732513806287	96
YWHAB	0.8022111065163424	96
YWHAE	0.43125777868935605	96
YWHAG	0.5223825932332945	96
YWHAH	0.732447766394726	96
YWHAQ	0.48660967117620557	96
YWHAZ	0.5303788711309069	96
YY1	0.07074231957527462	96
YY2	-0.17592384414511344	79
ZADH2	0.6116416614666703	96
ZAK	0.6553286444036	96
ZAP70	0.5740102963923076	42
ZBED1	0.6895197825430383	43
ZBTB7A	-0.02482938754708267	91
ZBTB7B	0.24127458307708263	75
ZC2HC1A	0.5305174947258253	90
ZC3H11A	0.32400389321824846	96
ZC3H13	0.01952685196534286	96
ZC3H14	0.43657778094549277	96
ZC3H15	0.284656210299506	96
ZC3H18	0.027971174227814703	96
ZC3H4	0.13822993784437776	96
ZC3H7A	0.13161571701818267	96
ZC3H7B	0.13039648469808152	84
ZC3HAV1	0.12741843043302345	96
ZC3HAV1L	0.2982288363293019	96
ZC3HC1	0.20947715616914023	94
ZCCHC17	-0.23208255159474675	40
ZCCHC24	0.41475955448203716	31
ZCCHC3	0.6921949783940333	64
ZCCHC6	0.32606991899820076	88
ZCCHC8	0.4820392993845095	96
ZCRB1	0.14346829640947287	34
ZDHHC13	0.4346212271695461	88
ZDHHC20	0.21024531024531032	55
ZDHHC3	0.5869644787579057	89
ZDHHC5	0.09150516898162744	78
ZFAND1	0.0997066810347863	82
ZFAND6	0.13577522323647553	45
ZFP36L1	0.19644033020887863	68
ZFP36L2	0.010526494277780896	96
ZFP91	0.38638992126830046	90
ZFPL1	0.3336792594724652	96
ZFR	0.01490451951161085	96
ZFX	0.5355731225296443	23
ZFYVE1	0.34753243605159634	70
ZFYVE16	0.18563057014222603	96
ZFYVE19	0.5123720572465597	96
ZFYVE21	0.2437938666603369	78
ZFYVE27	0.20580881319352096	25
ZG16	0.4542089610877674	96
ZGPAT	0.34362311509699645	76
ZHX2	0.23590533436526828	25
ZKSCAN1	0.5715539160992551	86
ZMAT2	0.23409956168310578	90
ZMIZ2	0.11847205899995988	41
ZMPSTE24	0.45315255433908125	96
ZMYM2	0.31050307245737413	90
ZMYM3	0.16853515159512997	65
ZMYND11	0.283439000673682	56
ZMYND8	0.5228255471214208	87
ZNF143	0.305800183771362	39
ZNF148	0.11231522822835842	94
ZNF185	0.6922152439112709	90
ZNF207	0.15909846239776684	96
ZNF22	0.1683622946594501	96
ZNF24	0.4533946786805562	79
ZNF316	0.28814445674910794	58
ZNF326	0.4783095267273164	96
ZNF330	0.32088902435615746	82
ZNF384	0.032523548473926696	76
ZNF391	0.15341057641625822	41
ZNF451	-0.08540360969753691	43
ZNF48	0.5450196252866766	24
ZNF512	0.6792054830795557	96
ZNF574	-0.04970743523097027	54
ZNF579	0.25047319193300205	30
ZNF587	0.09655561829474874	22
ZNF593	0.1187825712119222	46
ZNF598	0.20113635912612565	91
ZNF622	0.296778875999011	96
ZNF627	-0.09062286869612295	28
ZNF638	0.18826007040728202	96
ZNF687	0.4200087074478828	84
ZNF703	0.42706900627914557	60
ZNF706	0.41586905268431335	92
ZNF740	0.3547503687004633	57
ZNF768	-0.0025307486246101112	39
ZNF773	0.3915947430487167	48
ZNF787	0.1965606131613283	92
ZNF800	0.33250647465131794	65
ZNF808	0.18234694655046121	26
ZNF830	0.269931917014188	60
ZNFX1	0.19104590686528533	89
ZNHIT2	0.27374903556418095	72
ZNRF2	0.44875653895663603	59
ZPR1	0.22552607038047204	96
ZRANB2	0.27028310204967515	96
ZW10	0.2614649497941289	96
ZWILCH	0.3154525565189207	42
ZYX	0.15473622810944265	96
ZZEF1	0.10295618792351689	96
