gene	log2fc_fudan	n_pairs_fudan	pval_fudan
A1BG	-0.047032810494090964	28	0.3740789592266083
A2M	-1.3496267082105562	28	0.004406772553920746
AAAS	1.0057587853050227	19	0.000644683837890625
AACS	-0.08544497241307086	26	0.8612560033798218
AARS	1.5416436081543592	28	1.5139579772949219e-05
AARS2	0.03842341602183973	28	0.46517620980739594
AASDHPPT	1.3620966465098912	17	0.0128631591796875
AATF	2.2457517191301464	13	0.00341796875
ABAT	1.1166652088923807	17	0.017425537109375
ABCB1	1.0561778768789067	20	0.009435653686523438
ABCB10	-1.4809118438050914	8	0.0546875
ABCB7	-0.4483812688619182	9	0.91015625
ABCC1	0.7778724192548981	7	0.21875
ABCC3	-1.4967371940409604	26	7.539987564086914e-06
ABCC4	0.20322710820101864	24	0.45587432384490967
ABCD3	0.14143413381896774	28	0.2015676274895668
ABCE1	0.7475663444063649	27	0.0003008991479873657
ABCF1	0.11412651968502217	28	0.4117337390780449
ABCF2	-0.21177217028462614	23	0.5803380012512207
ABCF3	0.035407246681116375	28	0.6295278295874596
ABHD10	0.3081369836460487	28	0.1935620754957199
ABHD11	0.20202059412479104	28	0.35016296058893204
ABHD12	0.5632237864527802	22	0.13748931884765625
ABHD13	0.563664587446784	14	0.0579833984375
ABHD14B	-0.5116355875062426	28	0.0006467849016189575
ABHD16A	0.4324079033095216	28	0.0379299521446228
ABI1	-0.03905892961452228	27	0.23857179284095764
ABI3	0.8097085533516346	5	
ABI3BP	-0.5097827588418882	10	0.4921875
ABLIM1	-0.6530785755998014	26	0.5482756793498993
ABRACL	0.1427247709196452	24	0.6839864253997803
ACAA1	-0.3457743847803746	28	0.2945980280637741
ACAA2	-0.5285833506875219	28	0.00011970102787017822
ACACA	3.1652025911999093	19	0.03234100341796875
ACAD10	-1.4020160062100542	5	
ACAD8	0.2012509289370577	18	0.932281494140625
ACAD9	-0.04781258754151938	28	0.5221440717577934
ACADM	-1.101091451407679	28	6.318092346191406e-05
ACADS	-1.1650342387457584	26	5.036592483520508e-06
ACADSB	-0.594670185409109	24	0.14335036277770996
ACADVL	-0.7255047993651418	28	0.0001353248953819275
ACAP2	0.4578956643208827	7	0.9375
ACAT1	-0.8164235870946114	28	0.000244140625
ACAT2	-0.03786947688877735	28	0.8665077835321426
ACBD3	-0.16283118263908608	27	0.1854744255542755
ACBD5	-1.7380934652199422	6	0.03125
ACIN1	0.47445240752059165	28	0.01025690883398056
ACLY	0.6653814148844205	28	0.0017047896981239319
ACO1	-0.17580480779663177	28	0.07353667169809341
ACO2	-0.5551675482353118	28	0.0004249662160873413
ACOT11	-0.7733102875935173	19	0.002838134765625
ACOT13	0.2140313616667606	26	0.25782257318496704
ACOT7	0.7086618175190482	26	0.0005246102809906006
ACOT8	1.4825469341079929	25	0.006129205226898193
ACOT9	1.160251933135421	28	4.2110681533813477e-05
ACOX1	-0.8659204610603914	28	0.0007162094116210938
ACOX3	0.959609086027212	12	0.1513671875
ACP1	0.5073322962274592	28	0.01563260704278946
ACP2	0.05625831976414921	27	0.3864929676055908
ACP5	0.06754505915297097	25	0.936802864074707
ACPP	0.12761970011280024	26	0.9800839126110077
ACSF2	-0.9424408060998569	20	0.001689910888671875
ACSF3	-0.5776891526643885	28	0.08145394921302795
ACSL1	1.1066361616460396	27	0.001529410481452942
ACSL3	0.2745930981687487	28	0.17090606689453125
ACSL4	0.452570509933468	25	0.07547956705093384
ACSL5	0.12264133391150225	28	0.8665077835321426
ACSM3	-1.3294542815890429	15	0.012451171875
ACSS1	0.6097736636696834	25	0.04512268304824829
ACSS2	-0.22376957110981444	28	0.1637990102171898
ACSS3	0.745239160524664	6	0.5625
ACTB	0.31390980029178084	28	0.0006467849016189575
ACTBL2	0.4291286980892528	6	0.03125
ACTG1	0.31384161649088205	28	0.0007921457290649414
ACTL6A	1.4210918401343098	27	3.0234456062316895e-05
ACTN1	0.7048559674720345	28	7.204711437225342e-05
ACTN4	0.4954232001995781	28	0.0003418475389480591
ACTR10	-0.2133385036799223	27	0.594396710395813
ACTR1A	-0.2255478657023247	28	0.07353667169809341
ACTR1B	-0.5968837900701995	19	0.005329132080078125
ACTR2	0.1450213953057798	28	0.27407141774892807
ACTR3	0.413605765695101	28	8.20159912109375e-05
ACTR3B	0.4389601410016739	15	0.063720703125
ACTR5	0.734905937069052	20	0.082550048828125
ACY1	1.1522075646233056	22	0.011472702026367188
ACYP1	0.0779230488921368	11	0.3203125
ADA	-1.5288966049881447	19	0.001171112060546875
ADAM10	-0.5643725853907243	23	0.010109186172485352
ADAMTS4	1.1897044782575814	6	0.15625
ADAP1	0.3986361830448677	10	0.10546875
ADAR	0.6856313651276913	28	0.009536407887935638
ADCK3	0.8794153663804443	26	0.03816831111907959
ADCK4	-0.02163591394745451	27	0.5148514956235886
ADCK5	-0.4665490739552365	22	0.3705310821533203
ADCY6	-1.0712314739093485	18	0.00128936767578125
ADD1	-0.5871318498206662	28	0.0004729032516479492
ADD3	-0.6560159233383414	27	5.5283308029174805e-06
ADH1B	-1.7185960035908594	6	0.03125
ADH1C	-1.77503137835893	23	4.029273986816406e-05
ADH5	-0.3285683338792105	28	0.0010645166039466858
ADH6	-1.851601557973236	5	
ADK	1.5630849194293246	27	0.00042723119258880615
ADPGK	0.13381441924106846	28	0.33856552094221115
ADPRHL2	0.5480773424272181	23	0.07486915588378906
ADRBK1	0.9618648711132288	25	0.02027493715286255
ADSL	0.3317065299939299	28	0.020409412682056427
ADSS	-0.11140059698304076	28	0.7113664001226425
AEBP1	3.3509620411805447	15	6.103515625e-05
AFAP1L2	1.670498685407837	7	0.078125
AFG3L2	-0.4588636654071516	28	0.01563260704278946
AFM	0.8016342997896609	23	0.02542257308959961
AFTPH	0.0	19	0.6790730414946473
AGA	0.5251936406491458	24	0.0012379884719848633
AGFG1	-0.2417261681034339	25	0.19081425666809082
AGK	0.40535370134579524	25	0.21998637914657593
AGL	-0.4015631015016207	28	0.0018673688173294067
AGMAT	0.7523759395043611	12	0.20361328125
AGO2	2.2486770233949076	20	0.0003223419189453125
AGO3	0.27092830157670467	8	0.3828125
AGPAT1	-0.9972873165792391	11	0.3203125
AGPAT2	0.17999947411030298	6	0.5625
AGPAT5	0.26017322599624604	28	0.07741569727659225
AGPS	0.2427102879404035	28	0.2450956031680107
AGR2	-0.7561041814171356	28	0.004060737788677216
AGR3	-0.7296212509671023	28	0.0051764026284217834
AGRN	0.5239184499077183	28	0.06623983383178711
AGT	-0.3526652287118546	28	0.3052256628870964
AHCTF1	0.6134140130543506	7	0.21875
AHCY	0.9530100098549315	28	0.0001721307635307312
AHCYL1	-0.20101339360079054	16	0.820892333984375
AHCYL2	-1.278101183214205	16	0.005157470703125
AHNAK	-0.471233483261452	28	7.964670658111572e-06
AHNAK2	0.9036583502943958	22	0.08540916442871094
AHSA1	0.8761539257104912	28	0.00010570138692855835
AHSG	-0.3024595262047797	14	0.3575439453125
AIDA	0.6235521519871399	18	0.0599365234375
AIF1	-0.8750910941074805	26	7.024407386779785e-05
AIFM1	0.36826326248889146	28	0.1637990102171898
AIFM2	-1.0063344040862772	7	0.109375
AIM1	0.006560569999838943	14	0.9515380859375
AIMP1	0.3498462414117831	28	0.021778732538223267
AIMP2	0.6612317042233343	26	0.07092106342315674
AIP	0.8205137429693788	25	0.01597297191619873
AK1	-0.1733379628888528	28	0.43800119310617447
AK2	0.3166456411066443	28	0.13146880269050598
AK3	-0.03174005107788946	28	0.3989470452070236
AKAP1	2.1861930502405396	9	0.0546875
AKAP10	-0.09753433071785643	5	
AKAP12	0.3940524741495082	23	0.8932116031646729
AKAP13	0.012635024985170468	10	0.6953125
AKAP9	-0.23005658339034468	20	0.4304332733154297
AKR1A1	0.1085560612285309	28	0.5075842142105103
AKR1B1	-0.04401276761303821	28	0.7792982533574104
AKR1B10	-0.715891751434971	22	0.0025048255920410156
AKR1C3	-0.6550911575207577	16	0.065399169921875
AKR1E2	-0.3038779114451817	26	0.0630297064781189
AKR7A2	-0.3166544717423717	28	0.001416526734828949
AKR7A3	-0.3815961706052581	27	0.01506437361240387
AKT1	0.5619285401133143	12	0.20361328125
AKT1S1	0.04364346406211142	6	0.84375
AKTIP	-0.24322940378731805	14	0.2957763671875
ALAD	-0.28729956960669734	28	0.06281394511461258
ALB	-0.2273406115932518	28	0.2842133492231369
ALCAM	1.6556434101204998	11	0.0673828125
ALDH16A1	-0.0022524626235678226	28	0.7965622618794441
ALDH18A1	0.39784711621686814	28	0.004060737788677216
ALDH1A1	-0.5911960569518517	28	0.01563260704278946
ALDH1A3	1.2109960496219043	6	0.15625
ALDH1B1	0.6149658359116666	28	0.003738619387149811
ALDH1L1	0.09520893728928895	15	0.15142822265625
ALDH1L2	1.5180101326856594	5	
ALDH2	-0.02735499287449833	28	0.8489041775465012
ALDH3A1	-0.9547757211691804	9	0.5703125
ALDH3A2	-1.0993561042814086	28	0.0004249662160873413
ALDH4A1	0.5980665944700666	25	0.07547956705093384
ALDH5A1	-0.9987971473609588	25	0.04512268304824829
ALDH6A1	-0.5189027928487833	28	0.0001721307635307312
ALDH7A1	0.08504192059337742	28	0.8841757625341415
ALDH9A1	0.35819763731919485	28	0.008859716355800629
ALDOA	0.4131403582836266	28	0.06623983383178711
ALDOC	0.9937795315060951	28	1.8849968910217285e-06
ALG1	0.6359774316468659	23	0.2467491626739502
ALG11	0.5223475509177109	14	0.10400390625
ALG2	0.010238633376008591	22	0.4825911521911621
ALG3	0.5544861272725955	27	0.002468690276145935
ALG5	-0.32974692454754206	28	0.0992795079946518
ALOX15	-0.12749546923060748	12	0.7333984375
ALOX5	0.46347540431821216	9	0.25
ALYREF	0.7944634745485326	27	0.003877997398376465
AMACR	1.9080558567688621	10	0.009765625
AMBP	-0.9448527123515073	28	2.0518898963928223e-05
AMDHD2	0.14125924156466965	20	0.9272785186767578
AMPD2	0.8229758126403797	28	0.0001721307635307312
AMT	-1.5117469738002622	8	0.0078125
ANAPC2	-0.16339906385001537	6	0.84375
ANAPC4	1.403878694070501	25	0.00028705596923828125
ANG	-1.0206557181875713	7	0.15625
ANK1	-1.58472897934789	5	
ANK2	-0.6635824220250591	25	0.00021690130233764648
ANK3	-0.9848317007683323	28	0.00021760910749435425
ANKFY1	-0.6345047820742723	27	0.3361395001411438
ANKMY2	0.07599538352763387	21	0.7592878341674805
ANKRD22	0.7564582100386952	11	0.0673828125
ANKRD28	0.690306901752268	23	0.032669782638549805
ANKRD44	-0.009938950471423645	28	0.8841757625341415
ANKS1A	1.315580367527273	17	0.00384521484375
ANKS4B	-1.5237442498808653	6	0.03125
ANO10	-0.640316566723229	17	0.023223876953125
ANO6	0.6193738489891797	9	0.359375
ANP32A	0.1264376095261082	21	0.1906871795654297
ANP32B	0.49684615984910147	28	0.008224666118621826
ANP32E	-0.26528816141303574	28	0.13751810044050217
ANPEP	-0.9768475689060346	28	0.2842133492231369
ANTXR2	-0.027992632952926075	5	
ANXA1	-0.008987766727169662	28	0.9910601079463959
ANXA11	-0.10481363919481462	28	0.7450922578573227
ANXA13	-1.0635277443748332	28	0.003160528838634491
ANXA2	0.20282122422880916	28	0.1199713721871376
ANXA3	0.4156961840163408	28	0.009536407887935638
ANXA4	0.6109812336652152	28	0.0008751451969146729
ANXA5	0.37073702685110566	28	0.01563260704278946
ANXA6	0.07951275961413581	28	0.5369088649749756
ANXA7	-0.03884313241811939	28	0.49323366582393646
AOC1	-0.46361723845874486	21	0.035056114196777344
AOC3	-1.546898885532106	26	4.410743713378906e-05
AP1B1	-0.12650100248534762	28	0.033681392669677734
AP1G1	-0.0254006312852932	28	0.6781789660453796
AP1G2	1.3408758668144833	5	
AP1M1	0.24946899506890086	28	0.17849611324735748
AP1M2	-0.8594243674030322	28	0.0451183095574379
AP1S1	-0.29374789687858094	28	0.042608387768268585
AP1S2	0.13788298671342547	19	0.5948867797851562
AP2A1	-0.3336338841239377	28	0.20980393886566162
AP2A2	-0.39084407086857476	28	0.002901986241340637
AP2B1	-0.022555961578957735	28	0.9018996506929398
AP2M1	0.43375102044662767	27	0.29008127748966217
AP2S1	-0.22039637339580978	27	0.006450757384300232
AP3B1	0.15125951808364396	28	0.6618045940995216
AP3D1	0.1708459311548226	28	0.07741569727659225
AP3M1	0.0369678683706023	28	0.8665077835321426
AP3M2	0.302055721950292	17	0.0395355224609375
AP3S1	-0.9087343486006771	6	0.21875
AP4B1	0.34509112750667953	5	
AP5B1	-0.9814441809717561	5	
AP5S1	0.07401134140171162	12	1.0
AP5Z1	0.26669765691514113	12	0.7333984375
APAF1	-0.35828049013696334	19	0.9217147827148438
APBB1IP	-0.38342339473467885	25	0.03180783987045288
APCS	-0.701409353431441	28	0.00019368529319763184
APEH	0.04469560027040976	28	0.5979221016168594
APEX1	0.4486251075709111	28	0.0007921457290649414
API5	1.309459789304837	28	3.17990779876709e-05
APMAP	1.4716893946551097	28	0.00010570138692855835
APOA1	0.34304196173238266	28	0.14377250522375107
APOA1BP	0.6428357680304707	25	0.00021690130233764648
APOA2	0.09716148343674351	7	1.0
APOA4	-0.776793186860448	25	0.04826241731643677
APOB	0.8112553443454319	28	0.006548762321472168
APOBR	-0.7902231171766883	26	0.0011651217937469482
APOE	0.9497959235357447	22	0.0028514862060546875
APOH	0.7430251179424201	27	0.0046126991510391235
APOO	0.95587066419796	25	0.0037809014320373535
APOOL	-0.5903439256542035	15	0.22930908203125
APPL1	-0.10746522566316685	28	0.5075842142105103
APPL2	-0.6349516887428176	21	0.05019187927246094
APRT	0.8844854529333097	28	1.5139579772949219e-05
AQR	1.72232294761468	27	0.0046126991510391235
ARAF	0.2141539657292218	7	0.46875
ARAP1	0.6939917119164143	26	0.0016040503978729248
ARCN1	0.13132902545816644	28	0.156909741461277
ARF4	0.24927787172134236	28	0.07741569727659225
ARF5	0.057268126194066946	11	0.5771484375
ARF6	-0.4753981428183369	28	2.0518898963928223e-05
ARFGAP1	0.09993195701986883	13	0.497314453125
ARFGAP2	0.09759350754197124	20	0.6742229461669922
ARFGAP3	-0.12256955200440672	12	0.791015625
ARFGEF1	0.27096873392643317	27	0.4270208328962326
ARFGEF2	0.18656614602170465	27	0.39974282681941986
ARFIP1	-0.07436519632412762	28	0.3160962611436844
ARHGAP1	0.43419052219016896	28	0.020409412682056427
ARHGAP12	-1.3273681900437673	21	2.86102294921875e-06
ARHGAP17	0.5241846910023982	27	0.3361395001411438
ARHGAP18	0.0924312868509641	5	
ARHGAP25	-1.4970525883863268	18	0.0599365234375
ARHGAP35	-0.002592444616524465	25	0.9158032536506653
ARHGAP4	1.2245557071532196	25	0.017312347888946533
ARHGAP44	-0.9656436249579928	8	0.0078125
ARHGAP5	0.5209430427008046	12	0.30126953125
ARHGDIA	0.22838172297587805	28	0.040213532745838165
ARHGDIB	0.20618185640107028	28	0.2015676274895668
ARHGEF1	0.5757168287028034	28	0.033681392669677734
ARHGEF10L	-1.320655357577224	18	0.0023345947265625
ARHGEF11	-0.4631984549800009	12	0.33935546875
ARHGEF12	-0.39946469532061	28	0.042608387768268585
ARHGEF16	0.09651952322980407	22	0.8485937118530273
ARHGEF17	0.6190143492556085	13	0.17626953125
ARHGEF2	0.47475990574544924	28	0.04774715006351471
ARHGEF40	0.4480673197578381	20	0.26109886169433594
ARHGEF6	0.30752837747087164	14	0.7608642578125
ARHGEF7	1.1944801478830938	28	0.0005833879113197327
ARID1A	-0.05052529885471933	12	0.67724609375
ARID2	-0.09067035894006407	9	0.91015625
ARL1	-0.270433086118214	28	0.13751810044050217
ARL2	0.318497205820318	20	0.2305126190185547
ARL3	1.51785689848619	26	3.2782554626464844e-06
ARL6IP4	1.1493008041783224	6	0.4375
ARL6IP5	-0.00846916388804594	28	0.46517620980739594
ARL8B	-0.10474274445950443	21	0.6332969665527344
ARMC1	1.0382542247126585	14	0.0418701171875
ARMC10	0.5278742287063946	22	0.07942724227905273
ARMC8	0.06660500624207988	8	0.84375
ARNT	0.7686744538935444	5	
ARPC1A	0.7746407451727901	22	0.0021948814392089844
ARPC1B	0.7159151344216861	26	0.0002174675464630127
ARPC2	0.2148471163087683	28	0.08145394921302795
ARPC3	-0.7734458401046461	26	0.1899040937423706
ARPC4	0.12472194984959946	28	0.5221440717577934
ARPC5	0.06783801287400097	26	0.4082431197166443
ARPC5L	-0.07674043213512045	28	0.813923291862011
ARPP19	-0.01662785572331138	7	0.6875
ARRB1	-0.7729943122379326	28	0.009536407887935638
ARRB2	0.34244745553159855	6	0.6875
ARRDC1	1.230470102340336	9	0.07421875
ARSA	-1.1729329610001364	27	9.5367431640625e-06
ARSB	-0.5496839130574165	16	0.0155029296875
ARSD	1.0746283802802301	8	0.3828125
ARSE	0.20837863822029043	19	0.9217147827148438
ASAH1	-0.016093564352590576	28	0.9553221687674522
ASB9	0.7872215617581455	24	0.0031430721282958984
ASCC1	0.29758189749705766	6	0.5625
ASCC2	0.03546307309455317	12	0.4697265625
ASCC3	2.226118739091436	27	0.0042315274477005005
ASH2L	-0.15635678667972985	14	0.855224609375
ASL	-0.44117418961985233	28	0.22697687149047852
ASMTL	0.31105776034219695	7	0.15625
ASNA1	0.10563498591751784	28	0.5221440717577934
ASNS	1.5935825531526187	28	2.0518898963928223e-05
ASPH	0.9864786147301241	28	1.2949109077453613e-05
ASPN	-0.6014770005547451	28	0.04774715006351471
ASPSCR1	2.625339411880544	18	0.00014495849609375
ASS1	0.2638509993191184	28	0.3740789592266083
ATAD1	-0.45954221982284466	14	0.2957763671875
ATAD3A	0.7421213260384169	28	0.012704446911811829
ATE1	0.19247640283716733	5	
ATG16L1	0.2747194217381349	18	0.28372955322265625
ATG3	1.1896607433985733	27	0.000667765736579895
ATG4B	0.9001151324401464	17	0.51708984375
ATG5	0.7229076679499581	10	0.625
ATG9A	-0.4564545365445464	18	0.39273834228515625
ATIC	0.9256610398322997	28	7.964670658111572e-06
ATL3	-0.25155249496915455	28	0.014598868787288666
ATM	0.1828103666763536	26	0.9601797163486481
ATOX1	-0.24635777355830749	14	1.0
ATP11A	-0.15395094904481177	6	0.4375
ATP13A1	-0.13475483182608186	27	0.8779177963733673
ATP1A1	-0.3536291443467199	28	0.008859716355800629
ATP1B1	-0.41740244640859125	28	0.03575380891561508
ATP1B3	-1.2579402343747117	18	0.0076904296875
ATP2A2	0.13890113201915982	28	0.3620011880993843
ATP2A3	-0.5409345280897978	27	0.001686975359916687
ATP2B1	0.18729597850671229	11	0.9658203125
ATP2B2	-0.2581314443063932	5	
ATP2B4	0.03564045866774757	28	0.7113664001226425
ATP2C1	0.9676633072804347	15	0.27685546875
ATP5A1	-0.5385561630557576	28	2.4586915969848633e-07
ATP5B	-0.6248641469352387	28	1.259148120880127e-06
ATP5C1	-0.9934317705333828	28	6.318092346191406e-05
ATP5D	-0.9213805925096453	25	0.0003764033317565918
ATP5F1	-0.23017168629986123	28	0.2015676274895668
ATP5H	0.08540392728427564	28	0.6295278295874596
ATP5I	-1.2079858117909115	27	2.041459083557129e-06
ATP5J	-1.0481417385035756	26	0.021971672773361206
ATP5L	-0.7121010748655683	28	4.2110681533813477e-05
ATP5O	-0.6412761882412097	28	0.0003059804439544678
ATP6	-0.4233067151380655	27	0.008215054869651794
ATP6V0A1	-0.08748936555143633	28	0.7621389999985695
ATP6V0D1	-0.30513805029949814	27	0.6789510101079941
ATP6V1A	0.6423261178139569	28	0.008224666118621826
ATP6V1B2	-0.10531001568068957	28	0.13751810044050217
ATP6V1C1	1.0622115199429625	17	0.1323699951171875
ATP6V1D	-0.6374919693461469	27	0.1698138564825058
ATP6V1E1	0.19378578914782466	19	0.5677604675292969
ATP6V1F	0.33979209615375505	26	0.014006495475769043
ATP6V1G1	0.8287958599793546	27	0.010378450155258179
ATP6V1H	0.34753310744601307	28	0.27407141774892807
ATP7A	-0.8138524795227682	12	0.00244140625
ATP8A1	0.3196201970483611	10	0.322265625
ATP8B1	-0.6186485148282714	24	0.15150094032287598
ATP9A	0.7647640465097783	25	0.00963503122329712
ATPAF1	0.15992345550191722	12	0.4697265625
ATPAF2	-0.2376354834503817	18	0.7018814086914062
ATXN10	0.524341976496087	25	0.034173786640167236
ATXN2L	0.39671574402163096	19	0.37359619140625
ATXN3	-0.3147919950988068	8	0.25
AUH	0.32814198673691203	26	0.2913762927055359
AUP1	1.9038499365556358	7	0.21875
AVL9	0.8924724130420884	23	0.01955723762512207
AZGP1	1.1855216516139642	19	0.14468765258789062
AZU1	1.4483240842634344	6	0.3125
B2M	-0.6050687109449036	28	0.43800119310617447
B3GALT5	-1.0227527867961224	11	0.0830078125
B3GALTL	0.11181618075053251	5	
B3GAT3	0.49954404732824864	6	0.84375
B3GNT3	1.223878236378503	17	0.030517578125
B3GNT6	-0.8198094202823837	15	0.03533935546875
B4GALT1	1.0990152454920554	25	0.0011548399925231934
BAG2	1.2364608335484557	28	0.0005833879113197327
BAG3	0.34159775206013454	21	0.026330947875976562
BAG5	0.17233540877840792	25	0.21998637914657593
BAG6	0.9322890666648415	28	0.012704446911811829
BAIAP2L1	2.2335811533820076	16	0.005157470703125
BANF1	-0.2883033974003587	26	0.0032291412353515625
BAX	0.9728871629972438	28	8.20159912109375e-05
BAZ1B	1.4156988915981747	9	0.07421875
BBX	0.39476654918127907	6	0.0625
BCAM	-1.1090367426298067	22	0.030117511749267578
BCAP31	-0.011232750047071121	28	0.5979221016168594
BCAR1	0.13120051445139017	25	0.2751842737197876
BCAS1	-1.3266164020888955	13	0.127197265625
BCAS2	0.9820016112345133	12	0.00048828125
BCAT2	0.6023868689990963	28	0.0451183095574379
BCCIP	0.5225064111839512	16	0.02899169921875
BCKDHA	0.03950237457965941	22	0.6788630485534668
BCKDHB	-0.6838254971933445	24	0.7898378372192383
BCKDK	0.5373279430318977	18	0.02684783935546875
BCL10	-0.6179076089596435	11	0.0673828125
BCL2L1	1.7002297456203341	22	0.00042819976806640625
BCL2L13	-0.3409625074706726	26	0.2913762927055359
BCL2L15	-0.08830578316207306	17	0.677703857421875
BCLAF1	0.8837853679127989	27	0.02142883837223053
BCMO1	0.5562307821778402	27	0.001529410481452942
BCS1L	1.0268335032711755	27	0.012076601386070251
BDH1	-0.5364621594160542	26	0.5482756793498993
BET1L	0.7811528334179905	20	0.0004825592041015625
BGN	0.06025943758443277	28	0.9374814853072166
BID	-0.2315876484859403	28	0.6455853804945946
BIN1	0.547461166504071	9	0.65234375
BIN3	-0.3575780500409543	11	0.4130859375
BIRC6	-0.3213633046528752	20	0.47490501403808594
BLMH	0.49233612676296323	28	0.0012892335653305054
BLOC1S4	0.5322108339458155	9	0.01953125
BLVRA	0.0941725320984253	28	0.7113664001226425
BLVRB	-0.2721327417266921	28	0.033681392669677734
BNIP1	0.2977487357027831	11	0.8310546875
BOP1	2.2508977562667187	26	0.0002174675464630127
BPHL	1.0082257146296951	27	0.003247186541557312
BPNT1	1.0810904622604496	22	0.1054534912109375
BRAT1	2.336486190577532	5	
BRD2	0.49844785394788843	16	0.05767822265625
BRIX1	2.562288656452813	21	6.67572021484375e-06
BRK1	0.2909244105643986	27	0.7857417166233063
BROX	0.3880654180699732	6	0.6875
BSDC1	-0.12767028508374856	6	0.84375
BSG	0.05418376391034364	28	0.3272097110748291
BTD	-0.5891235645025277	18	0.05385589599609375
BTF3	-0.06891691260034465	28	0.5670346617698669
BTF3L4	0.07738212189311361	18	0.49507904052734375
BTN2A1	-0.3559994964495463	24	0.03948163986206055
BUB3	-0.4253605984375395	23	0.17933368682861328
BUD31	0.7626548009370737	28	0.014598868787288666
BZW1	1.8025786604326621	23	7.319450378417969e-05
BZW2	1.2177897041487666	28	0.0003814026713371277
C11ORF31	0.15595018964128537	28	0.23591722548007965
C11ORF54	-0.1456289410186095	20	0.3117942810058594
C11ORF68	0.6668274054034136	25	0.001625359058380127
C11ORF83	-0.40237634435063213	19	0.168792724609375
C12ORF10	0.26315159506785685	20	0.6476554870605469
C12ORF5	0.13049986597851607	16	0.528167724609375
C14ORF1	-0.24915016431053572	18	0.14151763916015625
C14ORF159	-0.6564058672427177	19	0.104156494140625
C14ORF166	0.013407806791637184	28	0.7621389999985695
C15ORF48	-0.6676088525344841	21	0.1789875030517578
C16ORF58	-0.8744324901410312	8	0.640625
C16ORF62	-1.573071812831229	21	0.01947307586669922
C16ORF80	0.16495972524647987	21	0.9728584289550781
C17ORF49	0.23043273659413424	13	0.127197265625
C18ORF25	0.2535923584996855	10	0.232421875
C19ORF10	1.348985809764407	5	
C19ORF25	0.0307488422303497	5	
C19ORF33	-0.7132948081369201	13	0.03271484375
C19ORF43	1.1331071968930169	6	0.15625
C1ORF123	-0.20627314887605985	20	0.7285060882568359
C1ORF198	0.7209965196887251	14	0.020263671875
C1ORF52	0.8785906216678738	9	0.12890625
C1QB	-1.3969259865449462	27	0.0011315494775772095
C1QBP	1.094823162220945	28	0.0009657368063926697
C1QC	-0.1451770338640987	20	0.6476554870605469
C1R	0.5021283511526997	26	0.3276410400867462
C1S	0.37901865923351097	28	0.13751810044050217
C2	1.0023609275371086	19	0.1336212158203125
C21ORF33	-0.8934847906759866	28	0.0008751451969146729
C2CD5	-0.6015777564049279	8	0.4609375
C2ORF43	0.28123493304565444	22	0.01272726058959961
C2ORF47	0.3260622130386922	20	0.05316925048828125
C3	0.18605857845893936	28	0.9910601079463959
C3ORF58	0.6562024633947618	17	0.02667236328125
C4A	0.5097082841660362	21	0.01578044891357422
C4BPA	-0.569845354146366	28	0.17090606689453125
C4ORF27	-0.5940437185236472	19	0.07987594604492188
C4ORF33	0.37194771676039345	7	0.9375
C5	1.529788247555634	17	0.023223876953125
C6	2.132958965699081	28	5.529820919036865e-05
C6ORF211	0.3762901125936372	28	0.3272097110748291
C7	-0.025619018867481122	18	0.83172607421875
C7ORF50	1.963033204919701	22	0.0010914802551269531
C8B	0.7591499547216609	28	0.003438994288444519
C8G	0.41016623268100705	26	0.0630297064781189
C8ORF82	0.8139437046994551	9	0.5703125
C9	1.270118433786154	28	2.7544796466827393e-05
C9ORF64	0.9575066488844054	21	0.0005102157592773438
C9ORF89	0.10448114460127703	7	0.6875
CA1	-2.2514396967445003	28	1.5422701835632324e-06
CA12	-1.1888178981844941	18	0.0028076171875
CA2	-2.137914371575744	28	2.4586915969848633e-07
CA4	-1.3084308708721348	6	0.0625
CAB39	-0.5274449108965265	28	0.008859716355800629
CAB39L	0.2388290273099973	28	0.026356667280197144
CACNA2D1	-0.3091685888717839	12	0.5693359375
CACYBP	1.3467358932438183	26	0.00016617774963378906
CAD	0.9746472490205909	28	0.00010570138692855835
CALB2	0.3125537164375117	8	0.9453125
CALCOCO2	-0.027287090868884777	17	0.4037628173828125
CALD1	0.6570433721416664	28	0.00019368529319763184
CALR	0.5490168829323792	28	0.007629185914993286
CALU	1.5598428729899436	28	1.5422701835632324e-06
CAMK2D	-0.4111433216984372	28	0.008224666118621826
CAMK2G	-0.21428982855820566	28	0.479096382856369
CAMP	2.1403381158850987	21	0.0005102157592773438
CAMSAP3	0.061444874582900745	9	0.30078125
CAND1	0.21889979690814831	28	0.006060026586055756
CANT1	-0.3142556939379737	5	
CANX	0.4923888923802636	28	0.0022339224815368652
CAP1	-0.010458010609290662	28	0.3740789592266083
CAPG	0.592420382775948	28	2.7641654014587402e-06
CAPN1	0.08710947890865928	28	0.4247525781393051
CAPN2	-0.1547183010035515	28	0.3620011880993843
CAPN5	-0.6268940499036809	28	0.003160528838634491
CAPNS1	-0.5886498481533262	28	6.318092346191406e-05
CAPRIN1	0.8066811939975724	28	0.003438994288444519
CAPS	0.6184357811267609	10	0.001953125
CAPZA1	0.07362535190257109	28	0.5823858305811882
CAPZA2	-0.05639298795977468	28	0.2945980280637741
CAPZB	0.17552436036039443	28	0.4514767527580261
CARHSP1	0.5937206055636501	28	0.003438994288444519
CARKD	-0.49398884067366566	5	
CARM1	0.8492970155966736	27	0.003550395369529724
CARS	0.6334184154237184	28	0.0003418475389480591
CARS2	1.3194497437638617	13	0.008056640625
CASK	0.3309872922411625	27	0.03399476408958435
CASP1	-0.9128957794084684	27	0.0009199380874633789
CASP10	0.07057424138061379	23	0.5009052753448486
CASP3	0.3600920457321527	28	0.004060737788677216
CASP6	-0.012523425141832259	28	0.973184622824192
CASP7	-1.2425846635211395	9	0.01953125
CASP8	0.1345014521092311	15	0.846923828125
CAST	0.07301506600214609	28	0.9910601079463959
CAT	-0.15550331860775657	28	0.07741569727659225
CAV1	-0.1943996543673136	28	0.03170907497406006
CBFB	1.7391406640285074	5	
CBR1	-0.02877576985349132	28	0.46517620980739594
CBR3	-0.19995548221802303	17	0.1323699951171875
CBR4	-0.31147199180521384	20	0.8408222198486328
CBX1	0.5439419629315222	11	0.1015625
CBX3	0.9467130200758053	28	9.319186210632324e-05
CBX5	0.3126002459378324	24	0.15150094032287598
CC2D1A	0.41553093004875297	28	0.2945980280637741
CC2D1B	-0.5446624299680959	24	0.029131293296813965
CCAR1	0.5984205138753362	26	0.1899040937423706
CCBL2	-1.1389127981533993	12	0.67724609375
CCDC101	-0.06806099328145795	18	0.522613525390625
CCDC115	0.2253421157618435	9	0.30078125
CCDC124	1.8270191988517581	27	1.8790364265441895e-05
CCDC132	0.08587165991394974	13	0.83935546875
CCDC134	0.7712394737547335	5	
CCDC22	-0.6441600085168417	26	0.00266072154045105
CCDC47	0.43449432839408497	27	0.6963860541582108
CCDC51	0.8160239244274423	15	0.30279541015625
CCDC58	0.32504530308145413	24	0.10738253593444824
CCDC6	0.5127068628143526	28	0.01362369954586029
CCDC90B	0.14165541680249633	13	0.19091796875
CCM2	0.5520151936769415	14	0.0067138671875
CCNK	0.4106859002444479	22	0.07942724227905273
CCS	-0.347158992874511	10	0.431640625
CCT2	0.3064910312929505	28	0.0020434409379959106
CCT3	0.3711002879812702	28	0.09456419944763184
CCT4	0.5760796376158831	28	0.003738619387149811
CCT5	-0.05610818038282839	28	0.8841757625341415
CCT6A	0.5444466582808877	28	0.0003418475389480591
CCT7	0.5992767917001987	28	0.0011721327900886536
CCT8	0.4882099242548992	28	0.0024397894740104675
CD109	-0.35198373594508514	28	0.2015676274895668
CD14	0.2032579441425617	28	0.33856552094221115
CD163	-0.09039615931511104	14	0.6697998046875
CD2AP	-0.08515303064217308	28	0.46517620980739594
CD2BP2	3.16864823973109	9	0.00390625
CD38	-0.44034617457637587	17	0.00665283203125
CD44	0.5268138550805525	28	0.003160528838634491
CD47	-0.928068463384176	25	0.14091521501541138
CD55	0.23987578637306053	21	0.8648872375488281
CD74	-0.8437878943343305	28	0.014598868787288666
CD81	-0.16287664682594905	22	0.1054534912109375
CD84	-0.33332949847380694	16	0.348388671875
CD9	0.28317356875334737	23	0.18954229354858398
CD97	0.2947802951985765	28	0.011838570237159729
CDC23	1.3276071367417055	6	0.03125
CDC37	0.43112385826432303	27	0.12253367900848389
CDC40	0.8756573990861388	20	0.00830841064453125
CDC42	0.5015937648571518	28	0.01362369954586029
CDC42BPA	-0.6090926457904032	5	
CDC42BPB	-0.0011809579928515196	28	0.973184622824192
CDC42EP2	-0.8550048229307403	26	0.03341016173362732
CDC42EP4	-0.78834680729052	13	0.587890625
CDC42EP5	-0.10967497344043052	8	1.0
CDC5L	0.48227134354368906	28	0.06981273740530014
CDC73	1.6140595420799069	7	0.109375
CDCP1	0.42725981775788036	17	0.5790557861328125
CDH1	-0.11846122343099454	27	0.05208057165145874
CDH13	-1.3885171587774876	23	0.0007376670837402344
CDH17	-0.3011878002068264	28	0.033681392669677734
CDHR5	0.27457359838687934	9	0.359375
CDIPT	0.02767574974634579	27	0.9340859353542328
CDK1	0.6194643826629376	25	0.034173786640167236
CDK13	2.310493199825079	5	
CDK16	0.9003884537433839	8	0.0390625
CDK5RAP3	-0.033070943139795805	28	0.7281656339764595
CDK7	1.4676521309553583	10	0.048828125
CDK9	0.9971915882920795	19	0.00457763671875
CDKN2AIP	-0.10026457752233195	28	0.43800119310617447
CDS2	-1.0786601320421239	21	0.0016002655029296875
CDV3	-0.35522886771744233	22	0.27562665939331055
CEACAM1	2.768371491927434	5	
CEACAM5	3.3833678333085295	26	9.149312973022461e-06
CEACAM6	3.8876740224513737	8	0.0390625
CEBPZ	4.768982117735316	6	0.03125
CECR5	0.22881002826107674	28	0.7281656339764595
CELF1	1.3043991906962646	12	0.00146484375
CELF2	0.326588943860311	9	0.1640625
CENPV	1.1989097287534731	23	0.004851341247558594
CEP170	1.6488561173197829	5	
CEPT1	0.07064000298059483	6	0.84375
CERS2	1.4931601565571135	26	0.0002480149269104004
CES1	2.6662688867348407	9	0.00390625
CES2	-0.7691540855254984	27	0.003550395369529724
CES3	-1.443601578271204	19	0.000164031982421875
CETN2	0.3446138684401056	10	0.625
CFB	0.34783445696783916	27	0.4698396325111389
CFD	-0.6295633663611055	10	0.6953125
CFH	0.5529112626041728	28	0.011838570237159729
CFI	2.1544191446901957	24	9.083747863769531e-05
CFL1	0.47499219290054784	28	0.0003814026713371277
CFL2	0.8433596827354243	20	0.0019855499267578125
CGN	-0.6757391119382565	25	0.013554692268371582
CHCHD3	0.7262925359851629	28	0.10925160348415375
CHCHD7	1.2956022682902246	5	
CHD4	0.9094744492856222	28	0.0051764026284217834
CHDH	-0.1064905877243927	27	0.2290707677602768
CHERP	0.4009218092916854	19	0.1956329345703125
CHGA	-2.3632536511793085	15	0.0001220703125
CHID1	0.43693127759469363	28	0.01102352887392044
CHKB	-0.024578687382961147	19	0.8595733642578125
CHMP2A	-0.2395084632425997	6	0.84375
CHMP4A	0.668693686171642	21	0.05019187927246094
CHMP4B	0.5601991516207727	16	0.17535400390625
CHMP5	-0.14400488645484816	18	0.8650436401367188
CHMP6	0.961671007830473	14	0.2957763671875
CHMP7	0.5280164259233998	25	0.02747941017150879
CHORDC1	0.5224713055981076	6	0.0625
CHP1	-0.36569101686281164	26	0.023610919713974
CHP2	-1.1850892920747211	5	
CHTOP	0.7028926326975683	11	0.0048828125
CIB1	0.4634321934189466	22	0.11287164688110352
CIRBP	-0.2049800495290459	25	0.14091521501541138
CIRH1A	3.486883206406599	6	0.4375
CISD1	0.2669102359007101	26	0.3031630218029022
CISD2	0.12928250997125643	28	0.21827305853366852
CKAP4	0.2487552866421513	28	0.08565542846918106
CKAP5	1.256124087561111	28	0.0020434409379959106
CKB	-0.7478469422167395	28	0.05638675391674042
CLASP1	0.5952775563304592	25	0.018744707107543945
CLASP2	0.44969398135452987	23	0.06981706619262695
CLC	-0.15706150417760473	26	0.3152514398097992
CLCA1	-1.241572326251985	23	7.867813110351562e-06
CLCA4	-1.5213416037533167	9	0.07421875
CLDN3	0.24641011781476266	10	0.375
CLDN7	-1.0477215400371027	10	0.01953125
CLDND1	0.09953285228537702	13	0.080322265625
CLEC3B	0.07067306770138146	23	0.6649994850158691
CLIC1	0.6494750377246006	28	0.0010645166039466858
CLIC2	-1.3437665564150532	25	1.8298625946044922e-05
CLIC4	-0.5598445322363682	28	0.08145394921302795
CLIC5	-2.308173803886752	6	0.0625
CLIC6	-1.9995145927036333	8	0.0078125
CLINT1	-0.3410333235023583	26	0.18135443329811096
CLIP1	0.36194718095057277	21	0.004284858703613281
CLIP2	0.5126390265628697	24	0.07379257678985596
CLMN	-0.10481419134971642	19	0.7982521057128906
CLN6	-0.06596269875944902	7	0.8125
CLNS1A	1.8203222545697977	14	0.008544921875
CLPB	2.5871773474728625	28	0.021778732538223267
CLPP	1.3076875097139706	20	0.2305126190185547
CLPTM1L	0.5368362501440682	26	0.5316631495952606
CLPX	0.5988718268538797	9	0.30078125
CLTA	0.056540967594213905	28	0.46517620980739594
CLTC	-0.10224803021046887	28	0.3989470452070236
CLU	0.5335409322085087	28	0.016727693378925323
CLUH	0.34423718693853156	26	0.04346644878387451
CLYBL	0.17756255535335363	23	0.22261524200439453
CMA1	-1.2048704656139986	25	0.0010271072387695312
CMAS	0.6296899940286493	28	0.029833190143108368
CMBL	-1.9830202625220683	17	0.0008392333984375
CMC1	-0.3397443010793638	20	0.5216732025146484
CMPK1	0.31979955676401206	28	0.07353667169809341
CNBP	0.5065442144754164	13	0.10986328125
CNDP2	-0.3986851865900307	28	0.020409412682056427
CNEP1R1	-0.296603515052313	11	0.0537109375
CNIH4	0.8238312757659876	15	0.02557373046875
CNKSR1	1.0246016307525245	22	0.030117511749267578
CNN1	0.142990286506042	28	0.2945980280637741
CNN2	2.0825068254069006	26	2.086162567138672e-06
CNN3	1.0174840548733095	28	0.00010570138692855835
CNNM4	-1.16386579454785	19	0.0061798095703125
CNOT1	0.407013434670084	28	0.10925160348415375
CNOT10	-0.0115048061110593	17	0.926513671875
CNOT3	0.2797661011007987	25	0.6915188431739807
CNOT7	0.42138343051473776	5	
CNP	0.3052213691993079	27	0.31257040798664093
CNPY2	0.6602215018746215	28	0.06623983383178711
CNPY4	0.4455431745030579	27	0.018655240535736084
CNTNAP1	0.7085001826019706	17	0.017425537109375
COA3	-0.5452436976656475	15	0.1353759765625
COA4	-0.02131355473127464	11	1.0
COA6	0.30914471205068406	15	0.97796630859375
COASY	-0.08222164610301849	28	0.3620011880993843
COG1	0.5234351387998091	24	0.37475037574768066
COG2	-1.0231545316729347	25	4.172325134277344e-06
COG3	0.14762736312433397	23	0.8932116031646729
COG4	0.33093349431048386	24	0.21821892261505127
COG5	-0.6433331445396039	6	0.21875
COG6	0.5499324892464157	23	0.08582782745361328
COG7	0.045512640040810765	26	0.7835337817668915
COG8	-0.3230457401591739	28	0.08145394921302795
COL12A1	3.8466209936241746	28	2.4586915969848633e-07
COL14A1	-1.0782142200114393	28	0.0003418475389480591
COL15A1	-0.10626257904775799	28	0.7450922578573227
COL18A1	-0.21729980258147916	28	0.15023531019687653
COL1A1	-0.9385207197924804	28	0.0006467849016189575
COL1A2	-1.3220925756893145	28	9.319186210632324e-05
COL21A1	-0.5517544869166648	7	0.15625
COL28A1	-1.0727182072181243	10	0.037109375
COL3A1	0.10995826648320631	28	0.7113664001226425
COL4A1	1.1009651460888585	27	0.06189882755279541
COL4A2	-0.21848580762925274	28	0.6295278295874596
COL4A3BP	-0.029755841500333405	6	0.84375
COL5A1	1.575996063898296	13	0.00341796875
COL5A2	-0.2985706996232217	27	0.8407831341028214
COL6A1	-1.0745133004680156	28	0.0003418475389480591
COL6A2	-0.9898001180664573	28	0.0001353248953819275
COL6A3	-0.6933008937920895	28	0.0010645166039466858
COL7A1	0.0711865297113103	15	0.93408203125
COL8A1	0.13486545738289465	8	0.640625
COLGALT1	0.7959035744043554	28	0.000244140625
COMMD1	0.18825182285809075	5	
COMMD10	-1.9659165901518572	18	0.05385589599609375
COMMD2	-0.06269761769318463	25	0.2996123433113098
COMMD4	0.01812601600191724	28	0.6781789660453796
COMMD5	-0.14104973831764378	24	0.7898378372192383
COMMD8	-0.7101883116741399	18	0.04827880859375
COMMD9	0.5618355347912092	27	0.022940203547477722
COMT	1.0558608910755523	28	0.006060026586055756
COMTD1	1.1787700740750395	6	0.15625
COPA	0.0439487485563067	28	0.7792982533574104
COPB1	0.025485247403892256	28	0.26417163759469986
COPB2	0.21340191592264474	28	0.13751810044050217
COPE	0.01083772488674541	28	0.813923291862011
COPG1	-0.23585826362968754	28	0.1199713721871376
COPG2	0.9729871581045045	23	0.027674198150634766
COPS2	0.7343063034193664	27	0.0003008991479873657
COPS3	0.4406728900912252	28	0.006548762321472168
COPS4	0.024685717711176343	28	0.49323366582393646
COPS5	0.09545937197146451	28	0.6480484578447592
COPS6	-0.04254591119499074	20	0.956329345703125
COPS7A	0.4111888204103822	25	0.2872292995452881
COPS7B	1.5425345026500097	7	0.015625
COPS8	1.0646665549518122	25	0.006129205226898193
COPZ1	0.02880429626937725	28	0.6136380508542061
COQ5	0.4055423612190103	27	0.44104358553886414
COQ6	0.13280642998618578	15	0.97796630859375
COQ7	-0.6104852984504876	10	0.275390625
COQ9	0.6940157277762362	14	0.5416259765625
CORO1A	0.13565408260224848	28	0.8489041775465012
CORO1B	0.31917024806385724	28	0.026356667280197144
CORO1C	0.6676003459876221	28	0.0003814026713371277
CORO2A	0.8405252631338618	14	0.6697998046875
COTL1	-0.46370848737387294	28	0.0009657368063926697
COX1	-0.6707577632994286	16	0.00628662109375
COX2	-0.6560122325058537	28	2.4586915969848633e-07
COX20	1.1121043880568244	24	0.016406655311584473
COX4I1	-0.2940553796100466	28	0.2945980280637741
COX5A	-0.20662276860511827	28	1.0
COX5B	-0.37458178615128124	27	0.03189583122730255
COX6B1	-0.17768991782825655	28	0.053377434611320496
COX7A2	-0.5944258973525828	27	0.0013849586248397827
COX7A2L	-1.0705155313679153	9	0.91015625
CP	-0.09946013675649751	28	0.7450922578573227
CPA3	-1.5979817286256786	21	0.00035381317138671875
CPB2	0.9471221519817179	20	0.009435653686523438
CPD	0.722957153469041	20	0.34881019592285156
CPE	-0.6062482986386657	8	0.3828125
CPM	-2.344030271472106	6	0.03125
CPN2	0.4088422036185635	20	0.7561664581298828
CPNE1	1.4830801023000229	28	3.993511199951172e-06
CPNE2	0.5988282485839895	18	0.0736846923828125
CPNE3	0.18620864267341913	28	0.13751810044050217
CPOX	1.2936061590024985	28	4.76837158203125e-06
CPPED1	0.0812685819078162	25	0.5424043536186218
CPQ	-1.09962231929977	17	0.02667236328125
CPSF1	1.730595693041113	24	5.125999450683594e-06
CPSF2	2.8424439654192106	23	3.266334533691406e-05
CPSF3	1.6069588291976378	16	9.1552734375e-05
CPSF3L	0.5359282128851441	11	0.0048828125
CPSF6	0.3467357340336965	28	0.016727693378925323
CPSF7	0.3924217907461501	28	0.016727693378925323
CPT1A	-0.6699486274420644	28	0.0005833879113197327
CPT2	-0.09802588419235202	28	0.4514767527580261
CPVL	-0.4112558587364172	13	0.892578125
CRADD	-0.49727969635449626	9	0.734375
CRAT	0.6361322405185924	24	0.128027081489563
CREB1	0.3395027036307579	10	0.4921875
CREG1	0.5076744771659887	17	0.4585723876953125
CRIP1	-0.8041759768305691	8	0.0546875
CRIP2	1.3297214829583734	27	1.043081283569336e-06
CRK	-0.10701401825071416	28	0.6781789660453796
CRKL	0.05833484398700694	28	0.2945980280637741
CRMP1	-0.07504651246712309	15	0.33026123046875
CRNKL1	1.4302399059225142	21	0.0006074905395507812
CRYAB	-0.800812931113998	28	0.0006467849016189575
CRYL1	0.6728648631051852	26	0.023610919713974
CRYM	-1.2454813886413971	19	0.012359619140625
CRYZ	0.5245430576665026	27	0.05847424268722534
CS	-0.1466147987812822	28	0.7113664001226425
CSDE1	0.6455844556544805	28	0.0009657368063926697
CSE1L	1.3202251326378152	28	1.0207295417785645e-06
CSK	0.24053984405888124	28	0.22697687149047852
CSNK1A1	0.352215274314865	14	0.118896484375
CSNK1D	-0.18384672974265762	6	0.6875
CSNK1G1	0.0768250199270876	22	0.3369474411010742
CSNK2A1	0.08173482483712494	24	0.344876766204834
CSNK2A2	0.5418309676403174	28	0.0026621222496032715
CSNK2B	0.3408718619107831	22	0.030117511749267578
CSPG4	0.07022540390013587	24	0.26043936484565555
CSRP1	0.49322606515364553	28	0.014598868787288666
CSRP2	0.6479081047917674	18	0.0138702392578125
CST3	-0.7311815143041633	28	0.0056031495332717896
CSTB	0.5842574138773122	28	0.08145394921302795
CSTF1	0.45233993746056217	13	0.039794921875
CSTF2	0.19899829742513925	24	0.6230943202972412
CSTF3	0.6109466925725493	21	0.2428417205810547
CTAGE5	-0.5333676340786515	27	0.21085703372955322
CTBP1	0.3760131924871491	28	0.021778732538223267
CTBP2	0.005732055959157212	12	0.5693359375
CTDSPL2	-0.23983381885542637	14	0.855224609375
CTH	0.2821401468261733	6	1.0
CTNNA1	-0.5698921790163539	28	0.0051764026284217834
CTNNB1	0.13410112893021975	28	0.17823376506567
CTNNBL1	1.3217460446338043	24	0.0003223419189453125
CTNND1	-0.35115308138992485	28	0.026356667280197144
CTPS1	1.776225842462433	19	0.003917694091796875
CTPS2	0.6873685553681549	27	0.0054652392864227295
CTR9	-1.2421525765908117	7	0.578125
CTSA	-0.2069426556287758	27	0.3483276069164276
CTSB	1.2388193767076245	24	2.467632293701172e-05
CTSC	-0.1919974149053153	27	0.19368016719818115
CTSD	-0.3352831965653459	28	0.003160528838634491
CTSE	1.7130243932955147	6	0.09375
CTSG	0.28078240756132444	28	0.6136380508542061
CTSL	-0.5937185864069472	18	0.19638824462890625
CTSS	-0.9031017158087111	28	3.17990779876709e-05
CTSZ	-0.20657786314074106	21	0.2572479248046875
CTTN	0.4032000508711092	26	0.002181529998779297
CTTNBP2NL	0.18772914087782394	5	
CUL1	0.9758195127178568	28	0.0010645166039466858
CUL2	0.43124686797428713	26	0.8028007447719574
CUL3	-0.23370941496496073	28	0.7965622618794441
CUL4A	1.3071676579153986	25	0.00012022256851196289
CUL4B	1.1048420345283156	14	0.013427734375
CUL5	-0.5286841209854445	27	0.05208057165145874
CUTA	0.38047660802160904	27	0.01738584041595459
CUX1	0.7311313874076277	10	0.322265625
CWC22	0.944617026312835	15	0.00152587890625
CYB5A	-0.2931231556395465	28	0.26417163759469986
CYB5B	0.38924500320810484	28	0.11451615393161774
CYB5R1	-0.08442523703504334	24	0.5270590782165527
CYB5R3	0.31799852305611565	28	0.9910601079463959
CYBB	0.013430519856401795	22	0.5879268646240234
CYC1	-0.1806975338774963	28	0.6947018131613731
CYCS	-0.25345796904752244	28	0.5221440717577934
CYFIP1	-0.02067634164008781	28	0.6618045940995216
CYFIP2	-0.07689885539956437	23	0.7539846897125244
CYGB	-1.2395527148953938	6	0.15625
CYLD	0.07048899942999802	16	1.0
CYP20A1	-0.5708129602046819	21	0.1372833251953125
CYP27A1	0.9363900214825492	25	0.055070459842681885
CYP2S1	1.8309645167470474	28	2.7641654014587402e-06
CYP2U1	-0.6424253062803953	14	0.0784912109375
CYP51A1	0.2678994151802888	11	0.51953125
CYTB	-0.34080526890731383	27	0.29008127748966217
CYTH2	0.27249883837526323	5	
D2HGDH	0.17987545980799655	9	0.5703125
DAB2	0.40645229135004307	16	0.375457763671875
DAD1	0.3975437734838476	28	0.053377434611320496
DAG1	-0.9380585294406023	26	5.1647424697875977e-05
DAGLA	1.2969817377571315	5	
DAK	0.6339018465085882	28	0.01102352887392044
DAP3	0.628854054575001	26	0.046331167221069336
DAPK1	0.5044725828607884	5	
DAPK2	-0.7314578719036642	6	0.3125
DARS	0.4149496236591219	28	0.020409412682056427
DARS2	-0.07658585595952454	28	0.6295278295874596
DAZAP1	0.5765965808337548	28	0.05953092873096466
DBI	0.21184671338442496	28	0.43800119310617447
DBN1	0.8696572693727043	28	0.0012892335653305054
DBNL	0.510764401694233	28	0.016727693378925323
DBR1	0.5559538233704316	21	0.3038158416748047
DBT	0.027935471387204917	19	0.5677604675292969
DCAF7	1.318603098733923	21	8.392333984375e-05
DCAF8	-1.1282302894864973	8	0.0390625
DCAKD	1.6666273433635672	21	0.0005102157592773438
DCBLD1	0.8743645899737106	8	0.0390625
DCK	-0.0054849597667690425	11	0.7646484375
DCLK1	-1.1867094099726603	11	0.1015625
DCN	-1.4910660842557448	28	4.830211400985718e-05
DCP1B	-0.04401200233956521	10	0.845703125
DCPS	0.05210698437284887	26	0.7265399694442749
DCTD	1.4111914521010314	15	0.03533935546875
DCTN1	0.16524888590986878	28	0.21827305853366852
DCTN2	0.19692786447083194	28	0.06281394511461258
DCTN3	0.3601894640477942	10	0.193359375
DCTN4	-0.2574094280179219	28	0.02322421222925186
DCTN6	0.5662059924209328	8	0.4609375
DCTPP1	0.34561221138873127	28	0.18578492105007172
DCUN1D1	0.15650942490929073	23	0.09175300598144531
DCUN1D3	0.773034848873728	13	0.0478515625
DCXR	-0.7063190646748264	28	0.05953092873096466
DDAH1	-0.3279139286156314	27	0.003877997398376465
DDAH2	0.1279812490966454	19	0.76800537109375
DDB1	-0.18787022585413587	28	0.7621389999985695
DDHD2	-0.10376483252214314	6	0.84375
DDI2	0.39172456067256234	25	0.04826241731643677
DDOST	0.21028771477752797	28	0.053377434611320496
DDRGK1	-0.6527202884235711	27	0.03620612621307373
DDT	0.3086018285079025	16	0.21142578125
DDX1	0.3829977704416684	28	0.006060026586055756
DDX17	0.514386101767292	28	0.007629185914993286
DDX18	2.460575568786542	28	1.765042543411255e-05
DDX21	1.9908814747149643	27	7.987022399902344e-06
DDX23	0.4061776085203488	21	0.10321426391601562
DDX27	1.1504186626474289	23	4.029273986816406e-05
DDX28	0.4052024847660324	16	0.528167724609375
DDX31	0.6611151299461409	18	0.030364990234375
DDX39A	0.552625115405859	26	9.149312973022461e-06
DDX39B	0.352433674941959	28	0.01362369954586029
DDX3X	0.6765279213562633	28	0.003438994288444519
DDX42	1.2334007913441034	28	0.0003059804439544678
DDX46	1.1310503603001953	27	9.5367431640625e-06
DDX47	3.615023649072552	7	0.015625
DDX5	0.9901971150555625	28	0.0005833879113197327
DDX50	1.1808628479272005	11	0.0048828125
DDX54	0.808456636537176	7	0.296875
DDX58	-0.18055433904011067	8	0.9453125
DDX59	-0.09496781740541321	6	1.0
DDX6	0.5128370581246853	28	0.004406772553920746
DDX60	-0.3632505567572454	26	0.670972615480423
DECR1	-0.18144218046705826	28	0.46517620980739594
DECR2	-0.8364515401891653	13	0.786865234375
DEF6	0.803366609231494	8	0.640625
DEGS1	0.5721862784322498	5	
DEK	1.252390835770372	28	0.0003814026713371277
DENND2D	0.8472182531189242	5	
DENND4C	1.0549193154833825	26	0.012952595949172974
DENR	1.3516605738457712	26	4.410743713378906e-05
DERA	-0.005903751975690966	28	0.973184622824192
DERL1	0.6589031667289571	28	0.02322421222925186
DES	-0.09227637655734852	28	0.3272097110748291
DFFA	0.5380694908318502	28	0.004778154194355011
DFFB	0.715353078896386	18	0.28372955322265625
DGAT1	1.0677949175742414	21	0.07598018646240234
DGKA	-0.23164442819610218	7	0.6875
DHCR24	0.35291014559530137	13	0.243896484375
DHCR7	1.3281483462980779	16	0.00762939453125
DHODH	-0.2606339535931277	6	0.84375
DHRS1	-1.2805371938236316	26	1.3321638107299805e-05
DHRS11	-0.7068756206752382	16	0.0506591796875
DHRS7	-0.26300847050629744	28	0.156909741461277
DHRS7B	-0.5235950215037876	25	0.0015169116773216492
DHTKD1	-0.7617575662732659	8	0.1953125
DHX15	0.5407083076394832	28	0.0008751451969146729
DHX16	1.3556468886662445	24	0.0025163888931274414
DHX29	0.15877487692559042	19	0.4653167724609375
DHX30	2.879295299516163	15	0.01025390625
DHX32	-0.1514156442726038	5	
DHX33	1.4968315904424911	5	
DHX36	1.224738903351509	27	3.0234456062316895e-05
DHX37	-0.15329732643521585	27	0.594396710395813
DHX38	0.9765410271760112	27	0.012076601386070251
DHX8	0.6861542514104961	5	
DHX9	0.06302829472749975	28	0.12562106549739838
DIABLO	-0.5661649816371057	28	2.7641654014587402e-06
DIAPH1	0.6698032758628436	28	0.0051764026284217834
DIAPH2	1.3877258405462656	26	0.00468936562538147
DIDO1	-0.5897571914567904	26	0.3403312563896179
DIMT1	1.4765695777794638	14	0.0001220703125
DIP2A	-0.4204919293709518	13	0.10986328125
DIP2B	-0.3413071107454717	7	0.9375
DIS3	2.134447260474671	24	0.00020515918731689453
DIS3L2	-0.2996603543481714	25	0.507703959941864
DKC1	0.742331490706081	27	0.00023631751537322998
DLAT	-0.08891638501967175	28	0.2015676274895668
DLD	0.14870034263350615	28	0.6295278295874596
DLG1	-0.19845013450984106	16	0.274444580078125
DLGAP4	0.03980466872173019	5	
DLST	0.5675176023774793	28	0.00021760910749435425
DMBT1	0.06071170787578911	12	0.791015625
DMD	-1.5473872538078874	25	0.002507925033569336
DNAJA1	-0.3264888740452742	28	0.05953092873096466
DNAJA2	-0.28304173437897706	10	0.921875
DNAJA3	1.3310422810729339	28	0.00019368529319763184
DNAJB1	0.9497763631704094	28	0.006060026586055756
DNAJB11	-0.14292718450675293	28	0.1935620754957199
DNAJB2	-0.22156769645580499	12	0.2333984375
DNAJB6	0.36967862765051845	19	0.036067962646484375
DNAJC1	-0.08899681407109569	19	0.9133009306692093
DNAJC10	1.0824226518532563	26	3.7550926208496094e-05
DNAJC11	-0.5591650574938598	27	0.06548145413398743
DNAJC13	0.7459944323780888	28	0.5221440717577934
DNAJC17	0.5496870259736257	15	0.1353759765625
DNAJC3	0.16869646198739086	28	0.3160962611436844
DNAJC8	0.2652907456105596	27	0.0692269504070282
DNAJC9	0.996011116091323	17	0.001068115234375
DNASE1L1	-1.1540944568095461	6	0.21875
DNASE2	0.46085305517914466	8	0.078125
DNM1	-0.0006920216989533164	18	0.44229888916015625
DNM1L	0.3134483438641711	28	0.042608387768268585
DNM2	-0.09182097437900363	28	0.09002415090799332
DNM3	0.827118135935315	20	0.012079238891601562
DNMT1	0.5895216829974144	9	0.65234375
DNPEP	0.09671779373542848	28	0.8665077835321426
DNPH1	0.6707665925123929	28	0.008859716355800629
DNTTIP2	-0.010383670466055542	24	0.704756498336792
DOCK1	1.02518249119713	28	0.0051764026284217834
DOCK2	-1.4073487635970687	25	0.0030878782272338867
DOCK5	0.47382331925008714	23	0.22261524200439453
DOCK7	0.9231969019856899	27	0.00038070976734161377
DOPEY2	0.07766104765512648	12	0.9697265625
DPAGT1	-0.010207498085571032	8	0.84375
DPF2	1.7279039069539235	21	0.0010023117065429688
DPM1	0.5319753720746033	24	0.011516094207763672
DPP3	0.19782877139703503	28	0.08565542846918106
DPP4	0.5363324820626205	24	0.15998530387878418
DPP7	-0.30827428027192905	27	0.6276643574237823
DPP9	1.6974642073722297	20	0.023950576782226562
DPT	-2.300849298806506	27	6.660819053649902e-06
DPY30	0.9737032178236895	24	0.0031430721282958984
DPYD	0.8189755931472127	10	0.16015625
DPYSL2	-0.2922440137622747	28	0.019113145768642426
DPYSL3	0.7393954283164113	28	3.17990779876709e-05
DRAP1	0.39388053177256954	28	0.006060026586055756
DRG1	1.2644404266177416	28	6.735324859619141e-06
DRG2	1.9081103524506928	17	0.0347900390625
DSC2	0.4252787819180723	15	0.30279541015625
DSG2	0.38307190893580745	28	0.0026621222496032715
DSP	-0.07043294824903315	28	0.43800119310617447
DST	-0.05730606005103957	25	0.8531995415687561
DSTN	0.4474157755192752	27	0.00042723119258880615
DTX3L	0.6820408790981674	26	0.0993349552154541
DTYMK	0.7056064997478833	28	0.0012892335653305054
DUOX2	0.5010166436991625	8	0.3125
DUSP12	-0.28866197022364853	6	0.5625
DUSP23	0.6315079594845383	28	0.003160528838634491
DUSP3	0.9078710325893069	28	0.0005255788564682007
DUT	0.32463510158734	26	0.3152514398097992
DYNC1H1	0.27951413714616224	28	0.04774715006351471
DYNC1I2	0.12811659279606216	28	0.6455853804945946
DYNC1LI1	0.5507053707352592	28	0.017886914312839508
DYNC1LI2	0.007182327767949165	28	0.8841757625341415
DYNLL1	0.5706563716613989	19	0.12318801879882812
DYNLRB1	0.5143879611147989	14	0.029541015625
DYSF	0.19562804608190754	28	0.13751810044050217
EARS2	0.878962498761504	17	0.088653564453125
EBNA1BP2	2.694703348591948	9	0.00390625
EBP	0.6036040629182298	19	0.0180816650390625
ECE1	0.15579467260742436	27	0.10040661692619324
ECH1	-0.5544579845174998	28	0.007071197032928467
ECHDC1	-0.4966220716827713	28	0.012704446911811829
ECHDC3	-0.30653730601047174	11	0.365234375
ECHS1	0.20661759700679386	28	0.3989470452070236
ECI1	-0.42322409214691714	28	0.042608387768268585
ECI2	-1.1123593626300747	19	0.000164031982421875
ECM1	2.1998564401245675	26	0.0007454454898834229
ECSIT	-0.321491949862358	9	1.0
EDC3	1.6780719051126376	17	0.00933837890625
EDC4	0.9654024522437307	23	0.04152512550354004
EDF1	0.24408004450744414	14	0.9031982421875
EEA1	-0.23234750197612747	27	0.5303222090005875
EEF1A1	0.1006495575328896	28	0.7450922578573227
EEF1B2	0.7502387936174368	28	0.0022339224815368652
EEF1D	0.6636137626008838	28	0.0026621222496032715
EEF1E1	0.33864622818337736	28	0.2450956031680107
EEF1G	0.6182333076109671	28	0.002901986241340637
EEF2	0.23730735294392558	28	0.009536407887935638
EEFSEC	0.16005992483307113	26	0.6893201172351837
EFCAB4B	-0.5225818098001074	17	0.5790557861328125
EFEMP1	1.9091365591692464	20	0.04844093322753906
EFEMP2	2.3969149648043233	13	0.013427734375
EFHD2	-0.03617314670074861	28	0.7621389999985695
EFTUD1	0.030087795425690234	28	0.3052256628870964
EFTUD2	0.3800833273871115	28	0.024749115109443665
EGFR	-1.191345734981698	25	0.0001398921012878418
EGLN1	-0.12075215946061027	5	
EHBP1L1	1.032738011475021	6	0.21875
EHD1	-0.4742754035075003	28	0.011838570237159729
EHD2	-0.39301269267184824	28	0.33856552094221115
EHD3	-0.1966372938659182	10	0.556640625
EHD4	-0.25001345939512715	28	0.01025690883398056
EHHADH	-0.7621316471717521	26	0.00266072154045105
EI24	0.60025674079905	17	0.644134521484375
EIF1	0.5856508214514622	27	0.03189583122730255
EIF1AD	0.4279750480592887	19	0.07283401489257812
EIF2A	-0.07295106597888168	24	0.8115357160568237
EIF2AK2	1.3028843188496535	28	3.330409526824951e-06
EIF2B1	0.9266224338188014	22	0.0025048255920410156
EIF2B2	0.7626081829544904	17	0.00384521484375
EIF2B3	1.5997316248198574	18	0.0987396240234375
EIF2B4	1.5031060061396837	20	0.0003223419189453125
EIF2B5	0.13750352374993474	27	0.09538766741752625
EIF2S1	0.6427115298095203	28	0.0022339224815368652
EIF2S2	0.8369624023768101	28	0.0005255788564682007
EIF2S3	1.182667565334215	28	0.016727693378925323
EIF3A	-0.20626299848170987	28	0.1935620754957199
EIF3B	0.46589569683323473	28	0.0003418475389480591
EIF3C	0.44930740136358993	25	0.05875152349472046
EIF3D	0.45585531665678125	28	0.019113145768642426
EIF3E	0.24330406196851923	28	0.1935620754957199
EIF3F	0.7276578749704214	28	0.011838570237159729
EIF3G	0.4771440571321708	28	0.03170907497406006
EIF3H	0.2964384008514849	24	0.28966712951660156
EIF3I	0.6321136750946628	28	0.0001353248953819275
EIF3J	0.46695152753928076	13	0.068115234375
EIF3K	0.9032697102981688	28	0.0006467849016189575
EIF3L	0.35063623412671063	28	0.004778154194355011
EIF3M	0.3940752112420193	28	0.08145394921302795
EIF4A1	0.5618833224394082	28	0.008224666118621826
EIF4A2	0.40694766222390744	28	0.019113145768642426
EIF4A3	0.31950492990718915	28	0.1637990102171898
EIF4B	-0.1522702344588472	11	0.3203125
EIF4E	1.4834216107725624	28	6.735324859619141e-06
EIF4G1	0.5568504436334399	28	0.0004249662160873413
EIF4G2	0.7900118609421853	28	9.395182132720947e-06
EIF4G3	1.3917920907438122	28	0.00011970102787017822
EIF4H	0.5159864370791667	28	0.0992795079946518
EIF5	0.625080960064815	28	0.003738619387149811
EIF5A	0.5169350475215592	28	0.02322421222925186
EIF5B	0.7388196446696188	28	2.380460500717163e-05
EIF6	1.685841313594678	27	0.0001253187656402588
ELAC2	-0.3440824591097491	26	1.0
ELANE	2.3908601522426176	18	0.00104522705078125
ELAVL1	0.48003083407445885	28	0.006548762321472168
ELF1	0.1819196821420345	14	0.625732421875
ELMOD2	0.10262029572105345	16	0.979949951171875
ELN	-0.5417171100146342	24	0.15150094032287598
ELP3	1.1002231585182287	10	0.10546875
EMC1	0.695644004845071	27	0.028018027544021606
EMC2	-0.8814325092246014	20	0.13272666931152344
EMC3	1.8746316138379508	5	
EMC6	0.12575401043058804	13	0.167724609375
EMC8	-0.18795735849394202	20	0.5958194732666016
EMD	0.6278986158717486	17	0.00933837890625
EMILIN1	-0.11930965121042492	28	0.3989470452070236
EMILIN2	-1.2267578719093075	24	0.033985137939453125
EML1	-0.5090774379156947	20	0.17685317993164062
EML2	-3.1566080637646046	26	2.086162567138672e-06
EML4	0.7226089205300925	28	0.009536407887935638
ENDOD1	-0.5732830061358188	28	0.0022339224815368652
ENG	2.7792559471495886	24	0.0005675554275512695
ENGASE	0.6955770142030684	17	0.1593780517578125
ENO1	0.8961558353237422	28	5.677342414855957e-06
ENO2	0.9816294787136859	28	5.529820919036865e-05
ENO3	0.9937951018438911	28	6.318092346191406e-05
ENOPH1	0.954926731394213	27	0.0005356669425964355
ENOSF1	-0.14618319115822562	11	0.123046875
ENSA	-0.23976654833250668	23	0.31455397605895996
ENTPD1	0.6195516939502819	17	0.2841644287109375
ENTPD2	-0.21251418367849895	9	0.49609375
ENTPD5	-0.8644251699601239	25	0.002507925033569336
EPB41	-0.38824511533195016	25	0.02027493715286255
EPB41L1	0.27248735098844623	28	0.25451332330703735
EPB41L2	-0.4752884281491737	28	0.004778154194355011
EPB41L3	-2.2984864891530017	20	0.0031528472900390625
EPCAM	-0.07100079218659507	24	1.0
EPDR1	1.8946827387679548	10	0.10546875
EPHX1	-0.7998559297163441	28	4.830211400985718e-05
EPHX2	-1.254071763392114	28	0.0003418475389480591
EPM2AIP1	-0.4325472675672931	9	0.8203125
EPN1	-0.4603426159009943	23	0.16010499000549316
EPPK1	-0.3821832474712611	28	0.1199713721871376
EPRS	0.4842501040139183	28	0.004406772553920746
EPS15	-0.19523712145071687	28	0.09002415090799332
EPS15L1	-0.1653161617293378	28	0.6947018131613731
EPS8	3.040980020174983	16	0.02496337890625
EPS8L1	1.0731881910419172	18	0.22875213623046875
EPS8L2	0.2869806367291982	28	0.9374814853072166
EPS8L3	0.652554674218937	28	0.006548762321472168
EPX	-0.4649820927446626	27	0.08593340218067169
ERAL1	0.9146607241850004	9	0.49609375
ERAP1	0.07984640895472093	28	0.6618045940995216
ERAP2	0.5229876598677488	15	0.5994873046875
ERBB2	-0.07367393174768068	23	0.8229274749755859
ERBB2IP	-0.2110835057890882	28	0.17823376506567
ERGIC1	0.06476208271134437	28	0.9374814853072166
ERGIC3	0.4361650162616397	22	0.0036711692810058594
ERH	0.34334349384583585	28	0.0451183095574379
ERLEC1	0.08563655162444765	19	0.4180412292480469
ERLIN1	0.2892744448573296	22	0.3880448341369629
ERLIN2	-0.32978324333523756	26	0.15736517310142517
ERMP1	-0.05688880132237446	28	0.6618045940995216
ERO1L	0.48084462367495107	28	0.007071197032928467
ERP29	0.36107614789537545	28	0.0451183095574379
ERP44	0.006962488574935355	28	0.479096382856369
ESD	0.13446993681183508	28	0.5670346617698669
ESRP1	0.1988009800494175	22	0.7990336418151855
ESRRA	-0.2958066055507232	21	0.0062808990478515625
ESYT1	0.2849855490241949	28	0.06281394511461258
ESYT2	0.32877086700185065	28	0.05638675391674042
ETF1	0.5393452971993553	28	0.0001353248953819275
ETFA	-0.14157783269985066	28	0.6295278295874596
ETFB	-0.2665125504726376	28	0.23591722548007965
ETFDH	-1.9083606767366394	21	0.004284858703613281
ETHE1	-0.7292240869838709	28	0.0024397894740104675
ETV6	0.07088348615650998	13	0.85009765625
EVL	-0.4909747039471697	22	0.4060330390930176
EWSR1	0.8032317081503748	28	0.004778154194355011
EXOC1	0.5040386932776745	27	0.12253367900848389
EXOC2	0.4161941537681483	28	0.01102352887392044
EXOC3	0.8899658443698252	25	0.003419220447540283
EXOC4	0.3241344881967558	28	0.011838570237159729
EXOC6B	-0.23097663176152544	24	0.11396121978759766
EXOC7	0.32914111131085616	5	
EXOG	0.2607025885476068	9	0.91015625
EXOSC10	0.9088295159898737	21	0.2877340316772461
EXOSC2	1.3525406602904302	12	0.04248046875
EXOSC7	1.9312877192408087	16	0.001007080078125
EXOSC8	1.2847831972347643	15	0.01806640625
EXOSC9	0.8066364342424983	20	0.001209259033203125
EZR	0.31781707884994703	28	0.007629185914993286
F10	2.068897473375269	6	0.09375
F11R	0.15784993373257428	28	0.2015676274895668
F13A1	-1.0385374802883116	28	0.00010570138692855835
F2	0.3680883829675752	28	0.12562106549739838
FAAH	1.4528141500818004	5	
FABP1	-0.7196382323751073	28	0.27407141774892807
FABP3	1.9290031896324804	10	0.02734375
FABP4	-1.776164692307218	11	0.0673828125
FABP5	-0.10861801435415283	28	0.20980393886566162
FABP6	0.7943103253132838	11	0.1748046875
FADD	0.7131426854375381	5	
FAF2	0.05740166615131255	27	0.7139776796102524
FAH	0.5287272671396186	5	
FAHD1	0.172284611788308	25	0.5424043536186218
FAHD2A	-0.18631823351608764	12	0.38037109375
FAIM	0.3429032216204292	7	0.296875
FAM105A	-0.54693818547062	16	0.009185791015625
FAM107B	0.5272548563393417	5	
FAM114A1	-0.2262246717565951	28	0.20980393886566162
FAM114A2	0.054186686376040766	9	0.91015625
FAM120A	-0.03014000687122941	28	0.7792982533574104
FAM129A	-1.406492073272302	28	4.76837158203125e-06
FAM129B	0.16469798046927325	28	0.6618045940995216
FAM136A	0.32194696462257966	5	
FAM160A2	-0.2448996280485684	14	0.5830078125
FAM160B1	0.39876883673067276	25	0.10139739513397217
FAM175B	0.3040064873075855	5	
FAM177A1	0.1430592107798058	7	0.6875
FAM192A	0.9895076261823577	7	0.296875
FAM213A	0.026640517846868297	28	0.6947018131613731
FAM3C	0.2651124253157828	28	0.13146880269050598
FAM3D	-0.569808332573791	23	0.005414485931396484
FAM45A	0.1799506530769655	10	0.76953125
FAM49B	0.633927050730442	28	0.008859716355800629
FAM83E	0.38545853831421206	5	
FAM83H	-0.008979458703090788	21	0.9728584289550781
FAM91A1	-0.2180524317947162	20	0.082550048828125
FAM96A	-0.1632597014379104	28	0.12562106549739838
FAM96B	0.12458029560480698	15	0.846923828125
FAM98A	0.04806771405760939	8	0.7421875
FAM98B	0.32986630591347643	28	0.07353667169809341
FAM98C	-1.2411687708774242	9	0.30078125
FARP1	0.7271445919362927	28	0.05049888789653778
FARS2	0.21268959469068566	15	0.890380859375
FARSA	0.43667549216211526	28	0.05953092873096466
FARSB	0.4614843462219682	28	0.003438994288444519
FASN	1.0716323385498052	28	0.0017047896981239319
FAU	0.5096065805943979	13	0.000244140625
FBL	0.7037293758593076	28	0.0006467849016189575
FBLIM1	1.5693309805002362	21	0.00013065338134765625
FBLN1	1.9028016701184756	28	3.993511199951172e-06
FBLN2	1.5315946734211814	26	0.0007454454898834229
FBLN5	0.9733566384507836	28	0.0003059804439544678
FBN1	-0.015513350937831814	28	0.7792982533574104
FBN2	0.35187637691994106	16	0.705718994140625
FBP1	-0.4939895696169576	21	0.2877340316772461
FBXL8	0.9159786932332222	11	0.6376953125
FBXO21	0.09122251922270888	5	
FBXO22	0.31598282042161596	18	0.6705245971679688
FBXO3	0.7830286231873895	6	0.5625
FBXO38	1.7050159113673051	12	0.02099609375
FBXO7	0.06468686485660133	24	0.19737839698791504
FCGBP	-2.23644158595347	26	8.940696716308594e-08
FCGRT	-0.7932007984398537	28	3.203749656677246e-07
FCHO2	-0.4178525148858977	17	0.1323699951171875
FDFT1	0.41616175372174924	22	0.1761918067932129
FDPS	0.4475290274813979	28	0.006548762321472168
FDXR	0.42001179265331706	27	0.1348898708820343
FECH	-1.4699316931122273	9	0.0078125
FEN1	1.1030485696813415	28	4.830211400985718e-05
FERMT1	1.4428155634889706	12	0.0341796875
FERMT2	0.3215690035548806	28	0.27407141774892807
FERMT3	-0.00429730762360906	28	0.1935620754957199
FES	0.1378781524368515	16	0.93988037109375
FGA	1.0956331793683054	28	0.004060737788677216
FGB	1.150287850913069	28	0.0015547871589660645
FGD4	-0.9786271349122035	6	0.4375
FGD5	0.20848765176016815	26	0.49919503927230835
FGFR1OP	-0.058681838801242905	12	0.9697265625
FGG	0.34484986597598044	28	0.5823858305811882
FH	-0.7722448050117192	28	0.0005833879113197327
FHIT	0.416348444431191	23	0.09798812866210938
FHL1	-0.8160807026590058	27	0.00016239285469055176
FHOD1	0.6178624445120164	10	0.625
FIBP	1.8947365840457828	16	0.002685546875
FILIP1L	0.8484464142828079	9	0.12890625
FIP1L1	0.28754672136017545	28	0.05049888789653778
FIS1	0.8303577381758116	20	0.082550048828125
FKBP11	-0.14727290523558903	28	0.6295278295874596
FKBP15	0.5338026443098108	23	0.9168474674224854
FKBP1A	0.27703824660491366	28	0.14377250522375107
FKBP2	-0.26636189115888104	28	0.07353667169809341
FKBP3	0.4096808689007454	28	0.01362369954586029
FKBP4	0.6330348655089986	28	0.033681392669677734
FKBP5	0.18937991717365749	28	0.1935620754957199
FKBP7	1.5133105049919586	15	0.00115966796875
FKBP8	0.15195855500009492	10	1.0
FKBP9	1.3698692274888669	24	0.0012379884719848633
FLAD1	0.5299072091552784	26	0.009382545948028564
FLII	0.8087470082305819	28	0.011838570237159729
FLNA	0.03993999347282703	28	0.27407141774892807
FLNB	0.018898879361242047	28	0.5670346617698669
FLNC	-0.36023552945037657	28	0.22697687149047852
FLOT1	-0.46478369346310355	21	0.04599285125732422
FLOT2	-0.2447194877754098	28	0.09456419944763184
FMNL1	0.938608298657314	9	0.203125
FMNL2	0.31211380506040665	13	0.243896484375
FMOD	0.7705465379172427	28	0.01102352887392044
FMR1	1.1207796782257435	22	0.0006937980651855469
FN1	2.221360840959659	28	5.21540641784668e-07
FN3K	-1.200192797054171	6	0.03125
FN3KRP	-0.2215625146831553	27	0.9528931677341461
FNBP1	0.9695484128795403	11	0.0185546875
FNBP1L	-0.02803360774174285	14	0.9515380859375
FNBP4	0.65500783534206	12	0.0068359375
FNDC3B	1.2565303716178466	27	0.009608790278434753
FNTA	0.13011330641529878	26	0.380193829536438
FOXF1	-0.4068751293254836	19	0.0180816650390625
FOXF2	-0.4532093898080429	12	0.12939453125
FOXK1	1.4621097241787382	21	0.00029277801513671875
FREM1	0.9702691334885509	6	0.0625
FRG1	0.239248625540898	8	0.078125
FRK	-0.10382510015611143	14	0.5015869140625
FRYL	-0.3602375406135682	26	0.14271590113639832
FSCN1	1.000547509103293	28	0.0007162094116210938
FTH1	0.2430152515409987	20	0.9272785186767578
FTL	1.2855241739285894	28	1.1049211025238037e-05
FTO	0.5697971628259767	28	0.18578492105007172
FTSJ3	1.8736736062039945	9	0.01171875
FUBP1	0.7095586892883969	28	0.0008751451969146729
FUBP3	0.693562821100792	28	0.0001721307635307312
FUCA1	-1.301808508000158	28	5.677342414855957e-06
FUCA2	-0.16999226779229024	5	
FUK	0.2902850905064354	28	0.5075842142105103
FURIN	0.2517387801726176	7	0.375
FUS	0.9646042902115188	27	0.003247186541557312
FUT11	0.3103057575031534	5	
FXR1	0.6815363943621404	28	0.01362369954586029
FYCO1	0.20314866508652746	10	0.064453125
FYTTD1	-0.3517712793929647	16	0.252227783203125
G3BP1	1.555134458645567	27	0.0002668797969818115
G3BP2	0.5110405342668931	8	0.640625
G6PD	0.07985840414711251	28	0.6455853804945946
GAA	-0.125318828666446	28	0.9018996506929398
GABARAPL2	-0.8089897041485495	5	
GABPA	0.8826632618018984	24	0.0039006471633911133
GAK	-0.2099514161539783	28	0.21827305853366852
GAL3ST2	-0.5465671219841458	7	0.9375
GALC	0.132295955821214	11	0.9658203125
GALE	0.2411214603930907	28	0.6618045940995216
GALK1	0.19172981256226643	28	0.17823376506567
GALK2	0.6162343464999503	25	0.20993918180465698
GALM	0.3719898193755546	28	0.1637990102171898
GALNS	0.40948575359630707	25	0.2634761333465576
GALNT12	-1.9559691606727305	5	
GALNT2	1.0393433929087146	27	0.0042315274477005005
GALNT3	0.2386501794156981	22	0.4825911521911621
GALNT7	0.15789743517899746	26	0.8221841156482697
GALT	-0.44592083131015	5	
GAN	0.9169573000914043	24	0.00023925304412841797
GANAB	0.29384049528169465	28	0.028050199151039124
GAPDH	0.5064228334596066	28	0.0015547871589660645
GAPVD1	-0.5581056608463558	24	0.8553357124328613
GAR1	0.8451262717435721	28	0.008224666118621826
GARS	1.1393008820188562	28	2.7544796466827393e-05
GART	0.9284655922207012	28	0.0020434409379959106
GATAD2A	0.8778376402938931	5	
GATC	1.0883905477553617	8	0.078125
GBA	-0.20278339464070058	28	0.6618045940995216
GBAS	0.12755277226692419	27	0.7317177355289459
GBE1	0.9192522726192788	27	0.013010844588279724
GBF1	0.26098870383835565	28	0.09456419944763184
GBP1	0.17452468184917308	28	0.2015676274895668
GBP2	0.05696469628196075	21	0.6091489791870117
GBP3	0.10760897408659652	5	
GBP5	0.08360569935602023	22	0.3705310821533203
GC	0.912992256820351	28	0.0007162094116210938
GCA	0.8159903706080038	28	1.1049211025238037e-05
GCDH	0.40804589383980616	26	0.2269585132598877
GCG	-1.8491613446279076	16	0.000152587890625
GCLC	-0.15461176109536867	28	0.7621389999985695
GCLM	0.29557420121174927	20	0.0758514404296875
GCN1L1	0.4801644630729684	28	0.007629185914993286
GDI1	1.0347617295299711	28	1.5422701835632324e-06
GDI2	0.36785940456243127	28	0.0008751451969146729
GDPD3	-1.303109878158344	21	0.0005102157592773438
GFM1	0.7116095724786051	28	0.01025690883398056
GFM2	-1.0062798601999354	26	0.035724371671676636
GFPT1	0.27921992755613423	28	0.7281656339764595
GGA2	0.10716193500186758	10	0.431640625
GGACT	0.4258271102149292	17	0.120208740234375
GGCT	0.3751848251313716	20	0.36827659606933594
GGH	1.1855375312110452	28	0.01362369954586029
GGPS1	0.9165573019028738	12	0.12939453125
GGT5	-0.5877255828318434	28	0.033681392669677734
GGT7	1.998033085587526	12	0.09228515625
GHDC	0.8740590041901434	28	0.007629185914993286
GIGYF2	1.7544047325701833	26	0.0007454454898834229
GIMAP1	-1.1063352764107495	17	0.050537109375
GIMAP4	-0.9361308487049207	27	0.0012526363134384155
GIPC1	-0.519036723105278	28	0.3272097110748291
GIPC2	-0.08420207308405349	21	0.7334699630737305
GIT1	0.5567914032437205	27	0.01506437361240387
GIT2	0.056550645783625744	8	0.640625
GLA	1.6827623047997384	8	0.640625
GLB1	-1.6681199941267013	28	0.009536407887935638
GLG1	0.6100430737057185	28	0.0006467849016189575
GLIPR2	-1.0464277112692622	10	0.048828125
GLMN	1.2871377428113644	5	
GLO1	1.2278688120481343	28	8.195638656616211e-07
GLOD4	-0.06691647333064764	28	0.33856552094221115
GLRX	0.1655698508177397	27	0.2021402269601822
GLRX3	1.0201885501045802	28	0.0026621222496032715
GLRX5	0.41147791200939576	28	0.01362369954586029
GLS	0.4802492364041177	28	0.014598868787288666
GLUD1	0.0948742547364019	28	0.5670346617698669
GLUL	0.8167361583519132	23	0.0354313850402832
GLYR1	0.6397895562999731	24	0.02112710475921631
GM2A	-0.41468909234435386	17	0.079681396484375
GMDS	-0.11978126104869251	28	0.8489041775465012
GMFB	-0.07057501887372411	28	0.5075842142105103
GMFG	-0.019868448774078732	14	0.855224609375
GMIP	1.0283753203662431	20	0.002712249755859375
GMPPA	-0.2658522663986584	28	0.17090606689453125
GMPPB	-0.21523495844515034	28	0.1199713721871376
GMPR2	0.09722180771266806	19	0.3954620361328125
GMPS	1.775112812800868	28	3.17990779876709e-05
GNA11	-0.5380974044209559	27	0.0012526363134384155
GNA13	-0.22434954741497143	28	0.007629185914993286
GNAI2	-0.11800911796255253	28	0.017886914312839508
GNAI3	-0.6749076402559679	10	0.10546875
GNAO1	-1.0478237122296243	24	0.0009626150131225586
GNAQ	-0.1591527472184108	25	0.19081425666809082
GNAS	0.2145529778932738	28	0.27407141774892807
GNB1	-0.4075495032474563	27	0.001529410481452942
GNB2	-0.5041824241725672	26	0.0009347796440124512
GNB2L1	0.3583306277247782	28	0.08145394921302795
GNB4	-0.23979770751376223	18	0.16735076904296875
GNE	-0.9966151191642455	22	0.010324478149414062
GNG12	0.31870627985405525	10	0.921875
GNL1	0.7989987610903829	27	0.0022483021020889282
GNL3	2.2417396274705657	27	0.00020888447761535645
GNPAT	1.309151872598456	13	0.068115234375
GNPDA1	0.3380197781193388	26	0.035724371671676636
GNPNAT1	-0.19363153612844544	27	0.21085703372955322
GNPTG	-0.0005020667783028274	12	0.67724609375
GNS	1.5730928410589953	13	0.039794921875
GOLGA2	-0.0029665671635659913	27	0.8593128323554993
GOLGA3	-0.3566761579445731	25	0.9578450322151184
GOLGA4	0.16597768129256035	14	0.9515380859375
GOLGB1	0.3220501669943416	28	0.813923291862011
GOLIM4	-0.01047937592158452	24	0.6839864253997803
GOLM1	-0.6766209448347558	26	0.014006495475769043
GOLPH3	-0.39949193334321603	23	0.13413381576538086
GOLPH3L	-0.716696518728949	17	0.017425537109375
GOLT1B	0.8128597418931875	24	0.05642664432525635
GOPC	-0.20200258580987152	14	0.5830078125
GORASP2	0.9767947025720776	20	0.01531219482421875
GOSR2	0.4667455294389901	5	
GOT1	-0.7047171939687265	28	4.2110681533813477e-05
GOT2	0.18943464982332525	28	0.25451332330703735
GPA33	-1.2694010147244492	27	0.00010977685451507568
GPAA1	4.136810642103275	7	0.046875
GPD1L	-0.37946536078452164	25	0.036682069301605225
GPD2	-2.2939081046475103	28	1.259148120880127e-06
GPHN	0.45210163352230115	20	0.013616561889648438
GPI	0.44322654303270875	28	0.0004729032516479492
GPRC5A	2.9262134011626197	6	0.03125
GPS1	0.4001662045783916	28	0.3052256628870964
GPT	-1.9302887033340754	6	0.03125
GPX1	0.0671939017358832	28	0.551873967051506
GPX2	0.23073794003508757	26	0.49919503927230835
GPX3	-0.3172464468251807	28	0.5369088649749756
GPX4	-0.020396332272296452	28	0.5075842142105103
GRAMD1A	0.02417981249512686	9	0.5703125
GRB2	-0.07231919820812466	28	1.0
GRB7	2.379444610466926	11	0.0029296875
GRHPR	0.004677502271222669	28	0.9374814853072166
GRIPAP1	-0.07160894910784175	17	0.8899688720703125
GRK5	0.6819978356204225	7	0.46875
GRPEL1	1.0028018945316723	25	0.001625359058380127
GRSF1	0.4575815811422408	28	0.006060026586055756
GRWD1	1.1234550819802984	13	0.026611328125
GSDMB	0.4408457652743786	19	0.6507492065429688
GSDMD	0.5463696358628822	27	0.2483380287885666
GSK3A	0.2324159285915735	20	0.2773551940917969
GSK3B	-0.4778670548586732	10	0.4921875
GSKIP	-1.577395270049348	13	0.039794921875
GSN	-0.019466951381265037	28	0.813923291862011
GSPT1	1.3499752191925634	20	0.04405403137207031
GSR	-0.35901009307208387	28	0.003738619387149811
GSS	-0.16297151897609746	28	0.13146880269050598
GSTK1	-0.08648889605092797	28	0.9196710959076881
GSTM2	-2.325893360894978	13	0.004638671875
GSTM3	0.3011368461208308	28	0.17823376506567
GSTO1	0.8410646943886795	28	1.765042543411255e-05
GSTP1	1.1404595003047384	28	8.195638656616211e-07
GSTT1	-0.8741855470794597	12	0.09228515625
GTF2A1	0.3513863626142536	18	0.2121429443359375
GTF2B	0.5546972431212651	19	0.049365997314453125
GTF2F1	1.7769576779324887	12	0.01220703125
GTF2F2	1.3950934640635662	24	0.0020009279251098633
GTF2I	1.0984595482352701	28	0.00015273690223693848
GTF3C1	0.3936463615548327	24	0.10109639167785645
GTF3C4	1.6629650127224294	27	9.59634780883789e-05
GTF3C5	0.819884600974327	9	0.07421875
GTPBP1	1.8211369928052583	25	0.00016230344772338867
GTPBP2	0.2633862642849649	19	0.08742904663085938
GTPBP3	-0.4371434424342787	5	
GTPBP4	1.2545782931932794	14	0.0052490234375
GUF1	-0.07088348615650993	11	0.8310546875
GUK1	0.6888897890442509	22	0.0021948814392089844
GUSB	0.14222090642921154	26	0.7453929781913757
GYG1	0.39976427764913397	27	0.02142883837223053
GYS1	0.6878166447615718	27	9.59634780883789e-05
GZMK	1.678325652661573	21	8.392333984375e-05
H1F0	0.08977447417474926	28	0.4247525781393051
H1FX	-0.22595173055015114	28	0.01025690883398056
H2AFY	0.05912083689415354	28	0.35016296058893204
H2AFY2	0.04149464742931381	28	0.831373319029808
H6PD	0.6431224331307888	28	0.00019368529319763184
HAAO	-0.7141025515364644	17	0.007904052734375
HADH	-0.5813560403484069	28	6.318092346191406e-05
HADHA	-0.5100545843028231	28	0.00027351081371307373
HADHB	-0.24205725285589103	28	0.23591722548007965
HAGH	-0.1711743500533881	28	0.06981273740530014
HARS	0.32718051956849237	28	0.020409412682056427
HAT1	1.8741471398794902	22	0.0008091926574707031
HAUS2	-0.2928661953561139	7	0.46875
HAX1	1.5996620475620995	8	0.015625
HBB	-0.3853871580279532	28	0.042608387768268585
HBD	-0.566061713352734	28	0.019113145768642426
HBS1L	0.6915621388532985	5	
HCCS	0.7219532185662645	18	0.16735076904296875
HCFC1	0.36224952546663425	24	0.45587432384490967
HCK	0.9772378738212291	19	0.007144927978515625
HCLS1	-1.2301568707755737	27	0.0010209232568740845
HDAC1	0.554532598068944	12	0.0341796875
HDAC2	0.8965710162581586	25	0.00028705596923828125
HDAC6	0.26681935345525737	25	0.8739878535270691
HDGF	0.2418765203602151	28	0.14377250522375107
HDGFRP2	0.030477489186694916	13	0.83935546875
HDGFRP3	-0.11402032840673712	14	0.8077392578125
HDHD1	0.5976493612870697	15	0.52447509765625
HDHD2	-0.6668149336074729	20	0.06372261047363281
HDHD3	-0.4922800180548876	28	0.09002415090799332
HDLBP	0.16457806298556582	28	0.20980393886566162
HEATR1	2.7415383239560303	19	3.814697265625e-05
HEATR2	1.7803781770036	21	0.005541801452636719
HEATR3	0.9354281745877805	18	0.0897674560546875
HEATR5A	-1.3635071986387617	19	0.040130615234375
HEATR5B	0.3144020486004404	28	0.2015676274895668
HEBP1	0.2877657751456905	25	0.0067255496978759766
HEBP2	5.545249959143511	26	2.6941299438476562e-05
HECA	0.5323906893451085	24	0.007920503616333008
HECTD1	0.30985526258678725	11	0.123046875
HECTD3	0.46226714590488005	16	0.274444580078125
HECTD4	-0.3383733942898086	22	0.018956661224365234
HELLS	0.41044350207376884	10	0.322265625
HEPH	0.376176010491601	26	0.5822249948978424
HERC1	-0.10691520391651207	17	0.963226318359375
HERC4	-0.3718457877767406	28	0.26417163759469986
HEXA	0.07703066007427718	28	0.9374814853072166
HEXB	-0.0856357743825158	28	0.8841757625341415
HGD	-0.4517636562305583	9	0.1640625
HGS	-1.2901193566566864	17	0.0714111328125
HIBADH	0.41295414606463265	28	0.0451183095574379
HIBCH	-0.6136032079087608	28	0.0017047896981239319
HID1	1.9603017705961538	8	0.0546875
HINT1	-0.08760964518687414	28	0.831373319029808
HINT2	-0.5738777174727113	28	0.0015547871589660645
HINT3	0.39182635684401823	7	0.296875
HIP1	0.31231363872536516	8	0.3125
HIRA	0.38091265950651104	7	0.15625
HIST1H1B	0.23722173882325093	28	0.03575380891561508
HIST1H1C	-0.17849918350292138	28	0.11451615393161774
HIST1H2BA	-0.021110430174435414	27	0.5303222090005875
HK1	0.1686594667223934	28	0.25451332330703735
HK2	-0.1660307815745327	26	0.18135443329811096
HK3	0.48689403597310155	24	0.10738253593444824
HLA-A	-0.04269744747026553	28	0.5823858305811882
HLA-B	-0.040263697121975056	28	0.8489041775465012
HLA-C	-0.0011253878434739919	27	0.4996110200881958
HLA-DPA1	-1.1788444504255395	13	0.021484375
HLA-DQA1	-0.6571190219775054	5	
HLA-DRA	-0.5743687355983346	28	0.006060026586055756
HLA-E	0.27106837046813814	5	
HLA-F	-0.23399046287038655	16	0.743560791015625
HM13	0.803819179606236	27	0.005940347909927368
HMBS	0.6796702443579343	24	0.019441962242126465
HMG20A	0.11471466480761008	27	0.1854744255542755
HMGB1	0.3677720862841838	28	0.021778732538223267
HMGB2	0.30144177348704637	9	0.25
HMGB3	0.824285719520291	27	0.03620612621307373
HMGCL	-0.6802430041542651	27	0.0022483021020889282
HMGCS1	-0.6079030584708012	19	0.040130615234375
HMGCS2	-1.3231023962332467	25	0.0005564093589782715
HMGXB4	1.840266732152401	7	0.46875
HMOX1	-0.3579391462571504	19	0.4653167724609375
HMOX2	0.483199133836657	26	0.012952595949172974
HN1	0.3578260701327922	15	0.22930908203125
HN1L	1.0617139193850154	25	0.05157625675201416
HNMT	0.08154636484811113	26	0.9204553663730621
HNRNPA0	-0.027299805035575306	28	0.7113664001226425
HNRNPA1	0.7316482240719755	21	0.0062808990478515625
HNRNPA2B1	0.6184417241407867	28	0.003438994288444519
HNRNPA3	0.7672142437048755	28	0.0056031495332717896
HNRNPAB	1.0049247511888444	28	0.01102352887392044
HNRNPC	0.5207377217068447	28	0.004060737788677216
HNRNPD	0.3479876096859366	28	0.003438994288444519
HNRNPDL	0.4680310581750111	28	0.0017047896981239319
HNRNPF	0.14984412714892528	28	0.22697687149047852
HNRNPH1	0.49549436892790394	28	0.017886914312839508
HNRNPH2	0.5860555478323048	28	0.021778732538223267
HNRNPH3	0.27648280147942755	28	0.026356667280197144
HNRNPK	0.40992648380741203	28	0.01563260704278946
HNRNPL	0.5312766295897124	28	0.0024397894740104675
HNRNPLL	0.485162403591626	17	0.079681396484375
HNRNPM	0.5981221975305904	28	0.0026621222496032715
HNRNPR	0.2945370901774824	28	0.003160528838634491
HNRNPU	0.34911447115237004	28	0.009536407887935638
HNRNPUL1	0.5815403731788371	28	0.006060026586055756
HNRNPUL2	-0.14886098457275457	28	0.05049888789653778
HP	0.22196330920527307	28	0.26417163759469986
HP1BP3	0.139346264907511	28	0.9374814853072166
HPCAL1	0.43655685223324736	27	0.3361395001411438
HPGDS	-1.430667911951455	22	0.000255584716796875
HPRT1	1.239226612207971	28	5.529820919036865e-05
HPX	0.12608539021989645	28	0.33856552094221115
HRG	0.4146099371594496	28	0.01025690883398056
HRSP12	0.599434497264747	24	0.49079859256744385
HS1BP3	0.37395151291415396	28	0.09002415090799332
HSBP1	0.5351895518040107	12	0.20361328125
HSD11B2	-2.4366167123310967	26	1.4901161193847656e-07
HSD17B10	0.35562011376487157	28	0.10925160348415375
HSD17B11	-0.8082161338529448	28	4.2110681533813477e-05
HSD17B12	0.6485073120281662	27	0.000667765736579895
HSD17B2	0.050331816467912446	21	0.945744514465332
HSD17B4	-0.059499084406029745	28	0.7113664001226425
HSD17B7	0.3884372297431937	15	0.00537109375
HSD3B7	0.5135404633791557	19	0.0289306640625
HSDL2	0.1957772069056511	28	0.813923291862011
HSP90AA1	0.744308890242982	28	4.2110681533813477e-05
HSP90AB1	0.6301427146654881	28	0.0003059804439544678
HSP90B1	0.042878337494853286	28	0.9910601079463959
HSPA12A	-1.4481927894381046	18	0.02081298828125
HSPA12B	-0.3076144979252903	16	0.17535400390625
HSPA13	0.4753636463935071	15	0.0301513671875
HSPA14	1.8442915196749328	13	0.021484375
HSPA2	0.7465397232539022	28	0.0008751451969146729
HSPA4	0.85513586286008	28	8.20159912109375e-05
HSPA5	0.3446513992940088	28	0.011838570237159729
HSPA8	0.6278022191088144	28	7.204711437225342e-05
HSPA9	0.726881700796318	28	0.0007921457290649414
HSPB1	0.5864161150985441	28	0.033681392669677734
HSPB2	-0.06658222288527009	7	0.8125
HSPB6	-1.1897164478517976	24	0.001092672348022461
HSPB7	0.035862483919865865	18	0.5798416137695312
HSPD1	1.1261930148165835	28	0.00011970102787017822
HSPE1	1.4757243484774043	28	9.319186210632324e-05
HSPG2	-0.1028823155260303	28	0.5369088649749756
HSPH1	1.3592403685454935	28	0.0010645166039466858
HTATIP2	-1.4108901081380927	23	4.935264587402344e-05
HTATSF1	0.8056616378600531	28	0.020409412682056427
HTRA1	1.3951929400516345	21	0.0018587112426757812
HTRA2	1.2478323185128306	25	0.0626264214515686
HTT	-0.7085371858396887	11	0.4130859375
HUWE1	1.4110381023257546	28	2.7641654014587402e-06
HYOU1	0.08374193401471798	28	0.5075842142105103
IAH1	0.5111914761793188	28	0.01102352887392044
IARS	0.5869826718893054	28	0.020409412682056427
IARS2	0.7697701315386168	28	0.006060026586055756
IBA57	-0.17571726629980094	16	0.596588134765625
ICAM1	0.42883600607976846	26	0.031220704317092896
ICAM3	-0.3209349455921753	16	0.705718994140625
ICT1	0.17392152889406481	10	0.10546875
IDE	1.050455038102421	25	0.04512268304824829
IDH1	0.15739310131263534	28	0.4117337390780449
IDH2	-0.11544679317468981	28	0.1199713721871376
IDH3A	-0.04740476809839457	28	0.9018996506929398
IDH3B	-0.7645557525152504	24	0.20761656761169434
IDH3G	-0.3527168494633184	27	0.003877997398376465
IDI1	0.249896073916822	25	0.14091521501541138
IDUA	-3.3650450531425955	8	0.0546875
IER3IP1	1.228015880624053	8	0.1953125
IFI16	-0.2744287121295429	26	0.380193829536438
IFI35	0.9953515350260167	18	0.2121429443359375
IFIT3	0.27729509895896376	5	
IGBP1	0.6254392418319219	28	0.021778732538223267
IGF2BP2	1.6818607815273152	22	0.0005044937133789062
IGF2R	0.7640105053307464	28	0.0004249662160873413
IGFBP2	-1.7004806652913853	21	0.00019741058349609375
IGJ	-1.2618665536126543	20	0.001689910888671875
IGLL5	-0.6847200767460998	28	3.17990779876709e-05
IK	0.7166408910026952	19	0.044559478759765625
IKBKAP	2.851730662885207	14	0.0352783203125
IKBKB	0.16175106999661235	9	0.5703125
IL16	-1.2026889966787844	20	0.03276824951171875
IL18	0.9714411306963113	5	
IL4I1	0.17864083797030428	24	0.5838061571121216
ILF2	0.5477417567681715	28	0.01025690883398056
ILF3	0.9151428641588087	28	1.765042543411255e-05
ILK	0.13046116532550506	28	0.22697687149047852
ILKAP	1.3006666344833546	5	
ILVBL	0.07120126016739112	28	0.831373319029808
IMMT	0.1460690221297966	28	0.4117337390780449
IMP3	1.1625707015954172	19	0.000522613525390625
IMPA1	-0.6166951110562289	27	0.01738584041595459
IMPACT	-0.0618329424017992	11	1.0
IMPAD1	0.465426227685203	6	0.6875
IMPDH2	0.5933165111136942	28	0.0008751451969146729
INA	0.26778371598510003	23	0.8932116031646729
INF2	0.15277073160100718	28	0.8841757625341415
INPP1	-0.14890790828229872	26	0.8612560033798218
INPP4A	-1.015778812489808	9	0.09765625
INPP5D	1.226316183292711	9	0.1640625
INPPL1	0.9085769722364051	11	0.0244140625
INTS1	3.6643293574045597	16	0.002685546875
INTS10	0.9084164498394787	9	0.1640625
INTS3	0.9591565151162003	21	0.20291709899902344
INTS4	1.555293899617307	5	
INTS9	0.3083188746024356	27	0.1698138564825058
IPO4	1.4357552657691757	5	
IPO5	0.6810453742746293	28	0.004060737788677216
IPO7	0.6899952316668063	28	0.017886914312839508
IPO8	0.11082455658001444	23	0.2725830078125
IPO9	1.3999219349068797	28	4.830211400985718e-05
IQGAP1	-0.15753290193675418	28	0.2015676274895668
IQGAP2	-0.316387303432789	28	0.0007162094116210938
IRF2BP1	0.8823713297940564	25	0.00028705596923828125
IRF2BP2	1.0118939446727502	28	0.00027351081371307373
IRF2BPL	0.7660893091377813	23	0.027674198150634766
IRF3	-0.2824799328807059	19	0.3524589538574219
IRF4	-1.300622911777993	18	0.00157928466796875
IRF6	-0.13835280199265776	5	
IRF9	0.5839031976593281	7	0.109375
IRGQ	-0.3923864821785289	28	0.042608387768268585
ISCA2	-0.574464018641896	27	0.018655240535736084
ISG15	0.9320395038874066	20	0.039989471435546875
ISG20	-1.1570091135570266	15	0.27685546875
ISLR	1.9018760769450327	5	
ISOC1	-0.3668645902858322	28	0.006548762321472168
ISOC2	-0.36783382439438855	25	0.15633821487426758
IST1	-0.04388440070166863	28	0.9553221687674522
ITCH	0.5407497953888317	11	0.0673828125
ITFG3	-0.1071511876312391	14	0.5830078125
ITGA1	0.11479858415609492	26	0.6893201172351837
ITGA2	0.7534812234053939	28	0.016727693378925323
ITGA3	-0.32619379726590675	27	0.016190022230148315
ITGA5	1.001924741764748	23	0.021372318267822266
ITGA6	0.2195365084979848	28	0.26417163759469986
ITGA7	2.8630862426778902	7	0.046875
ITGAM	0.8862578339508117	15	0.359130859375
ITGAV	1.7917401531163812	28	7.964670658111572e-06
ITGB1	0.3424562043213069	28	0.033681392669677734
ITGB2	1.963356309672351	27	8.372962474822998e-05
ITGB3	1.4363623127569374	8	0.25
ITGB4	-0.1695598721377185	28	0.004060737788677216
ITGB5	-0.07010902964794702	24	0.6431422233581543
ITIH1	0.10205747954864519	28	0.38639477640390396
ITIH2	-0.10607795349895514	28	0.6618045940995216
ITIH4	0.727051073593368	27	0.029904991388320923
ITIH5	-3.848672359617952	7	0.03125
ITLN1	-1.0290949665515248	21	0.0006074905395507812
ITLN2	-0.42618535661965323	6	0.15625
ITM2B	0.09599170956448175	20	0.49800872802734375
ITM2C	-1.1875617547432797	11	0.0537109375
ITPA	0.3201639547668535	27	0.014005735516548157
ITPK1	0.6761782653861071	19	0.060207366943359375
ITPR1	0.001654466971329508	27	0.5303222090005875
ITPR2	1.3540901050537337	27	0.002468690276145935
ITPR3	0.5395073553873072	26	0.26870664954185486
IVD	0.14062120583992632	28	0.7281656339764595
IWS1	1.0015845087159918	9	0.0078125
JAK1	-0.7104933828050153	11	0.7646484375
JMJD6	2.048587850431465	5	
JUP	0.0626262550025061	28	0.9196710959076881
KANK2	-0.7184685340887186	27	0.03399476408958435
KARS	0.5656093976389616	28	0.00021760910749435425
KBTBD11	-0.8186733916666269	17	0.00933837890625
KCMF1	-0.5202286025317259	16	0.2978515625
KCTD12	-0.19205114349378388	28	0.03575380891561508
KDELC2	0.860351986727214	28	0.00021760910749435425
KDM1A	0.5404558071329325	27	0.005023345351219177
KDSR	-0.9860772884095398	6	0.21875
KHDRBS1	0.28646009939619554	28	0.33856552094221115
KHSRP	0.7707475797676657	28	0.0005833879113197327
KIAA0100	0.19052190604942584	7	0.375
KIAA0196	0.5087992380778019	28	0.13146880269050598
KIAA0355	-3.2594719625684685	5	
KIAA0368	0.7352444686310158	28	0.0009657368063926697
KIAA1033	0.48993467541649893	26	0.03466993528230681
KIAA1217	0.9717782613199344	25	0.09031611680984497
KIAA1324	-0.16278788859415222	10	0.76953125
KIAA1429	1.5469346662136605	26	0.00010919570922851562
KIAA1468	-0.27897531065053593	28	0.4514767527580261
KIAA1522	-0.0957036526383572	14	0.2957763671875
KIAA1524	1.314627864393402	6	0.03125
KIAA1598	-0.4233715638815716	23	0.06981706619262695
KIAA1715	-0.2074083086348315	27	0.3011907488107681
KIAA1967	0.13086834762137434	28	0.33856552094221115
KIAA2013	-0.17525207681348265	22	0.3369474411010742
KIF13A	0.36648626828012776	26	0.03341016173362732
KIF13B	-0.6792930201405109	28	0.003438994288444519
KIF1B	-0.20699232804270226	5	
KIF21A	-0.28046494828283663	13	0.587890625
KIF2A	1.6727306600932725	14	0.013427734375
KIF5B	0.40469067318664065	28	0.053377434611320496
KLC1	1.3236658006109674	26	0.0003636479377746582
KLC4	0.04231230230335234	25	0.936802864074707
KLHDC10	0.12120407772078436	6	0.84375
KLK1	-0.8615818549376861	8	0.109375
KMT2B	0.7079497908954173	6	0.03125
KNG1	0.08641077474666001	28	0.6295278295874596
KPNA2	2.6039873264029123	21	0.0006074905395507812
KPNA3	0.9542947329293139	28	0.0003418475389480591
KPNA4	0.9296160443956741	28	0.00010570138692855835
KPNA6	0.9732928247526617	7	0.03125
KPNB1	0.5068185452817491	28	0.006060026586055756
KRAS	0.45385280964296926	6	0.21875
KTN1	0.000259037203653608	28	0.8665077835321426
L1CAM	-1.69874257227926	9	0.01953125
L2HGDH	0.2619353291863924	15	0.27685546875
LACTB	0.18703402639743472	19	0.8287849426269531
LACTB2	1.03757156002507	26	0.0002480149269104004
LAD1	0.855005899463675	27	0.09056484699249268
LAGE3	0.008255788142199908	25	0.5424043536186218
LAMA2	-0.9673655941040203	21	0.026330947875976562
LAMA3	1.2153187965350252	13	0.039794921875
LAMA4	0.22019229216279382	28	0.156909741461277
LAMA5	-0.8011952370397413	28	0.0024397894740104675
LAMB1	0.24241557667326188	28	0.05049888789653778
LAMB2	-0.9108995362197022	28	0.001416526734828949
LAMB3	0.9208090098046855	16	0.104583740234375
LAMC1	-0.21273532330234218	28	0.1637990102171898
LAMC2	0.6156592979440726	19	0.8905677795410156
LAMP1	-0.14416962252356627	9	0.65234375
LAMP2	0.7225332541403537	28	0.0005833879113197327
LAMTOR1	0.43030503621117067	28	0.040213532745838165
LAMTOR2	-0.256629960729098	21	0.2877340316772461
LAMTOR3	0.25089204996358605	28	0.20980393886566162
LAMTOR5	-0.03868590369174676	9	0.42578125
LANCL1	0.6431598946425192	26	0.005612879991531372
LANCL2	0.05945318179006928	15	0.76153564453125
LAP3	-0.38409031252346737	28	0.17090606689453125
LARP1	0.09030932542063541	28	0.4514767527580261
LARP4B	0.2414871932686631	21	0.39258384704589844
LARP7	0.4551933431323443	11	0.4130859375
LARS	0.5016589528528608	28	0.0022339224815368652
LARS2	0.8303826977107742	22	0.0542454719543457
LASP1	0.23000033552900961	28	0.09002415090799332
LBR	0.4560044087152244	28	0.07741569727659225
LCLAT1	0.24379159764758818	28	0.13751810044050217
LCMT1	0.4378610961523045	22	0.1054534912109375
LCN2	0.7611553711873501	12	0.26611328125
LCP1	0.33460098064850097	28	0.3052256628870964
LCP2	-0.47668063290918694	10	0.625
LDHA	0.9248539295244155	28	0.00011970102787017822
LDHB	0.599594256426683	28	0.00010570138692855835
LEMD2	0.5948831350173532	28	0.0007921457290649414
LEMD3	0.36343115990022284	25	0.023649930953979492
LETM1	-0.09963613594218751	28	0.7113664001226425
LETMD1	-0.21103662356527692	7	0.578125
LGALS1	0.4099558541051529	28	0.0017047896981239319
LGALS2	-0.9124134196422992	14	0.013427734375
LGALS3	-0.7584692868366725	28	0.003438994288444519
LGALS3BP	0.543400324950585	28	0.014598868787288666
LGALS4	-0.8681727567504538	28	2.4586915969848633e-07
LGALS9	0.2580453848605059	28	0.3272097110748291
LGMN	-1.094748000380961	27	0.001529410481452942
LHPP	-0.7630686579861357	22	0.003239154815673828
LIG3	1.3163807972811683	24	0.0039006471633911133
LIMA1	-0.31034197999605395	27	0.02623094618320465
LIMK2	-0.9516055997533963	5	
LIMS1	0.8400394363860026	28	2.380460500717163e-05
LIMS2	2.1266627092388664	8	0.0078125
LIN7C	0.9101213873376333	9	0.203125
LIPA	-0.6351706384196036	17	0.0347900390625
LLGL1	-2.0526756701133126	5	
LLGL2	-0.7608463204222888	27	0.09056484699249268
LMAN1	-0.1607429107908832	28	0.23591722548007965
LMAN2	0.332506674333341	28	0.35016296058893204
LMAN2L	-1.6466978150403027	27	1.043081283569336e-06
LMCD1	1.4249763675292901	10	0.048828125
LMF2	0.6054729044950611	19	0.168792724609375
LMNA	-0.1556329524961249	28	0.040213532745838165
LMNB1	0.46422161302079246	28	0.0015547871589660645
LMNB2	0.31233415524751923	28	0.024749115109443665
LMO7	1.4662609648029807	24	0.0004298686981201172
LMOD1	-0.7655200541776537	26	0.380193829536438
LNPEP	0.025447971889920692	27	0.6276643574237823
LOC100652741	1.6514962519768566	11	0.0048828125
LOC650157	0.13284348996624984	28	0.479096382856369
LONP1	0.8914075505003305	28	0.0009657368063926697
LPCAT1	0.25974022534617874	9	0.1640625
LPCAT2	0.6968108725366644	25	0.0010271072387695312
LPCAT3	0.3307054104862369	28	0.1935620754957199
LPCAT4	-0.8082139161378685	10	0.16015625
LPGAT1	0.8152198972380647	9	0.12890625
LPIN3	1.0352066041189154	5	
LPP	-0.6793533270190861	28	0.008859716355800629
LRBA	0.3895964555949334	28	0.1935620754957199
LRCH1	-0.48654768716889274	14	0.5830078125
LRCH4	-0.38812076625618214	17	0.7466583251953125
LRG1	0.49367846761453005	25	0.03180783987045288
LRP1	0.33332178223933995	28	0.08145394921302795
LRPAP1	1.5071721886085503	12	0.01220703125
LRPPRC	0.17915412709990036	28	0.1199713721871376
LRRC1	-0.7813012696646497	28	9.395182132720947e-06
LRRC16A	-0.3326243905288849	26	0.3031630218029022
LRRC40	0.29312940381659824	26	0.3152514398097992
LRRC47	0.1257729930684289	28	0.4117337390780449
LRRC59	0.16758271541576714	28	0.27407141774892807
LRRFIP1	0.3885258436163862	27	0.02000175416469574
LRRFIP2	0.32385040701839096	21	0.3376598358154297
LRSAM1	0.04641364653310566	6	1.0
LSM1	0.5948877179517384	28	0.0011721327900886536
LSM12	0.4947972780171056	6	0.3125
LSM14A	0.7803704226739973	28	0.0004249662160873413
LSM14B	1.6649417554414767	6	0.3125
LSM2	0.02047799117635017	28	0.813923291862011
LSM3	0.7150303966431236	28	0.003438994288444519
LSM4	0.731638585920782	15	0.45428466796875
LSM7	1.0415458084286837	24	0.022932052612304688
LSP1	-0.9788385626712626	16	0.17535400390625
LSR	0.5037600526507385	24	0.2405325174331665
LSS	-0.08303874995489145	27	0.44104358553886414
LTA4H	0.17482589273963192	28	0.49323366582393646
LTBP1	1.1454166961002155	15	0.00335693359375
LTBP4	0.5159666974050179	28	0.0051764026284217834
LTF	3.4838714176647256	24	0.00010764598846435547
LTN1	0.7379776566706279	13	0.167724609375
LTV1	0.7676321963890465	12	0.12939453125
LUC7L2	1.3879254587296899	22	2.0503997802734375e-05
LUC7L3	1.117711988802187	28	0.0020434409379959106
LUM	-0.7627241181524156	28	0.0009657368063926697
LUZP1	-0.3210420546071621	7	0.9375
LYAR	2.9810724087642213	7	0.109375
LYN	-0.2719920377061152	14	0.5416259765625
LYPD8	-0.6289094510385047	6	0.15625
LYPLA1	0.23044592295204314	28	0.10417398810386658
LYPLA2	0.24833309049258692	28	0.3620011880993843
LYPLAL1	0.777394636241211	24	0.001092672348022461
LYRM7	0.38378541627821194	24	0.060427069664001465
LYZ	1.200550111477959	26	0.05935487151145935
LZIC	0.2617693814227733	27	0.5148514956235886
LZTFL1	0.3008221912619388	15	0.083251953125
M6PR	-0.2080725817958795	24	0.5087660551071167
MACF1	2.4474937732962587	28	3.203749656677246e-07
MACROD1	1.3619345145588078	24	0.010507822036743164
MAD1L1	0.40997096188241033	17	0.2246856689453125
MAEA	-0.10997390016333146	22	0.3705310821533203
MAGED2	2.200447833267588	5	
MAGOH	0.7925295447178843	12	0.0009765625
MAGOHB	1.0836800184386086	22	2.0503997802734375e-05
MAL2	0.5297972582607804	21	0.0016002655029296875
MAN1A2	-0.01759736997226207	22	0.5660676956176758
MAN1B1	0.8202615883845674	28	0.020409412682056427
MAN2A1	-0.1729957169378979	28	0.9018996506929398
MAN2B1	0.3251199655003213	28	0.08145394921302795
MANF	-0.16497354885066523	28	0.0451183095574379
MAOA	-1.528352484107882	28	0.00015273690223693848
MAOB	0.10781943970026887	7	0.8125
MAP1A	2.608716854020573	5	
MAP1B	0.5420275682179685	18	0.02367401123046875
MAP1S	0.5283013332915705	28	0.0003059804439544678
MAP2K1	0.7702571566053804	23	0.011156558990478516
MAP2K2	0.690940972588717	21	0.1789875030517578
MAP2K3	0.430740180010047	21	0.3376598358154297
MAP2K5	-0.4554274666333984	11	0.2060546875
MAP2K7	0.7091254567644493	20	0.0042209625244140625
MAP4	0.9530776154373479	28	0.0010645166039466858
MAP7	0.6121037104902958	15	0.5994873046875
MAPK1	-0.11783845245961835	28	0.6781789660453796
MAPK13	-0.09575611748202748	27	0.8593128323554993
MAPK14	0.11585409299230506	28	0.27407141774892807
MAPK3	-0.48123893132425777	28	3.663450479507446e-05
MAPKAPK2	1.7252915056952856	9	0.0078125
MAPRE1	0.6928475037553214	28	0.0001353248953819275
MAPRE2	-0.20269298935496832	14	0.267578125
2024-03-01 00:00:00	0.2676200730390733	5	
2024-03-02 00:00:00	-0.4250410891327791	27	0.008888542652130127
MARK2	-1.1457991040882312	21	0.11934185028076172
MARK3	1.249889364268954	18	0.0005340576171875
MARS	0.7184396834936854	28	0.0010645166039466858
MARS2	1.609344017671219	9	0.09765625
MAT2A	0.743554448892648	28	0.0017047896981239319
MAT2B	0.1183382945782529	28	0.49323366582393646
MATN2	-1.6539774675444727	14	0.0003662109375
MATR3	-0.748635208412203	28	0.019113145768642426
MAVS	0.19484623831659442	27	0.3864929676055908
MBD2	0.47077949425287385	21	0.32045745849609375
MBNL1	0.44653635743794007	12	0.33935546875
MBOAT7	-0.05873256449926197	23	0.5599584579467773
MCAM	-0.5261366631129475	28	0.07353667169809341
MCAT	0.8033577705185817	12	0.1513671875
MCCC1	-0.6668841211927625	28	0.008859716355800629
MCCC2	0.6234159230450719	28	0.003738619387149811
MCFD2	-0.06652533148729288	7	0.9375
MCM2	0.6169442067078507	28	0.01025690883398056
MCM3	1.8813823482154137	27	0.0004787445068359375
MCM4	0.8881541058226485	22	0.010324478149414062
MCM5	1.3004093234637975	27	0.0020453035831451416
MCM6	2.341791236211596	24	0.0004298686981201172
MCM7	1.68583902046238	27	0.0003008991479873657
MCMBP	0.5965990780922232	7	0.375
MCTS1	0.17580268134809285	9	0.25
MCU	-0.2226802440513031	28	0.25451332330703735
MDC1	1.6240623204100963	21	0.009016036987304688
MDH1	0.2326621065145522	28	0.13146880269050598
MDH2	0.6129534080109451	28	0.002901986241340637
MDN1	2.797507136101257	7	0.015625
ME1	1.2639611121184564	22	0.017200946807861328
ME2	-0.4238423860170626	28	0.01563260704278946
MECP2	0.49746086465444406	20	0.7011814117431641
MECR	1.1486268519469924	24	0.007189035415649414
MED30	0.8493656285041593	5	
MED4	1.8308208693104293	22	0.0006937980651855469
MEMO1	0.027466131791506122	12	0.90966796875
MEP1A	0.13829061365076414	15	0.27685546875
MESDC2	0.884473248081002	18	0.3692169189453125
METAP1	0.49696488017366425	24	0.2405325174331665
METAP2	0.5401131333154491	24	0.009575724601745605
METTL1	1.8475319118388933	7	0.21875
METTL15	0.025629413642321266	5	
METTL16	1.764467088528319	6	0.03125
METTL17	0.5239527695252763	6	0.3125
METTL3	1.1419756847572156	8	0.0078125
METTL7A	-1.285990327584706	28	7.450580596923828e-08
METTL7B	-0.016510443419500788	20	0.7285060882568359
MFAP4	-0.29676188336484255	28	0.7621389999985695
MFF	-0.4442358621390884	12	0.05224609375
MFGE8	0.46890399264726673	22	0.09173250198364258
MFN1	0.3148651553713201	6	0.84375
MFN2	-0.6037061436993633	21	0.1571340560913086
MFSD10	0.2188562625178401	25	0.16449612379074097
MGAT1	0.11515965302488546	27	0.3864929676055908
MGAT3	0.694292257570968	13	0.057373046875
MGEA5	0.9657005686136876	25	0.007370948791503906
MGLL	-0.3136762695260184	26	0.24723756313323975
MGME1	0.06594625143171724	16	0.979949951171875
MGST1	-0.4591536066493285	27	0.05847424268722534
MGST2	0.364036256004502	25	0.23036134243011475
MGST3	-0.5451267259198869	28	0.0003814026713371277
MIA3	-0.6475012664843885	24	0.15998530387878418
MICAL1	0.4524162767058841	18	0.19638824462890625
MICALL2	0.13654720686831928	11	0.5771484375
MICU1	0.18116975860993498	7	0.8125
MICU2	-0.7419457053947716	11	0.123046875
MIER1	-1.6005033516169342	5	
MIF	1.0451498859231885	28	1.0207295417785645e-06
MIF4GD	0.14756917460352625	14	0.625732421875
MINK1	-0.2589286332970323	15	0.7197265625
MIOS	1.1213792388133919	5	
MIPEP	2.1231881596034126	25	0.0001398921012878418
MISP	-0.19828207278858023	28	0.17823376506567
MKI67	1.5248806038935132	10	0.037109375
MKI67IP	2.3744740174528336	20	8.20159912109375e-05
MLEC	0.3318617936131796	28	0.08145394921302795
MLLT4	0.4823671403579198	28	0.1637990102171898
MLYCD	-0.8300992828779603	19	0.06628799438476562
MMAA	0.729919361573464	12	0.30126953125
MMAB	0.5405931572371699	27	0.23857179284095764
MMP9	2.6758897684895477	18	0.00157928466796875
MMRN1	-0.6629908830081015	14	0.10400390625
MMRN2	3.2891057238028787	7	0.03125
MMS19	0.9787560428972951	28	0.0022339224815368652
MNAT1	0.7763739787244415	17	4.57763671875e-05
MNDA	0.55275511588826	16	0.17535400390625
MOB1A	0.3516537320315982	9	0.30078125
MOCS2	-1.8164850844588791	22	9.059906005859375e-06
MOCS3	0.9379873657887501	7	0.296875
MOGS	0.6591711649259187	28	0.024749115109443665
MON2	-0.316214987417743	26	0.005133181810379028
MORC3	-0.18292915337276078	11	0.7646484375
MORF4L1	0.8536670523378408	18	0.0076904296875
MOV10	0.11854178440973406	18	0.83172607421875
MPC2	0.07504177934302109	10	0.921875
MPDU1	0.01629133584415264	13	1.0
MPHOSPH10	1.1523987046193638	5	
MPHOSPH8	0.8743143635888762	10	0.005859375
MPI	-0.11545499082340521	21	0.1789875030517578
MPO	1.839921397643816	28	0.016727693378925323
MPP1	0.6870161063636866	19	0.25792694091796875
MPP5	0.48963406874811355	16	0.375457763671875
MPRIP	1.7948974602965104	18	7.62939453125e-06
MPST	0.23470204816902068	28	0.5979221016168594
MRC1	0.15275628549885978	9	0.65234375
MRC2	0.6412243073930308	28	0.042608387768268585
MRE11A	0.398723113209855	28	0.0379299521446228
MRGPRF	-0.7163273606483245	18	0.28372955322265625
MRI1	0.8327659078792408	26	0.0039003193378448486
MROH1	-0.07823534469369342	12	0.5185546875
MRP63	-0.39216795806631316	20	0.26109886169433594
MRPL1	0.06335503937762466	16	0.705718994140625
MRPL11	-1.229259017494008	19	0.24125289916992188
MRPL12	-0.004445661296124337	28	0.8665077835321426
MRPL13	1.2539780443913977	15	0.03533935546875
MRPL14	0.12353621689161437	28	0.17823376506567
MRPL15	0.36123733560319643	25	0.04826241731643677
MRPL16	0.7864731669948815	24	0.07379257678985596
MRPL17	0.4811768453408678	28	0.17823376506567
MRPL18	0.06927295145587417	27	0.82233826816082
MRPL19	-0.058494758004943456	28	0.6136380508542061
MRPL20	0.2855918543138052	13	0.541748046875
MRPL21	-0.08293100227047956	6	0.84375
MRPL22	-0.9314841937962687	9	0.07421875
MRPL23	0.10195356354757565	28	0.2945980280637741
MRPL24	1.3987588463175953	14	0.090576171875
MRPL28	0.22567259613285684	26	0.5482756793498993
MRPL3	0.22836414052640344	7	0.46875
MRPL32	-0.07300533516017282	8	0.640625
MRPL37	-0.09282514729527641	12	0.85009765625
MRPL38	0.6862073792426445	28	0.08565542846918106
MRPL39	0.12943312614883098	28	0.3272097110748291
MRPL4	0.3729179847707166	22	0.0542454719543457
MRPL40	1.1318173962368425	21	0.012691497802734375
MRPL41	0.5306799661718568	14	0.2957763671875
MRPL43	0.36074891088306	25	0.11993378400802612
MRPL44	0.7187967002158527	26	0.005133181810379028
MRPL45	0.22861407749253224	19	0.18186569213867188
MRPL46	0.06372046374751883	19	0.9217147827148438
MRPL47	0.2374285813648032	12	0.38037109375
MRPL48	0.34242730088580614	18	0.6705245971679688
MRPL49	0.19227146256244187	28	0.15023531019687653
MRPL50	0.8905155789992347	8	0.1953125
MRPL52	0.10119244820414738	17	0.1323699951171875
MRPL53	-0.29370406217364764	10	1.0
MRPL54	0.7478291545199592	10	0.193359375
MRPL9	1.2758086349698603	10	0.001953125
MRPS16	-0.14156311261186078	13	1.0
MRPS17	1.3004290225991286	5	
MRPS18B	-0.46789572821305775	5	
MRPS2	0.2573431817361317	20	0.47490501403808594
MRPS21	0.7428020919848081	17	0.0638275146484375
MRPS22	0.24493769168785842	28	0.10925160348415375
MRPS23	0.6366642446662043	26	0.046331167221069336
MRPS24	0.7889098431974748	16	0.002685546875
MRPS25	-0.0627583377127731	23	0.9643125534057617
MRPS26	0.7960124521731671	9	1.0
MRPS27	-0.25936030509137276	28	0.2842133492231369
MRPS28	0.5164412608909251	27	0.41325296461582184
MRPS30	0.5957490272971633	16	0.00335693359375
MRPS31	0.4162899164575432	15	0.42120361328125
MRPS33	0.705790566309159	11	0.0673828125
MRPS34	0.7623488901689734	28	0.004060737788677216
MRPS35	-0.20975995761594907	10	0.921875
MRPS36	-0.1734055425886037	26	0.15736517310142517
MRPS5	0.12556458951814	25	0.615043044090271
MRPS6	-0.08383089111474266	24	0.9664472341537476
MRPS7	1.1865260656985588	23	0.013528585433959961
MRPS9	0.010837147647169275	27	0.5148514956235886
MRRF	0.15618943028176957	8	0.4609375
MSH2	0.8330515272900817	12	0.04248046875
MSH6	1.3410263566515959	8	0.078125
MSI2	1.1579008135721427	28	0.001416526734828949
MSN	0.20385504604329185	28	0.02322421222925186
MSRA	-0.2130603786359055	25	0.11993378400802612
MST1	0.6215795682409365	5	
MTA2	0.5140614052915987	28	0.00010570138692855835
MTAP	0.7597571740617985	28	0.040213532745838165
MTCH2	0.09652998228758417	28	0.8489041775465012
MTDH	0.5616938636753042	28	0.0008751451969146729
MTFMT	0.4289889446614397	9	0.25
MTFP1	0.6364692470215968	8	0.078125
MTFR1L	-0.6531833035162041	13	0.146484375
MTHFD1	0.9791869154613189	28	0.002901986241340637
MTHFD2	2.3076096255420135	19	0.000522613525390625
MTIF2	0.6263525431527085	24	0.016406655311584473
MTIF3	0.6170740945718471	16	0.021392822265625
MTM1	0.0026602380263704476	25	0.7509929537773132
MTMR1	1.359437794527775	6	0.03125
MTMR11	2.49771649848959	5	
MTMR14	0.13180762986578765	28	0.479096382856369
MTMR3	-0.861731931960371	7	0.46875
MTMR6	0.5236253374091014	6	0.84375
MTOR	0.43621154549363106	28	0.026356667280197144
MTPN	0.5881653281299772	28	2.7544796466827393e-05
MTX1	-0.8040818783395287	21	0.10321426391601562
MTX2	1.315728954265147	20	0.14290618896484375
MUC1	1.2412302110530256	14	0.029541015625
MUC13	1.4063017535251245	28	0.0005255788564682007
MUC2	-0.581868937360735	26	0.04346644878387451
MUC4	-0.9774530478600613	14	0.0245361328125
MUC5B	0.5732348497051917	10	0.625
MUT	0.12757189671680466	28	0.6781789660453796
MVB12A	0.632808440942783	14	0.020263671875
MVD	0.3902910328116015	10	0.76953125
MVP	-0.1696026917206232	28	0.01102352887392044
MX1	1.2217429239885562	16	0.009185791015625
MX2	-0.06596210220100532	5	
MXRA5	5.167669027501944	11	0.0029296875
MXRA7	0.40563761984702346	9	0.1640625
MYADM	0.01774819052260923	25	0.23036134243011475
MYBBP1A	1.5753356783976384	28	2.2873282432556152e-06
MYCBP	-0.7460168706750956	27	0.0010209232568740845
MYH10	0.45168872662903714	28	0.012704446911811829
MYH11	-0.10367962941830566	28	0.3620011880993843
MYH14	0.022700931286769283	28	0.7450922578573227
MYH9	0.42367579393882626	28	0.00021760910749435425
MYL6	0.4721753264462444	28	0.019113145768642426
MYL6B	0.4209742926548857	14	0.1937255859375
MYL9	0.30687390398873216	28	0.156909741461277
MYLK	0.2986280427670544	28	0.26417163759469986
MYO18A	-0.41171589903150796	28	0.019113145768642426
MYO19	-1.0887152545659589	12	0.33935546875
MYO1A	-2.7970946708084568	23	8.845329284667969e-05
MYO1B	0.3143077425419466	28	0.042608387768268585
MYO1C	-0.3795910003569551	28	0.0004729032516479492
MYO1D	-0.3571873078454617	28	0.003438994288444519
MYO1E	0.33032909868141935	28	0.3160962611436844
MYO1F	0.0006805773275448557	28	0.27407141774892807
MYO1G	-0.7261205891809484	16	0.03863525390625
MYO3B	0.11490743526646839	10	1.0
MYO5A	-0.6057210608879536	11	0.0048828125
MYO5B	-0.5000953208209258	25	0.19081425666809082
MYO5C	-1.1566101976676653	24	0.0005675554275512695
MYO6	0.032387679346081444	28	0.973184622824192
MYO7B	0.5144139701104522	17	0.4585723876953125
MYO9B	0.6077132465295563	28	0.0024397894740104675
MYOF	0.6649953844658998	28	0.003738619387149811
MZB1	-1.0073840789575224	27	0.0012526363134384155
NAA15	2.686227554022785	26	3.2782554626464844e-06
NAA25	2.064682971703819	20	0.001689910888671875
NAA38	-0.37018977995863966	22	0.5445904731750488
NAA50	0.21681244450223322	5	
NAAA	-1.684072864254781	26	1.9073486328125e-05
NACA	0.64324456677166	28	0.0004729032516479492
NAE1	1.087008757638147	26	0.017613530158996582
NAGA	-0.6228558081560223	27	0.09538766741752625
NAGK	-0.11531563151004154	28	0.4117337390780449
NAGLU	0.27604849573984164	23	0.3294053077697754
NAMPT	0.577170711557764	28	0.08145394921302795
NANS	-0.17649495976439517	28	0.10925160348415375
NAP1L1	0.9159939891402191	28	5.529820919036865e-05
NAP1L4	0.3324736181009869	28	0.008224666118621826
NAPA	-0.024274232613557257	28	0.9910601079463959
NAPG	-0.07648683894418967	23	0.06503629684448242
NAPRT1	-0.0743381770347411	28	0.4514767527580261
NARS	-0.03884693471999064	28	0.6781789660453796
NARS2	1.0862879194997879	27	0.0013849586248397827
NASP	0.40018904396035876	27	0.005940347909927368
NAT1	-0.9147861496450713	27	0.0010209232568740845
NAT10	1.65211077988151	25	8.803606033325195e-05
NAT2	-0.4263056655220784	16	0.129730224609375
NBAS	0.21009803970530583	23	0.3294053077697754
NBEAL2	1.430332824444572	26	1.5974044799804688e-05
NBPF7	0.6540997574418097	23	0.00025343894958496094
NCALD	1.3892715893824263	6	0.03125
NCAPG	0.8796532896965561	9	0.203125
NCBP1	1.2661440050425505	28	0.0006467849016189575
NCDN	1.0590711308796217	26	0.0011651217937469482
NCEH1	0.6632255565375129	28	0.0056031495332717896
NCF2	1.0506771307756384	9	0.49609375
NCF4	0.8395273585468648	15	0.041259765625
NCK1	0.9286267703853485	9	0.12890625
NCKAP1	-0.25643635291101585	28	0.026356667280197144
NCKAP1L	-0.08038696425471767	16	0.781951904296875
NCKIPSD	1.1394363828772052	25	0.034173786640167236
NCL	1.1108936175789765	28	2.380460500717163e-05
NCLN	0.9132810384890651	28	0.001416526734828949
NCOA5	1.0590347364543549	11	0.1474609375
NCOR1	-0.9614791547136131	11	0.6376953125
NCS1	1.0586172993801333	10	0.02734375
NCSTN	0.5602666008791741	28	0.001416526734828949
ND3	-0.02924262846739242	19	0.5677604675292969
ND4	-0.2870858307538879	26	0.018977344036102295
ND5	-0.797401984794908	27	4.093348979949951e-05
ND6	-0.47347095195802413	8	0.1953125
NDRG1	0.6931018037520689	28	0.06281394511461258
NDRG2	-0.9663898951547392	20	0.00485992431640625
NDRG3	-0.5041163401358794	7	0.8125
NDUFA10	-0.38783661640181843	28	0.15023531019687653
NDUFA11	-0.475565350179312	24	0.0008462667465209961
NDUFA12	-0.5248415082835853	27	0.01506437361240387
NDUFA13	-1.0318690900899476	25	0.004604637622833252
NDUFA2	-0.2932421272561262	24	0.009575724601745605
NDUFA3	-0.11591206924041783	18	0.49507904052734375
NDUFA4	0.4337824017845693	27	0.03399476408958435
NDUFA5	-0.4372805159141525	28	0.0056031495332717896
NDUFA6	-0.40186928227211677	24	0.006516098976135254
NDUFA8	-0.26836247818138736	17	0.8536376953125
NDUFA9	-0.476153085955736	28	0.00027351081371307373
NDUFAB1	-0.3845548071850391	22	0.11287164688110352
NDUFAF1	-0.1409386708523598	19	0.18186569213867188
NDUFAF2	1.81918795035028	23	0.005414485931396484
NDUFAF3	0.09231694807815063	16	0.528167724609375
NDUFAF7	1.9650175381603852	6	0.09375
NDUFB10	-0.37586848068698736	21	0.27221012115478516
NDUFB3	-0.3748625536338989	14	0.0067138671875
NDUFB4	-0.25396813909225224	28	0.040213532745838165
NDUFB5	-0.5887232735543271	24	0.006516098976135254
NDUFB6	-0.2032379228901926	5	
NDUFB7	-1.440515793319682	12	0.1513671875
NDUFB8	-0.3583551449216924	28	0.042608387768268585
NDUFB9	-1.1293838713451472	21	0.08219528198242188
NDUFS1	-0.8698409631292803	28	4.830211400985718e-05
NDUFS2	-0.007561081986824434	28	0.6947018131613731
NDUFS3	-0.5994955182718407	28	2.2873282432556152e-06
NDUFS4	-0.7155731387631497	28	7.204711437225342e-05
NDUFS5	-0.09210873760228841	25	0.10731470584869385
NDUFS6	-0.7072150330129914	24	0.0005675554275512695
NDUFS7	-0.7191829666058898	28	0.007071197032928467
NDUFS8	-0.13912643820978218	28	0.5075842142105103
NDUFV1	-0.7010902852506475	27	9.59634780883789e-05
NDUFV2	-0.5537966138685435	28	0.0017047896981239319
NDUFV3	0.01455809569016927	11	0.51953125
NECAP1	-0.4491225721054297	23	0.5803380012512207
NECAP2	0.42712362302850665	20	0.36827659606933594
NEDD1	1.9109174617955995	6	0.0625
NEDD4	0.2706273572344783	20	0.5458755493164062
NEDD8	-0.17354609550419292	28	0.17090606689453125
NEK9	-0.15097137257674742	24	0.12084019184112549
NELFA	0.7821749152374959	23	0.05625271797180176
NELFB	0.802809380478362	28	0.012704446911811829
NELFCD	1.5599697019274756	27	3.522634506225586e-05
NENF	0.16954134810559915	26	0.380193829536438
NES	-0.41459215430204355	27	0.11668527126312256
NEU1	-0.20812480818865908	7	0.9375
NEXN	1.2695362402961998	28	2.2873282432556152e-06
NF1	1.2997722776278529	16	0.00213623046875
NFIC	0.18195479969193984	23	0.8462316989898682
NFIX	0.2921639006279622	22	0.0009412765502929688
NFKB1	0.7044134356819836	28	0.007071197032928467
NFKB2	1.9407750757157516	7	0.078125
NFU1	0.8136232957012319	18	0.0182342529296875
NGEF	-0.19241295151619908	6	0.84375
NGLY1	-0.3262526205386951	16	0.005157470703125
NHEJ1	0.1349493704212897	8	0.546875
NHLRC2	1.7718088522930155	5	
NHLRC3	0.19037949657123795	15	0.27685546875
NHP2	1.5265465913966163	11	0.1474609375
NHP2L1	1.3309706222705615	27	9.59634780883789e-05
NID1	0.024722731000902977	28	0.6136380508542061
NID2	0.4004251231121314	28	0.20980393886566162
NIF3L1	0.006353025599757192	25	0.8531995415687561
NIP7	1.6367789136608497	20	0.00365447998046875
NIPBL	0.14844527403186095	5	
NIPSNAP1	0.4106566253377395	28	0.11451615393161774
NIPSNAP3A	-0.15686696154208313	27	0.31257040798664093
NISCH	-0.47690615211410575	9	0.5703125
NIT1	1.156080880060884	28	0.14377250522375107
NIT2	-0.26350126516872885	28	0.004778154194355011
NLN	2.963693733691409	22	0.0021948814392089844
NLRX1	0.47050856596152196	28	0.08145394921302795
NMD3	0.257945225923467	6	0.5625
NME1	0.0629958555941006	15	0.7197265625
NME3	-0.05108801865364028	27	0.219833105802536
NMI	-0.03185247220446351	13	1.0
NMNAT1	-0.4019940006915508	10	0.375
NMRAL1	0.8893862372907703	8	0.078125
NMT1	-0.26033705705894294	16	0.4637451171875
NNT	-1.1312660550938562	28	0.0017047896981239319
NOB1	0.6960735222201657	23	0.0448758602142334
NOC2L	0.698919626384781	13	0.021484375
NOC4L	1.4659305201020056	22	0.000255584716796875
NOL11	-0.41962476877449584	5	
NOL3	0.03821564932196726	22	0.3705310821533203
NOL6	1.9479728960076155	25	2.2113323211669922e-05
NOL9	0.5420870073534911	8	0.3125
NONO	0.7496403902398253	28	0.0005833879113197327
NOP2	2.3203526180245926	28	4.830211400985718e-05
NOP56	0.7859639239667158	28	6.735324859619141e-06
NOP58	1.2642409891660578	28	1.1049211025238037e-05
NOP9	1.4051220304137608	27	0.002029682953801726
NOSIP	0.4024619779281464	28	0.8665077835321426
NPC2	1.1962250301944666	21	0.01947307586669922
NPEPL1	1.1789606878887684	28	0.0017047896981239319
NPEPPS	0.04137396812343159	28	0.973184622824192
NPLOC4	0.2508482358300503	27	0.04355788230895996
NPM1	1.0675369032498971	28	1.5139579772949219e-05
NPTN	0.15998607050241148	26	0.0993349552154541
NQO1	0.6758664347997908	19	0.37359619140625
NR2C2AP	1.0620643200637248	8	0.015625
NRBP1	0.4452198865611745	22	0.09173250198364258
NRD1	0.6079518762476102	18	0.34654998779296875
NRM	-0.7348996986482426	6	0.03125
NRP1	0.4466725407937789	25	0.023649930953979492
NSDHL	1.4546518715722967	26	0.00019028782844543457
NSF	0.03490034028186915	28	0.6136380508542061
NSFL1C	-0.5106846385833486	28	0.6781789660453796
NSUN2	2.2241512548238056	28	2.380460500717163e-05
NT5C	-0.37361436390735525	26	0.08419731259346008
NT5C2	1.7381543404791748	28	8.20159912109375e-05
NT5C3A	0.014470617896924179	22	0.9492697715759277
NT5DC1	-0.5924134923167204	23	0.0016598701477050781
NT5E	0.29685576722486545	16	0.596588134765625
NTAN1	-0.7697209012439727	11	0.51953125
NTMT1	1.238421183761124	27	2.086162567138672e-07
NTPCR	0.046196971622951284	27	0.82233826816082
NUBP1	-1.0748752544157312	10	0.232421875
NUBP2	-0.24517470307706649	27	0.7495975196361542
NUBPL	-0.4628552392756139	5	
NUCB1	-0.07758738207122713	28	0.46517620980739594
NUCB2	-0.6692287987579949	21	0.16780662536621094
NUCKS1	0.8192346179541362	18	0.0065765380859375
NUDC	1.0403284737282525	21	0.0021514892578125
NUDCD1	2.5432504150163115	14	0.008544921875
NUDCD2	-0.14571967967335697	14	0.7608642578125
NUDT12	0.23772341009092834	15	0.27685546875
NUDT16	0.153336115787631	28	0.6295278295874596
NUDT16L1	0.04133398226760857	16	0.743560791015625
NUDT2	1.094765643150863	9	0.09765625
NUDT21	0.4884450819156564	28	0.0012892335653305054
NUDT4	0.9230170354784475	14	0.0107421875
NUDT5	1.135140926212176	26	0.0007454454898834229
NUDT9	-0.8625780928054507	5	
NUMA1	-0.15347537037491882	28	0.3052256628870964
NUP107	0.6752426811587359	23	0.10454297065734863
NUP133	0.8362432058695976	28	0.008224666118621826
NUP153	-0.034527683128271015	25	0.9578450322151184
NUP155	0.3841866441948205	28	0.03575380891561508
NUP160	0.6206313183760748	26	0.009382545948028564
NUP188	1.0699466671750386	22	0.0014548301696777344
NUP205	1.421525532724902	28	0.0003418475389480591
NUP210	2.6631143291705115	26	4.410743713378906e-05
NUP214	0.9718055627601261	20	0.0023250579833984375
NUP37	0.2905758928136024	20	0.2305126190185547
NUP43	0.6254688617127958	23	0.03838014602661133
NUP50	0.18297073249992218	24	0.3165123462677002
NUP54	0.8226291239708857	28	0.0012892335653305054
NUP62	0.22111683267267834	8	0.9453125
NUP85	0.9050554413147892	27	0.0001253187656402588
NUP88	0.33550859879399153	15	0.42120361328125
NUP93	1.0003654011393912	27	0.0001253187656402588
NUP98	0.7774790505641016	26	0.025350749492645264
NUPL1	0.5128302278690021	20	0.069580078125
NUTF2	1.6459207215138298	28	1.0207295417785645e-06
NXF1	0.6395116959431816	12	0.05224609375
NXN	0.5094969354296967	11	0.4130859375
NXPE4	-0.1338560846204215	6	0.84375
OAS1	-0.9013815861434744	8	0.4609375
OAS2	0.4613923017900465	28	0.05638675391674042
OAS3	0.8939355107391237	23	0.0009758472442626953
OAT	0.08397390492417943	28	0.2450956031680107
OCIAD1	0.37282674532286647	23	0.30013346672058105
OCIAD2	1.0947111996341319	23	0.0018849372863769531
OCLN	-1.094412231711681	11	0.0830078125
OGDH	0.048742466665233984	28	0.7450922578573227
OGN	-2.8973046273608425	28	2.2873282432556152e-06
OGT	1.0725442125950715	17	0.1323699951171875
OLA1	0.9404288517166903	28	0.00019368529319763184
OLFM4	2.1153111980710166	10	0.193359375
OLFML1	-2.2378371481181434	19	0.01082611083984375
OLFML3	-2.9844189348283887	14	0.0245361328125
OPA1	0.5769016456943292	28	0.3052256628870964
OPA3	-0.18883168394666844	20	0.16495704650878906
OPLAH	0.21383380663877102	27	0.9528931677341461
ORC5	2.1660849804344937	5	
ORM1	0.409797069656156	27	0.046262577176094055
ORM2	0.22326178759423443	27	0.41325296461582184
OS9	0.43469726597536146	21	0.1906871795654297
OSBP	0.21054806847958102	28	0.5369088649749756
OSBPL3	0.6696126889575561	9	0.01953125
OSBPL8	0.3308601851688029	28	0.01362369954586029
OSBPL9	0.6300503902496942	15	0.01806640625
OSGEP	0.7948977508531595	5	
OSTC	0.3461592386149269	24	0.009575724601745605
OSTF1	-0.23898429762131357	28	0.033681392669677734
OTUB1	0.008174797930294977	28	0.831373319029808
OVCA2	-0.0855551755670372	22	0.4060330390930176
OXCT1	-0.3821844994420164	28	0.04774715006351471
OXSR1	0.15408309287264754	28	0.33856552094221115
P4HA1	5.347274738252369	21	1.9073486328125e-06
P4HA2	3.511333693145076	15	0.00018310546875
P4HB	0.5237827411465963	28	0.004060737788677216
PA2G4	0.8330113669188777	28	0.00027351081371307373
PAAF1	0.02522597628817358	5	
PABPC1	0.7664222419681288	28	0.00021760910749435425
PABPC4	0.6937045288124735	26	0.00032070279121398926
PACS1	1.6826407054098038	6	0.0625
PACSIN2	-0.41528458368523136	28	0.0012892335653305054
PADI2	-1.3986524955173898	28	5.677342414855957e-06
PAFAH1B1	-0.048675284043820766	28	0.3272097110748291
PAFAH1B2	0.2974963527973024	28	0.04774715006351471
PAFAH1B3	1.2563890724117115	27	0.0003387331962585449
PAICS	1.145599805574144	28	0.00021760910749435425
PAIP1	1.2686885076520942	16	0.104583740234375
PAK1	1.0172674333988263	26	0.3276410400867462
PAK2	0.7078877987480885	16	0.033538818359375
PAK4	0.23511297520853627	28	0.3272097110748291
PALLD	1.4309736344669375	28	1.5422701835632324e-06
PANK4	0.21667482016573975	24	0.4223414659500122
PAPSS1	1.4799679591173975	28	0.00015273690223693848
PAPSS2	-1.1303434460262638	28	1.1049211025238037e-05
PARK7	0.6710896476388658	28	0.006060026586055756
PARP1	0.33693651462847	28	0.0451183095574379
PARP10	-0.6599724892663797	11	0.7646484375
PARP14	1.1479060567214985	19	0.000164031982421875
PARP4	0.56299679726393	28	0.03170907497406006
PARP9	-0.5772387381020536	28	0.05953092873096466
PARS2	1.3594889703977808	8	0.109375
PARVA	0.2899428322032497	28	0.006060026586055756
PARVB	1.2900381255831572	22	2.0503997802734375e-05
PARVG	-0.05214442197609663	5	
PATL1	1.0567860260915773	21	0.002857208251953125
PAWR	0.673350276764309	21	0.11105823516845703
PBDC1	1.0956903386783559	28	4.2110681533813477e-05
PBLD	-1.0964005146766362	25	0.006129205226898193
PBRM1	1.3625700793847082	17	0.0008392333984375
PBXIP1	1.2562714131622472	14	0.0107421875
PC	0.20470389775218034	24	0.6033114194869995
PCBD1	-0.2881874996412065	25	0.2634761333465576
PCBD2	0.6640073494142135	19	0.015972137451171875
PCBP1	0.44462211359501747	28	0.019113145768642426
PCBP2	0.35374775800962743	28	0.13146880269050598
PCCA	-1.071484043818377	28	4.76837158203125e-06
PCCB	-0.4218782685710559	28	0.14377250522375107
PCDH1	-1.3919554583988971	16	0.0155029296875
PCK1	-0.9638441785157489	17	0.0714111328125
PCK2	-0.3581668078788067	28	0.10925160348415375
PCMT1	0.3885508046198316	28	0.0012892335653305054
PCNA	-0.6325998320624149	26	0.2369500696659088
PCOLCE	2.0306110934155495	17	0.000213623046875
PCYOX1	-0.007233881662277557	28	0.9196710959076881
PCYOX1L	0.19428087289206922	10	0.556640625
PCYT1A	0.19391262533944353	28	0.14377250522375107
PCYT2	0.2311290525623377	28	0.10925160348415375
PDAP1	0.7487990619193611	28	0.0010645166039466858
PDCD10	-0.43127491744271645	28	0.007629185914993286
PDCD11	2.376293247961471	23	8.845329284667969e-05
PDCD4	-1.0954758544860013	28	8.195638656616211e-07
PDCD5	0.4134390165427593	28	0.0056031495332717896
PDCD6	0.4447385151980836	28	0.0009657368063926697
PDCD6IP	0.11736471276538396	28	0.5369088649749756
PDCL3	0.40999747401721764	6	0.5625
PDDC1	-0.32030650246599585	13	0.587890625
PDE12	0.6385468026813171	28	0.004060737788677216
PDE3A	0.2270720012226615	19	0.8905677795410156
PDE5A	-0.3513992133785259	21	0.16780662536621094
PDE6D	1.6356538099514608	5	
PDF	0.7411956852788336	15	0.00030517578125
PDGFRB	0.9661255345773063	6	0.84375
PDHA1	0.025333034822565378	28	0.551873967051506
PDHB	0.5524830923163877	28	0.004406772553920746
PDHX	0.1909202914240365	24	0.2522493600845337
PDIA3	-0.1414003672926062	28	0.11451615393161774
PDIA4	0.29560548089142025	28	0.026356667280197144
PDIA5	0.8928555590869716	28	0.01102352887392044
PDIA6	0.14809965002024478	28	0.3052256628870964
PDK1	-0.2635691544203889	26	0.4082431197166443
PDK2	-0.4117271827020433	6	0.5625
PDLIM1	-0.02211532732429986	28	0.46517620980739594
PDLIM2	0.25806749364077	21	0.02901458740234375
PDLIM3	-0.11263751442688066	28	0.9553221687674522
PDLIM4	1.9017493699520742	28	2.7641654014587402e-06
PDLIM5	0.6682734552789563	28	0.001416526734828949
PDLIM7	0.5407558462236224	28	0.0005833879113197327
PDP1	0.9998183114160517	26	0.03341016173362732
PDPK1	0.22156696284395908	11	0.240234375
PDPR	0.41406434913004725	23	0.13413381576538086
PDS5A	0.6169205929990627	28	0.0379299521446228
PDS5B	0.4992192496428247	27	0.10040661692619324
PDSS2	0.03784225400531379	6	1.0
PDXDC1	-0.39583641657929053	28	0.0005833879113197327
PDXK	1.3253194027437187	28	0.0015547871589660645
PDXP	-0.4866801225719336	10	0.048828125
PEA15	0.2548285932564478	28	0.13751810044050217
PEBP1	-0.32318049973617985	28	0.13146880269050598
PECAM1	-0.7895206036003116	25	0.034173786640167236
PEF1	0.06049276891101957	28	0.6136380508542061
PELO	1.21245612360698	6	0.4375
PELP1	0.9494034513299734	23	0.0006387233734130859
PEPD	1.3192938561775152	27	6.331503391265869e-05
PERP	2.641189700385375	5	
PES1	2.1983204811472623	27	2.586841583251953e-05
PET117	1.2366612910117836	5	
PEX1	0.323198872274808	24	0.26434290409088135
PEX19	-0.3322713395622318	8	0.84375
PEX5	0.5960937007106281	14	0.067626953125
PFAS	0.9846048144932871	24	0.002814650535583496
PFDN1	0.32227049113595196	19	0.24125289916992188
PFDN2	1.4543590616382223	27	2.2083520889282227e-05
PFDN4	1.3393627408387152	18	0.00193023681640625
PFDN5	0.5235947616164797	26	0.05935487151145935
PFDN6	0.636079996089004	28	0.01025690883398056
PFKFB2	-0.44969978449898695	27	0.05208057165145874
PFKL	-0.04812327996506047	28	0.7621389999985695
PFKM	0.4883770120689962	28	0.00010570138692855835
PFKP	0.2851838883070346	28	0.0003418475389480591
PFN1	0.3482894909441466	28	0.03575380891561508
PFN2	0.2919643223907057	22	0.7261838912963867
PGAM1	0.672087718863557	28	0.0020434409379959106
PGAM5	1.6022505867936956	28	0.0008751451969146729
PGD	-0.5080480001449806	28	0.4117337390780449
PGK1	0.9060090888774208	28	6.556510925292969e-07
PGLS	0.554462643161688	28	0.004778154194355011
PGLYRP2	1.0639316790832185	17	0.030517578125
PGM1	0.04203355706243405	28	0.551873967051506
PGM2	-0.15306129522695372	28	0.6136380508542061
PGM2L1	2.343772352625122	15	0.00201416015625
PGM3	0.6104288019191149	28	0.0007921457290649414
PGM5	-0.14900772822201824	26	0.3666093051433563
PGP	0.6719704770558858	11	0.123046875
PGRMC1	0.7280487369227857	28	0.0056031495332717896
PGRMC2	0.4644304774276167	28	0.002901986241340637
PHACTR4	-0.034733800334591204	12	0.4697265625
PHAX	0.04437704856962439	13	0.635498046875
PHB	0.04480820083248498	28	0.06623983383178711
PHB2	-0.09709033307670531	28	0.7965622618794441
PHF14	0.7803581896795868	19	0.25792694091796875
PHF3	0.7050864040238194	10	0.16015625
PHF8	-1.0284505387756	7	0.46875
PHGDH	-0.47210611199970753	28	0.973184622824192
PHKA2	-0.697014571707829	10	0.322265625
PHLDB1	-0.8407394769261969	25	0.0027848482131958008
PHPT1	-0.5867675620024734	15	0.063720703125
PHYKPL	-1.387259893726037	12	0.0068359375
PI4K2A	1.4480904791067326	8	0.1953125
PI4KA	0.8240110512533876	22	0.011472702026367188
PI4KB	0.3844658302445852	10	0.375
PICALM	0.18478660061342667	28	0.46517620980739594
PICK1	0.5933663401504907	23	0.00914621353149414
PIGK	-0.14751835924537288	20	0.9272785186767578
PIGO	1.8016811407624354	6	0.03125
PIGR	-0.44801245230240766	24	0.21821892261505127
PIGS	1.4771455427540152	15	6.103515625e-05
PIGU	-1.2456330190581086	12	0.00048828125
PIH1D1	0.3010916791022827	25	0.25210392475128174
PIK3C2A	2.091116551287741	16	0.00335693359375
PIK3C2B	0.11512023360255148	24	0.8333734273910522
PIK3CB	0.6465363316795311	19	0.049365997314453125
PIK3R1	0.5160710262184157	10	0.275390625
PIK3R4	0.05321583917118447	22	0.6327285766601562
PIN1	0.21766489246994264	28	0.22697687149047852
PIP4K2A	-0.04644892268692339	19	0.5677604675292969
PIP4K2C	0.2504246887694397	28	0.35016296058893204
PIR	0.1402344398272563	16	0.104583740234375
PITHD1	0.6308311249923099	21	0.32045745849609375
PITPNA	-0.09727204258775204	28	0.3052256628870964
PITPNB	0.946030112847672	28	0.0022339224815368652
PITPNM1	0.6329306252531721	9	0.1640625
PITRM1	1.1052047659116648	28	0.0003418475389480591
PKM	0.6241543003782732	28	1.1049211025238037e-05
PKN1	1.0674619193813566	28	8.20159912109375e-05
PKN2	1.4083808643880067	25	0.02027493715286255
PKP2	-0.6401380931661809	28	0.014598868787288666
PKP3	-0.6012106954483352	28	0.029833190143108368
PKP4	0.47393118833241227	13	0.001220703125
PLA2G15	0.4681488357384062	21	0.14696407318115234
PLA2G4A	-0.9455895561880714	17	0.4585723876953125
PLAA	0.7175760956943327	28	0.03575380891561508
PLBD1	0.7422557619076823	23	0.01955723762512207
PLBD2	0.04365935181812617	15	0.76153564453125
PLCB3	0.4145246959574983	28	0.156909741461277
PLCB4	1.3546514039006001	14	0.0166015625
PLCD1	-1.7817599248289664	21	0.00035381317138671875
PLCG1	1.879923622578718	8	0.015625
PLCG2	-1.8240512109299176	27	0.0005356669425964355
PLCH1	-0.4769104499177036	24	0.15150094032287598
PLD1	0.10900841831491329	26	1.0
PLD3	-0.5664972887994779	28	0.00019368529319763184
PLEC	0.5437971968763496	28	0.001416526734828949
PLEK	-0.148861717086821	22	0.3880448341369629
PLEK2	0.9617464393255654	13	0.01708984375
PLEKHA2	-0.24820075909638295	6	1.0
PLEKHA6	0.2989854393953576	22	0.2902231216430664
PLEKHA7	-0.06206096813225143	21	0.7079343795776367
PLEKHG6	-0.8574840998825388	5	
PLEKHJ1	-0.28077011148864944	20	0.2942523956298828
PLEKHO2	0.054669865229801856	13	1.0
PLG	0.37537864172429386	28	0.17090606689453125
PLGRKT	0.2115307622837409	13	0.454833984375
PLIN3	0.7092889426321718	28	0.00027351081371307373
PLOD2	2.301699377544734	6	0.03125
PLOD3	1.9481174762955749	28	4.76837158203125e-06
PLS1	-0.21115900865623483	28	0.10925160348415375
PLS3	1.1576732931157616	28	3.330409526824951e-06
PLSCR1	1.1708108770709191	9	0.0078125
PLTP	-2.5197023525804108	6	0.15625
PLVAP	-1.544165795322714	23	5.9604644775390625e-06
PLXNA2	1.2280598614832976	5	
PLXNB2	0.5628033920993895	28	0.042608387768268585
PLXND1	0.5464383565695379	22	0.0028514862060546875
PM20D2	0.0750204511525276	12	0.67724609375
PML	1.0151206939149353	28	1.043081283569336e-07
PMM2	0.2669529337849685	28	0.49323366582393646
PMPCA	1.5482675001471373	28	0.001416526734828949
PMPCB	1.3046354217801746	26	0.0002174675464630127
PMVK	0.6396779143786934	28	0.014598868787288666
PNKP	1.0070125527979763	13	0.03271484375
PNN	0.6171945262366993	15	0.48870849609375
PNO1	1.007008249603996	22	0.0006937980651855469
PNP	0.5881591381213437	28	0.0015547871589660645
PNPLA6	-0.10612458918026169	28	0.5369088649749756
PNPO	0.6778280789664219	22	0.09173250198364258
PNPT1	0.6109289542737417	28	0.007629185914993286
POF1B	0.20221433382345405	28	0.2842133492231369
POFUT1	1.2073837549916147	13	0.039794921875
POGLUT1	1.4972623626000892	24	0.00010764598846435547
POGZ	-0.10822334070749937	18	0.6705245971679688
POLD1	1.8933888093689644	27	7.289648056030273e-05
POLD2	0.7504075406331043	10	0.02734375
POLDIP2	1.2508417142769164	23	0.0354313850402832
POLDIP3	-0.16642948811336683	22	0.18697643280029297
POLG2	0.9691601813451952	5	
POLR1C	3.0619872732260585	20	0.005580902099609375
POLR2A	1.9072377728550234	23	0.01787281036376953
POLR2B	-0.08750082996757419	26	0.5316631495952606
POLR2C	-0.1527423381806069	14	0.5015869140625
POLR2E	0.7087187548203983	27	0.008215054869651794
POLR2H	0.274734463222711	15	0.76153564453125
POLR2I	-0.8486747584614267	22	0.017200946807861328
POLR2L	0.9697321763365652	10	0.130859375
POLR3B	0.7558657995094855	23	0.003874063491821289
POMP	1.2393904976883452	9	0.09765625
PON2	0.7058632802238696	26	0.08902901411056519
POR	0.8206880738479174	28	0.0018673688173294067
POSTN	0.4083627215748572	28	0.02322421222925186
PPA1	1.6801472903343724	28	1.2949109077453613e-05
PPA2	0.33992085163695096	28	0.1935620754957199
PPAP2B	-0.856652233527124	16	0.001312255859375
PPAPDC2	2.3022950311702184	5	
PPAT	0.845311615088961	28	0.0020434409379959106
PPCS	0.33689873602997555	28	0.1637990102171898
PPFIBP1	0.6303212386259998	22	0.1761918067932129
PPFIBP2	0.683991274122714	7	0.46875
PPIA	0.7185070996085579	28	0.00021760910749435425
PPIB	0.17087198068653936	28	0.23591722548007965
PPIC	0.4401311154158161	28	0.01025690883398056
PPID	1.0195936909671084	20	0.0003223419189453125
PPIF	0.3092389645724129	28	0.08145394921302795
PPIH	0.9942824107226247	19	0.00041961669921875
PPIL1	-0.019077985463102368	12	0.90966796875
PPIL3	0.7696932888314658	27	0.0054652392864227295
PPIL4	1.7612344945568958	26	0.0011651217937469482
PPIP5K2	1.6751264178685092	8	0.0078125
PPL	0.11885907628264218	16	0.40374755859375
PPM1A	-0.21552046787998058	24	0.3165123462677002
PPM1F	0.17914798180358732	25	0.21998637914657593
PPM1G	0.7538729667496378	24	0.05264079570770264
PPME1	0.8610487607844826	27	0.00042723119258880615
PPOX	-0.032557113739107045	20	0.5958194732666016
PPP1CA	0.2715168069320515	13	0.021484375
PPP1CB	0.4194998422168594	28	0.001416526734828949
PPP1CC	0.3958574595404668	28	0.01102352887392044
PPP1R12A	0.6664775085138311	28	0.0056031495332717896
PPP1R12C	-0.31279182632880526	19	0.5677604675292969
PPP1R14A	1.1559846083098488	6	0.3125
PPP1R14B	0.27706373027206677	8	1.0
PPP1R1B	-0.8026096571449197	24	0.015044927597045898
PPP1R21	-0.02065770970556532	27	0.3483276069164276
PPP1R7	0.30183266299344635	28	0.22697687149047852
PPP1R8	0.12891836023021547	28	0.35016296058893204
PPP2R1A	0.0753211480298952	28	0.9910601079463959
PPP2R1B	0.5079058430057318	23	0.0009758472442626953
PPP2R2A	0.5515119441359866	25	0.8119303584098816
PPP2R4	0.03823431067303848	28	0.33856552094221115
PPP2R5A	0.5746087534823353	10	0.4921875
PPP2R5C	0.01684207042316882	12	0.7333984375
PPP2R5D	-0.8341236766907218	26	0.007290899753570557
PPP2R5E	0.33337006144872006	18	0.7660293579101562
PPP3CA	-0.017296319787301957	26	0.8809217512607574
PPP3CB	-0.9356131295304708	17	0.4306793212890625
PPP3R1	0.6538735006503533	16	0.252227783203125
PPP4C	0.8155035182634203	27	0.00018434226512908936
PPP4R1	0.40310619730736497	28	0.05049888789653778
PPP5C	1.0689310475916765	28	0.0003814026713371277
PPP6C	2.1675531532140635	10	0.013671875
PPP6R1	-0.5724330631605673	17	0.1593780517578125
PPP6R2	0.4737619338735025	28	0.017886914312839508
PPP6R3	0.39184262639724043	28	0.18578492105007172
PPT1	0.20747800431743485	27	0.3011907488107681
PPWD1	-2.0310268956206246	7	0.578125
PQBP1	-0.017339067453947133	9	0.91015625
PQLC3	-0.0834046702768032	27	0.21085703372955322
PRAF2	1.280355526081708	27	9.59634780883789e-05
PRCP	-0.03907924556030451	14	0.7608642578125
PRDX1	0.583842103363132	28	0.0024397894740104675
PRDX2	-0.025915068014202097	28	0.7965622618794441
PRDX3	0.25348363872958535	28	0.06981273740530014
PRDX4	0.5203038723411848	28	0.0005255788564682007
PRDX5	0.0895253587083698	28	0.8489041775465012
PRDX6	-0.11035137448025721	28	0.551873967051506
PREB	0.8089634361245497	19	0.00202178955078125
PRELP	-0.9176774787700959	28	0.0051764026284217834
PREP	-0.05932657751361091	28	0.3620011880993843
PRG2	-0.8539524904942781	25	0.0006313323974609375
PRG3	-0.5359350422134102	14	0.625732421875
PRKAA1	0.3129871307848577	28	0.019113145768642426
PRKAB1	0.1420020934344848	13	0.684814453125
PRKACA	-0.6377894432136759	23	7.867813110351562e-06
PRKACB	-0.48987471871293864	21	0.03191947937011719
PRKAG1	0.8401645949032353	26	0.0032291412353515625
PRKAR1A	-0.7658202189450929	28	0.0003814026713371277
PRKAR2A	-0.03857424394942713	28	0.7792982533574104
PRKAR2B	-0.8816276036686063	8	0.3125
PRKCA	0.2763781460566651	20	0.6215133666992188
PRKCD	0.38357683398661807	28	0.10925160348415375
PRKCDBP	-2.0596983240912223	22	4.76837158203125e-06
PRKCI	-1.7310104001455278	11	0.0029296875
PRKCSH	0.549520127667422	28	0.0015547871589660645
PRKD2	-0.48208519776578923	26	0.031220704317092896
PRKDC	0.8280318884668088	28	7.204711437225342e-05
PRKG1	-0.4041322384665692	12	0.09228515625
PRKRA	1.215785001932409	27	9.59634780883789e-05
PRMT1	2.0089041438834263	27	0.0011315494775772095
PRMT5	1.3390924838118838	27	0.00010977685451507568
PRMT7	1.6238678588779503	5	
PROCR	-0.6093401925389839	28	0.0004729032516479492
PROS1	0.698533091946788	8	0.640625
PROSC	0.16932797861791632	24	0.26434290409088135
PRPF19	0.13019172150092914	28	0.813923291862011
PRPF3	0.7705010688073054	10	0.275390625
PRPF31	1.0950435580079207	28	0.0008751451969146729
PRPF38A	0.17929807661888725	12	0.7333984375
PRPF38B	-0.7882873515712163	10	0.625
PRPF39	0.5773732070068299	16	0.02899169921875
PRPF4	0.9103131810903714	25	0.0002498030662536621
PRPF40A	0.47418530137666576	27	0.3011907488107681
PRPF4B	0.5995630459291088	18	0.22875213623046875
PRPF6	-0.5456821361317861	22	0.11287164688110352
PRPF8	0.860311302084159	28	0.0009657368063926697
PRPH	0.1020011316911755	26	0.8809217512607574
PRPS1	0.9738543022978092	24	0.006516098976135254
PRPS2	0.5167408380809314	27	0.022940203547477722
PRPSAP1	0.6567115789873768	25	0.04215019941329956
PRPSAP2	-0.691866469963695	27	0.11105082929134369
PRR15L	0.03635740262074962	13	0.946044921875
PRR5L	1.5062240002707161	7	0.015625
PRRC1	-0.1792402089984637	22	0.1465167999267578
PRRC2A	-0.10813596592908606	10	0.921875
PRRC2B	1.9389758608360572	8	0.1953125
PRRC2C	1.8723783040457171	17	0.0149993896484375
PRTN3	2.5122415788643915	21	0.000720977783203125
PSAP	0.13593934208054595	28	0.9553221687674522
PSIP1	0.30645378590585814	28	0.3160962611436844
PSMA1	0.5415136078982642	28	0.0004729032516479492
PSMA2	0.47579064591851206	28	0.004778154194355011
PSMA3	0.4584841483230114	28	0.0012892335653305054
PSMA4	0.4071228977984658	25	0.04826241731643677
PSMA5	0.35491534823712484	28	0.006060026586055756
PSMA6	0.5912162397857591	28	0.019113145768642426
PSMA7	0.25091410559178007	28	0.004060737788677216
PSMB1	0.2965486742332726	28	0.17823376506567
PSMB10	0.2226640891523695	28	0.46517620980739594
PSMB2	0.5501829722881197	28	0.007629185914993286
PSMB3	-0.6564268245793377	28	0.019113145768642426
PSMB4	0.022496923274588854	24	0.899570107460022
PSMB6	-0.14208219323342086	17	0.4037628173828125
PSMB8	0.14114268903222685	28	0.7792982533574104
PSMB9	0.7027748438747718	27	0.02623094618320465
PSMC1	0.19607661464803006	28	0.03170907497406006
PSMC2	0.4054616911431176	28	0.0051764026284217834
PSMC3	0.44179962137313317	28	0.007071197032928467
PSMC4	0.15766480067256095	28	0.3740789592266083
PSMC5	0.9383827213177065	28	0.004060737788677216
PSMC6	0.895508403807721	28	0.0026621222496032715
PSMD1	0.44621481264250507	28	0.07353667169809341
PSMD11	0.3144554988934909	28	0.12562106549739838
PSMD12	0.35816954422320185	28	0.01362369954586029
PSMD13	0.4261313576358686	28	0.01563260704278946
PSMD14	0.14778007641687393	19	0.3954620361328125
PSMD2	0.4959874159006118	28	0.00019368529319763184
PSMD3	0.5661379463176837	28	2.7544796466827393e-05
PSMD4	0.2762410041504021	25	0.3525196313858032
PSMD5	1.4611292935112945	28	7.204711437225342e-05
PSMD6	0.5001377494744564	28	0.0018673688173294067
PSMD7	0.25045604804078914	28	0.05638675391674042
PSMD8	0.7501597687290484	26	0.049346864223480225
PSMD9	0.4798740922979527	15	0.00537109375
PSME1	0.1578585491838821	28	0.5670346617698669
PSME2	0.20244901772549007	28	0.9196710959076881
PSME3	1.3506477776793948	19	0.020412445068359375
PSME4	1.4056142453922182	9	0.01171875
PSMF1	0.625708547902525	27	0.05208057165145874
PSMG1	0.17434925235165863	27	0.1854744255542755
PSMG2	0.7126809420427791	13	0.057373046875
PSPC1	0.28638262287531013	28	0.156909741461277
PTBP1	-0.05596124837374593	28	0.9374814853072166
PTBP2	0.1726457134057562	23	0.7539846897125244
PTBP3	-1.2661112077343568	18	0.0897674560546875
PTCD3	0.9577580824487779	23	0.13413381576538086
PTDSS1	0.679889768847971	6	0.15625
PTER	-0.33708352857628554	6	0.3125
PTGES2	0.30128820501972575	28	0.05049888789653778
PTGES3	0.9810348235615792	28	7.204711437225342e-05
PTGFRN	-0.324768228192363	27	0.1348898708820343
PTGIS	0.7988182401031187	25	0.05875152349472046
PTGR1	-0.19775761537517045	26	0.014006495475769043
PTGR2	0.012175352007560786	6	0.84375
PTGS1	-0.6301763626143704	20	0.15364646911621094
PTK2	0.10772385391075627	28	0.9374814853072166
PTK2B	-1.1090802490903746	9	0.359375
PTK7	2.8103319750582787	11	0.0029296875
PTPLAD1	-0.6572424291286261	26	0.437446653842926
PTPN1	0.6715076752676111	19	0.24125289916992188
PTPN11	0.7366607038502869	28	0.00015273690223693848
PTPN12	1.7147746342134664	13	0.127197265625
PTPN23	0.10879726856160071	28	0.6136380508542061
PTPN6	-0.2924611126322478	28	0.07741569727659225
PTPRA	0.7362734881126887	13	0.03271484375
PTPRC	-0.2932225029176985	28	0.05049888789653778
PTPRE	0.3787421655144632	27	0.4846055656671524
PTPRF	-0.2028743427934308	26	0.2078540325164795
PTPRK	0.8210893993766717	10	0.00390625
PTRF	-0.5258089030588282	28	0.0004249662160873413
PTRH1	1.003026105023253	19	0.00457763671875
PUF60	-0.4139356102667207	28	0.006060026586055756
PUM1	0.48300416490338605	9	1.0
PUM2	0.6754792386445869	17	0.017425537109375
PURA	-0.2928660574987239	28	0.033681392669677734
PURB	0.6048637908037139	28	0.021778732538223267
PUS1	1.928380059200649	28	2.7544796466827393e-05
PUS7	2.2580306917873596	6	0.0625
PVRL2	0.6221705711917996	15	0.1688232421875
PVRL4	0.212143739449762	7	0.578125
PXDN	2.423312097734909	28	8.195638656616211e-07
PXN	-0.058855547239639094	21	0.5015913016269502
PYCARD	-0.11434617681831259	28	0.10417398810386658
PYCR1	2.2693779154362757	26	0.00010919570922851562
PYCRL	0.24083147324465926	16	0.820892333984375
PYGB	-0.27182034814193723	28	0.7113664001226425
PYGL	0.2099088719156752	28	0.9374814853072166
PYGM	-0.21213625225939356	11	0.2060546875
QARS	1.0601685351413594	28	0.006060026586055756
QDPR	-0.05702085653447434	23	0.3294053077697754
QKI	0.06001951501749339	15	0.803955078125
QPCTL	-0.32786153598481554	6	0.3125
QPRT	0.3622266214516759	9	0.30078125
QRICH1	0.7878907204913285	18	0.0001068115234375
QSOX1	0.19890179261815094	28	0.17090606689453125
QTRTD1	1.383731430100891	23	0.0014584064483642578
RAB10	0.3534394153779806	28	0.020409412682056427
RAB11B	0.07081327018549374	26	0.5153007805347443
RAB11FIP1	0.3345082441772724	6	0.4375
RAB12	-0.011145475679760514	7	0.9375
RAB13	0.4639745128007185	27	0.006450757384300232
RAB14	-0.08603228108476971	28	0.35016296058893204
RAB15	0.1938015599548976	27	0.11105082929134369
RAB18	-0.13965404391180053	28	0.6781789660453796
RAB1A	-0.17466319976774244	28	0.040213532745838165
RAB1B	0.15631285567216358	28	0.3052256628870964
RAB21	0.6172167674917836	28	0.9374814853072166
RAB23	0.7608554051631705	20	0.0005855560302734375
RAB24	-0.036687967485414745	5	
RAB25	0.4746312901797298	15	0.25238037109375
RAB27A	-0.8235035330199901	17	0.0128631591796875
RAB2A	0.21153295681999526	28	0.020409412682056427
RAB2B	0.25276152304440463	20	0.20244979858398438
RAB31	0.7825688955519251	21	0.0013742446899414062
RAB32	0.26112907927020496	16	0.705718994140625
RAB35	-0.028511636306050574	28	0.8489041775465012
RAB3D	0.39242810092772207	20	0.069580078125
RAB3GAP1	0.3545236616399168	18	0.4171142578125
RAB3GAP2	0.35124109605183096	27	0.10562613606452942
RAB43	0.116760672456127	9	0.42578125
RAB5A	0.07160318258298666	27	0.23857179284095764
RAB5B	-0.08770500272226942	28	0.23591722548007965
RAB5C	0.04876648419927749	28	0.35016296058893204
RAB6A	-0.04057743122525554	28	0.551873967051506
RAB7A	0.29090595749813974	28	0.0011721327900886536
RAB8A	0.01280721320744032	28	0.7621389999985695
RAB8B	-0.493510484019448	27	0.005940347909927368
RAB9A	0.17683150577665813	24	0.30289924144744873
RABEP2	-0.5738915096778145	22	0.018956661224365234
RABGAP1	-0.7365164363042691	23	0.09175300598144531
RABGAP1L	-0.856997826685248	5	
RABGEF1	0.20867848688457336	7	0.46875
RABGGTA	0.03837607282866971	28	0.5823858305811882
RABIF	0.887212954711767	12	0.30126953125
RABL6	0.7572638637481546	27	0.02142883837223053
RAD21	1.2812746201248624	24	0.10109639167785645
RAD23A	0.6724810265257906	28	0.028050199151039124
RAD23B	0.14425951184355518	28	0.12562106549739838
RAD50	1.514110071322012	28	0.0018673688173294067
RAI14	0.3559460320219348	8	0.3828125
RALA	0.6479930738277424	24	0.0004944801330566406
RALB	0.43732440786063986	22	0.0025048255920410156
RALGAPA2	0.46549690240397645	23	0.11142587661743164
RALGAPB	0.9698979682105809	23	0.15107226371765137
RALY	0.5682939706587888	28	0.0451183095574379
RAN	0.9552961569629119	28	0.00021760910749435425
RANBP1	0.8557757536687687	28	1.5139579772949219e-05
RANBP2	1.9293938000480932	26	0.000125885009765625
RANGAP1	0.23971163290193592	28	0.0451183095574379
RAP1A	-0.29986246949487066	21	0.05469322204589844
RAP1GDS1	1.127038034771364	28	7.450580596923828e-09
RAP2B	0.1875621939418953	28	0.35016296058893204
RAP2C	-0.4418429831286631	6	0.4375
RAPH1	0.5807338773451549	22	0.11287164688110352
RARS	0.5654955796528862	28	0.0022339224815368652
RARS2	0.686636144418806	16	0.0443115234375
RASAL3	0.605913255788909	6	0.6875
RAVER1	1.3167488176998985	25	0.0007149577140808105
RBBP4	0.2728926309427335	13	0.03271484375
RBBP7	0.2854606013609371	11	0.0322265625
RBBP9	1.291633058843037	7	0.109375
RBCK1	-0.031871717330931415	26	0.6528128087520599
RBM10	-0.43264931699207737	17	0.243499755859375
RBM12	1.1730825637935	28	0.0010645166039466858
RBM12B	0.38626055207260424	26	0.4082431197166443
RBM14	-0.46594863010021753	26	0.11053428053855896
RBM15	-3.768529935463063	6	0.03125
RBM15B	0.33427839646694524	22	0.13748931884765625
RBM25	0.37658158951098986	28	0.06623983383178711
RBM26	0.07490552745012805	5	
RBM27	0.10554615725481953	5	
RBM3	1.8490048382676179	13	0.068115234375
RBM33	0.8647698506186269	11	0.2783203125
RBM39	1.0835442415861063	28	2.380460500717163e-05
RBM42	0.8919195028925715	25	0.017312347888946533
RBM45	0.23173028591578393	7	0.578125
RBM47	-1.2028108139758593	26	0.011045306921005249
RBM5	0.29255554483912505	18	0.02684783935546875
RBMXL1	0.26582475751503265	14	0.067626953125
RBP1	0.33239226782454656	27	0.27924175560474396
RBP4	0.3189828164757449	5	
RBPMS	0.7531330775981598	15	0.0042724609375
RCC1	1.0225734796235888	24	0.09509599208831787
RCC2	1.1606228253688275	28	2.2873282432556152e-06
RCN1	1.0251537779858324	28	0.000244140625
RCN2	1.488021706243964	16	0.000579833984375
RCN3	3.4145047194749014	23	3.266334533691406e-05
RDH11	-1.0092579678610964	7	0.078125
RDH13	-0.09336566859524238	17	0.7466583251953125
RDX	0.6923374835014683	8	0.015625
RECQL	0.566965653366378	19	0.005329132080078125
REEP5	0.06772032279673	8	0.9453125
REG4	0.40420046117115815	7	0.296875
RELA	0.21848999584129464	28	0.2015676274895668
RENBP	0.6789491900535586	11	0.4130859375
REPS1	0.247092861964772	17	1.0
RER1	0.20788541436931687	23	0.20015525817871094
RETN	1.8687005574547122	8	0.078125
RETSAT	-0.5396437216065985	8	0.109375
RFC3	0.7266865522159477	21	0.01947307586669922
RFC5	1.4379990445203756	11	0.0009765625
RFTN1	-0.8527711549634482	13	0.09423828125
RGS10	0.5978554836338106	5	
RHEB	0.24254074432379258	16	0.231201171875
RHOA	0.44878282332709013	27	0.0009199380874633789
RHOC	0.47502533961387283	21	0.02901458740234375
RHOG	0.16929618050650122	28	0.35016296058893204
RHOT1	0.8987848703475034	18	0.0055999755859375
RHOT2	-0.05903106781812613	27	0.1348898708820343
RHPN2	-0.8883046194985152	8	0.1953125
RIC8A	0.641237342374988	26	0.0008353888988494873
RILP	-1.0073940308293237	8	0.1953125
RMDN1	-0.5474335873131233	10	0.76953125
RMDN2	-2.6920917753516576	22	4.76837158203125e-07
RMDN3	-0.10640707826077225	28	0.6136380508542061
RMND1	1.1801458410501007	5	
RMND5A	0.07325602174742812	6	0.6875
RNASE1	-1.8150755927039792	11	0.009765625
RNASE2	0.1057463980002421	27	0.9905734956264496
RNASE3	-0.048997495480534385	27	0.3361395001411438
RNASE4	-0.8599537768391707	27	9.59634780883789e-05
RNASEL	-0.11307617969255576	28	0.551873967051506
RNASET2	-0.002299463251307891	27	0.9528931677341461
RNF14	-0.35785743126369646	8	0.546875
RNF170	0.31345143178972	9	0.0546875
RNF181	0.35111072289582057	9	0.0546875
RNF20	0.5838502295843704	17	0.2246856689453125
RNF213	0.9863800086597347	28	0.0018673688173294067
RNH1	0.19597614752338507	28	0.0992795079946518
RNPEP	-0.34413022876792476	28	0.002901986241340637
RNPS1	0.9516831964603967	28	6.318092346191406e-05
ROCK1	-0.03991112168992389	27	0.8593128323554993
ROCK2	0.41566980015306154	28	0.003738619387149811
RP2	0.4971734088562842	7	0.578125
RPA1	0.6438998973003366	28	0.020409412682056427
RPA3	0.4963227542145535	26	0.11053428053855896
RPE	-0.04278832412128552	25	0.7111607789993286
RPF1	1.4451395310682633	9	0.09765625
RPF2	1.632852897502111	28	5.529820919036865e-05
RPL10	0.6360705657689778	28	0.016727693378925323
RPL10A	0.6279234657302231	28	0.00015273690223693848
RPL11	0.40855714223088513	28	0.042608387768268585
RPL12	0.1557627174914701	28	0.20980393886566162
RPL13	0.2478293614824194	28	0.07353667169809341
RPL13A	-0.07696594869022252	25	0.4418373703956604
RPL14	0.172561525230683	28	0.6295278295874596
RPL15	0.5467137082053748	28	0.0026621222496032715
RPL18	0.40082395760550643	28	0.011838570237159729
RPL18A	0.4998353106481819	28	0.01563260704278946
RPL19	0.6153129734354461	5	
RPL21	0.6040441057956223	12	0.0771484375
RPL22	0.5287568227395436	28	0.040213532745838165
RPL23	-0.18335854488640807	28	0.021778732538223267
RPL23A	0.27485324977433767	28	0.01025690883398056
RPL24	0.32879215805566	28	0.1199713721871376
RPL26	0.3337214201693003	26	0.04346644878387451
RPL27	0.46164575352445963	28	0.004060737788677216
RPL27A	0.27095039726429493	28	0.35016296058893204
RPL28	0.4731107655976041	27	0.018655240535736084
RPL3	-0.09112301509215864	28	0.33856552094221115
RPL30	0.42470177491249056	28	0.27407141774892807
RPL31	-4.073581140646967	6	0.03125
RPL32	0.9611277856823661	28	0.002901986241340637
RPL34	1.1741006774135057	7	0.046875
RPL35	1.395106936611453	5	
RPL35A	0.154650206016881	28	0.3160962611436844
RPL36	0.44029884141836706	28	0.003438994288444519
RPL37A	0.008226799433104311	28	0.6295278295874596
RPL38	0.2574262168459749	28	0.05638675391674042
RPL39	0.15799668523917149	8	0.84375
RPL4	-0.07064784668733616	28	0.23591722548007965
RPL5	0.4251404221024693	28	0.040213532745838165
RPL6	0.30579103664800555	28	0.2015676274895668
RPL7	0.2932949782667742	28	0.05049888789653778
RPL7A	0.14560728371580678	28	0.7792982533574104
RPL7L1	1.3786973911219902	28	2.0518898963928223e-05
RPL8	0.1307207624115716	22	0.4434065818786621
RPL9	0.3072093311752667	28	0.026356667280197144
RPLP0	-0.1673058335150232	28	0.3740789592266083
RPLP1	-0.25073015924033715	28	0.8489041775465012
RPLP2	0.5674138501598992	28	0.0026621222496032715
RPN1	0.2996335026137831	28	0.0024397894740104675
RPN2	0.020404256433856672	28	0.813923291862011
RPP30	1.4542173296400422	26	0.000125885009765625
RPRD1A	0.047262250864542284	21	0.9186935424804688
RPRD1B	0.9598256519673467	26	0.018977344036102295
RPRD2	0.046479417430871015	14	0.5416259765625
RPS10	0.30768971668109396	28	0.06281394511461258
RPS11	-0.5405865011878328	25	0.00963503122329712
RPS12	0.08288085540776009	28	0.5823858305811882
RPS13	-0.0429515702055742	28	0.7621389999985695
RPS14	0.5925738508668587	28	0.006060026586055756
RPS15	0.7768615428321402	27	0.0008278489112854004
RPS15A	0.17254019089771505	28	0.6781789660453796
RPS16	0.3316513106883233	28	0.040213532745838165
RPS18	0.7015392286703026	28	0.0005833879113197327
RPS19	0.5106635477669141	28	0.0020434409379959106
RPS2	0.6838677703050704	28	0.0007921457290649414
RPS20	0.1526985680731707	28	0.5823858305811882
RPS21	0.9956974529185291	22	0.0036711692810058594
RPS23	-0.17377698355727825	28	0.08145394921302795
RPS24	-0.3364214338456846	25	0.18172985315322876
RPS25	0.1261361772438527	28	0.8841757625341415
RPS27A	0.4409524947478469	26	0.0032291412353515625
RPS27L	-0.15637521402302332	8	0.546875
RPS28	0.5798408443061056	28	0.028050199151039124
RPS3	0.2101827700006668	28	0.07353667169809341
RPS3A	0.3614882624289998	28	0.029833190143108368
RPS4X	0.41371367616387755	28	0.006060026586055756
RPS4Y2	-1.3079298718821013	13	0.026611328125
RPS5	0.09981558695001069	28	0.10417398810386658
RPS6	0.35278730243394696	28	0.019113145768642426
RPS6KA1	0.05729915473395104	28	0.6136380508542061
RPS6KA3	-0.49487477581877126	28	0.0018673688173294067
RPS6KA4	-0.014156696476249021	9	0.65234375
RPS7	-0.30932296375951496	28	0.49323366582393646
RPS8	0.27168633907433687	28	0.02322421222925186
RPS9	0.2315079707632382	28	0.019113145768642426
RPSA	0.012235682858973349	28	0.5979221016168594
RPTOR	0.11831036435960456	28	0.6618045940995216
RQCD1	0.19806842797243968	13	1.0
RRAS	-0.2773507984274831	28	0.09002415090799332
RRAS2	-0.11582047378195671	25	0.3665854334831238
RRBP1	-0.06945525700913847	28	0.6455853804945946
RRP12	1.1319862474285922	22	0.007443428039550781
RRP1B	1.446384998810566	18	5.340576171875e-05
RRP9	0.045726870018058106	9	0.91015625
RRS1	1.557808047574784	20	0.0072956085205078125
RSL1D1	1.1066516068209182	28	7.204711437225342e-05
RSU1	0.27021874613289254	28	0.5221440717577934
RTCA	0.22604193570244335	28	0.49323366582393646
RTCB	0.14276288326341313	28	0.49323366582393646
RTFDC1	0.8632589300654786	16	0.00628662109375
RTN3	0.1548894183002305	5	
RTN4	-0.020971328596372792	28	0.4247525781393051
RUFY1	0.40212754160466396	25	0.457846462726593
RUVBL1	0.708531078880854	28	0.0024397894740104675
RUVBL2	0.8330551101804681	28	5.677342414855957e-06
RWDD1	0.37104911118240375	13	0.83935546875
RXRA	0.7556063859328783	8	0.0546875
RXRB	1.751713348111183	23	4.029273986816406e-05
S100A10	-0.5009780601882327	28	0.033681392669677734
S100A11	1.857715275775301	28	0.00015273690223693848
S100A14	-0.9994993550932048	24	0.036649227142333984
S100A16	-0.27121423742386264	12	0.4697265625
S100A4	-0.5767888560268835	28	0.18578492105007172
S100A6	0.33871834289000624	28	0.13751810044050217
S100A8	2.622643656353609	26	0.00019028782844543457
S100A9	1.8573996950592053	28	0.00011970102787017822
S100B	-2.389638700084059	24	1.1920928955078125e-06
S100P	-0.27991113664179024	6	0.5625
SAA1	0.017521474356959884	6	0.84375
SACM1L	0.3455774530418529	27	0.44104358553886414
SAE1	0.6958414969811839	28	0.01563260704278946
SAFB	0.4967265345508558	22	0.0025048255920410156
SAMD9L	1.2946107923264916	5	
SAMHD1	-0.36091313856038076	28	0.0018673688173294067
SAMM50	0.22727975218377683	28	0.07353667169809341
SAP30BP	1.0250385415858008	5	
SAR1A	0.08142228245778317	28	0.3272097110748291
SAR1B	0.21993492554787192	28	0.10925160348415375
SARNP	0.24874280429341797	27	0.018655240535736084
SARS	0.3782998896360993	28	0.011838570237159729
SARS2	0.3997788952893869	20	0.7011814117431641
SART1	1.3190940010016572	22	0.004684925079345703
SART3	0.5438372801781023	28	0.01025690883398056
SASH3	0.35653826041848335	26	0.35332122445106506
SATB2	0.21608643462720947	10	0.322265625
SBDS	0.3704958147188341	28	0.551873967051506
SBF1	1.0774787526777172	19	0.03234100341796875
SBSPON	-0.7284837736703558	6	0.3125
SCAF11	0.2705289423807181	5	
SCAMP1	0.538692388346437	18	0.16735076904296875
SCAMP2	-0.549760203791037	19	0.03234100341796875
SCAMP3	0.5171034905309604	25	0.01597297191619873
SCARB2	-0.11664396449746728	28	0.4514767527580261
SCCPDH	0.474121194350561	27	0.02623094618320465
SCFD1	-0.7736165365809902	28	0.1199713721871376
SCFD2	0.010069862139842711	20	0.8983173370361328
SCG2	-0.4857498382538858	8	0.640625
SCGN	-3.0718979053597777	8	0.0078125
SCIN	-1.3506449582587159	11	0.2783203125
SCOC	-0.17902016029750795	23	0.01955723762512207
SCP2	-0.16670383689561713	28	0.3052256628870964
SCPEP1	-0.3173504223732501	27	0.028018027544021606
SCRIB	1.086844027316716	28	0.053377434611320496
SCRN1	1.0128769931778263	17	0.056884765625
SCRN2	-0.4191881706133504	28	0.017886914312839508
SCYL1	-0.5774949503610602	7	0.21875
SCYL2	-0.11906920442198095	28	0.3160962611436844
SCYL3	0.3274207100157155	12	0.38037109375
SDCBP	0.8545156753572309	26	3.185868263244629e-05
SDCBP2	-0.16210395550299606	11	0.8310546875
SDF2L1	-0.4039187144822678	26	0.05251908302307129
SDF4	1.2952658265334307	11	0.013671875
SDHA	-0.6770084248451396	28	0.01102352887392044
SDHAF2	-0.4132096103611884	10	0.4921875
SDHB	-0.21636788746504865	28	0.156909741461277
SDHC	0.14054031949709023	26	0.3276410400867462
SDPR	-1.711425432887523	18	0.0076904296875
SDSL	-0.8894487059290732	9	0.12890625
SEC11A	0.11217321009162065	28	0.9374814853072166
SEC11C	-0.9633580092006273	28	9.395182132720947e-06
SEC13	0.28736674328209416	27	0.04910190403461456
SEC16A	0.5410945266057536	22	0.5660676956176758
SEC22B	-0.08300149364324498	28	0.5075842142105103
SEC23A	0.3421062843736482	28	0.11451615393161774
SEC23B	0.4304872751691728	28	0.10417398810386658
SEC23IP	0.5882135412823499	28	0.017886914312839508
SEC24A	0.35766300275579	28	0.10925160348415375
SEC24B	0.10879236723698707	28	0.18578492105007172
SEC24C	0.11914170576986036	28	0.4247525781393051
SEC24D	-0.38004470149429304	27	0.012076601386070251
SEC31A	0.255204072295457	28	0.12562106549739838
SEC61A1	-0.23506822136736988	26	0.2798910140991211
SEC61G	0.17562812676145975	28	0.4247525781393051
SEC63	0.18557011305539098	22	0.46277761459350586
SECISBP2	0.7918995032108279	19	0.060207366943359375
SEH1L	0.07816501316058204	27	0.6109333634376526
SEL1L	0.3238738093807295	14	0.8077392578125
SEL1L3	2.1605215910988576	5	
SELENBP1	-1.7212435050919097	28	1.5139579772949219e-05
SELM	0.055005159175841256	8	0.9453125
SELO	-0.010484422607302542	16	0.632171630859375
2024-09-15 00:00:00	0.23731901868803693	25	0.0801958441734314
SEPHS1	0.9232978449077012	27	0.0008278489112854004
SEPHS2	1.2119599448473295	18	0.0897674560546875
2024-09-01 00:00:00	0.46006859018797847	5	
2024-09-10 00:00:00	1.2088100435982576	15	0.01806640625
2024-09-11 00:00:00	0.33898652367180815	28	0.011838570237159729
2024-09-02 00:00:00	-0.013096800721819946	28	0.8489041775465012
2024-09-07 00:00:00	0.3692857942874175	28	0.003160528838634491
2024-09-08 00:00:00	0.8942306625613775	27	1.3113021850585938e-06
2024-09-09 00:00:00	0.3544871969923591	28	0.12562106549739838
SERBP1	0.5765476702531855	20	0.10539817810058594
SERINC5	0.6305081789005282	20	0.0005855560302734375
SERPINA1	0.3010343808066175	28	0.0379299521446228
SERPINA10	1.5204445400311841	5	
SERPINA3	-0.34166191001170004	28	0.9374814853072166
SERPINA4	1.5488199764999817	15	0.02557373046875
SERPINA6	-0.3204638200949431	8	0.84375
SERPINB1	0.4651441168083179	28	0.007629185914993286
SERPINB6	0.498065921081398	28	0.08565542846918106
SERPINB8	0.08353069732461603	16	0.93988037109375
SERPINB9	0.014609276961826794	23	0.5399188995361328
SERPINC1	0.4542403248035811	28	0.029833190143108368
SERPIND1	0.5608786384011046	28	0.0005833879113197327
SERPINE2	0.4301096453572828	14	0.216552734375
SERPINF1	0.8959971682286217	28	0.08145394921302795
SERPINF2	1.5244110902072192	8	0.546875
SERPING1	0.7681399972111366	27	0.012076601386070251
SERPINH1	1.7149741058764634	28	5.677342414855957e-06
SET	0.3201250036091302	28	0.012704446911811829
SETD3	0.5001795084661946	24	0.05264079570770264
SETDB1	-1.2778085740846132	15	0.04791259765625
SF1	0.5364567658324053	28	0.021778732538223267
SF3A1	0.8051901781774613	28	0.0004249662160873413
SF3A2	0.4516133057670869	21	0.21568012237548828
SF3A3	0.7612835986140867	28	5.529820919036865e-05
SF3B1	0.6948302321086675	28	0.01025690883398056
SF3B14	0.6086036403933481	28	0.0026621222496032715
SF3B2	0.055862416381031926	28	0.9553221687674522
SF3B3	1.1617358711668153	28	0.0006467849016189575
SF3B4	0.9733150089848809	28	0.0003814026713371277
SFN	0.39628914568058826	28	0.028050199151039124
SFPQ	0.784466187071003	28	0.01563260704278946
SFRP1	-0.5791352330404919	5	
SFSWAP	-0.039718820773703284	9	0.5703125
SFT2D3	0.025354879674188476	8	0.84375
SFXN1	0.24905280893590914	28	0.03170907497406006
SFXN3	0.6398574816177969	26	0.0002174675464630127
SGCD	-0.22782894953083493	19	0.21011734008789062
SGCE	-0.033217776893434726	9	0.91015625
SGK196	0.8896864795788777	8	0.0390625
SGPL1	0.03134503542660193	28	0.8665077835321426
SGSH	-0.10481490504376054	23	0.5803380012512207
SGTA	0.9449434794553659	23	0.01955723762512207
SH2D4A	-0.21231810818970184	7	0.21875
SH3BGRL	0.25605876989405657	28	0.27407141774892807
SH3BGRL2	-0.1205431182403989	27	0.3864929676055908
SH3BGRL3	0.37929530149598956	28	0.053377434611320496
SH3BP1	-0.3006020110101547	28	0.05638675391674042
SH3BP4	2.89926557686546	23	1.1920928955078125e-06
SH3GL1	0.7544003108742593	28	1.8849968910217285e-06
SH3GLB1	-0.38344036956530125	26	0.15736517310142517
SH3GLB2	0.02671995839479556	28	0.43800119310617447
SH3KBP1	-0.14616513431160627	27	0.0692269504070282
SH3PXD2A	1.3025627700204314	13	0.01708984375
SHC1	0.547777138682262	28	0.0020434409379959106
SHKBP1	0.1275596234779659	8	0.3125
SHMT1	-0.25940638752057904	22	0.06341934204101562
SHMT2	0.8560462761467853	28	0.00027351081371307373
SHPK	-0.2660335954742149	24	0.005330443382263184
SHROOM3	-0.8532501567195776	16	0.00335693359375
SIAE	-1.051501934515045	27	0.00016239285469055176
SIGIRR	-0.8664132261048788	26	0.000125885009765625
SIGMAR1	-0.12726154871873785	6	1.0
SIN3A	0.6726204193892614	23	0.01486515998840332
SIPA1	0.43309163694464814	24	0.19737839698791504
SIPA1L2	1.9566131284561603	17	0.0031585693359375
SIRT2	-0.20419996072345892	15	0.5614013671875
SIRT3	-0.2598995078863546	20	0.082550048828125
SIRT6	-0.31198067241758914	6	0.4375
SKIV2L	0.23312457091485395	28	0.831373319029808
SKIV2L2	0.677264401644022	28	0.007629185914993286
SKP1	1.1160816760132948	27	1.3113021850585938e-06
SLAIN2	0.4871745410945214	21	0.9186935424804688
SLC12A2	0.889313463844413	28	0.004778154194355011
SLC12A7	-1.6792500963099188	5	
SLC16A1	-0.3956741286887498	19	0.2753410339355469
SLC16A3	1.1817359527662035	28	2.0518898963928223e-05
SLC1A4	0.11415957371697442	16	0.322509765625
SLC1A5	1.1363535205063382	28	0.004060737788677216
SLC22A18	0.12880111903369645	16	0.19281005859375
SLC25A1	0.1740499974682777	28	0.479096382856369
SLC25A11	-0.06432903269178225	28	0.9910601079463959
SLC25A12	-0.43527593500348766	28	0.004778154194355011
SLC25A13	0.9038089798601778	28	0.026356667280197144
SLC25A15	0.8138110462545077	16	0.104583740234375
SLC25A24	-0.016767060648816105	28	0.8665077835321426
SLC25A3	0.4905471553760462	28	0.004406772553920746
SLC25A4	0.5316569585486517	20	0.029575347900390625
SLC25A5	0.45772723358779643	28	0.026356667280197144
SLC25A6	0.6459362214815167	28	0.01563260704278946
SLC26A2	-3.0823678280191364	12	0.00927734375
SLC26A3	-2.7330409665902664	16	0.00213623046875
SLC27A1	-0.008498305700941346	19	0.5152778625488281
SLC27A2	-0.001992031026051184	21	0.4319114685058594
SLC27A3	0.22452186089779508	15	0.5994873046875
SLC27A4	1.18423915263113	17	0.2068939208984375
SLC2A1	1.5947467782947327	28	7.964670658111572e-06
SLC30A6	-0.08698782230024724	15	0.389404296875
SLC30A7	0.8294509883130972	6	0.6875
SLC30A9	0.45961053536610447	9	0.30078125
SLC33A1	-0.10063501488182008	20	0.20244979858398438
SLC35D1	0.4346564196455598	5	
SLC37A3	0.9147708191583022	28	6.318092346191406e-05
SLC38A10	0.8981822336271117	8	0.25
SLC39A11	-0.2623978759135235	17	0.3778228759765625
SLC39A14	0.352099207439986	27	0.8965883553028107
SLC3A2	1.089543302155807	28	0.0001721307635307312
SLC44A1	-1.2547195320666082	28	6.556510925292969e-07
SLC44A2	-0.74555659190926	22	0.005275726318359375
SLC4A1	-0.9689675312862651	28	2.0518898963928223e-05
SLC4A1AP	0.5257999814608145	16	0.375457763671875
SLC4A4	-1.4637225259621043	10	0.00390625
SLC4A7	0.2788537527668361	14	0.267578125
SLC9A1	-0.21818249551984895	19	0.24125289916992188
SLC9A3R1	-0.46199113389324353	28	0.05049888789653778
SLC9A3R2	0.0038390097095448595	18	0.468292236328125
SLFN5	0.6966597067567386	14	0.2957763671875
SLIRP	2.6617613192242153	25	0.0004894733428955078
SLIT3	-0.05742319884307243	6	0.84375
SLK	-0.23383771857440563	19	0.4413337707519531
SLMAP	-0.5085664564581232	17	0.17425537109375
SMAP1	0.20452526376855867	28	0.3052256628870964
SMAP2	-0.19456367799716606	25	0.5601714849472046
SMARCA2	0.6854376413263102	27	0.03620612621307373
SMARCA4	1.0958618354283707	21	3.147125244140625e-05
SMARCA5	1.200494993724361	26	0.18135443329811096
SMARCAD1	0.2746022310954972	8	0.546875
SMARCB1	-1.2510559888875046	6	0.15625
SMARCC1	1.1825305355455464	20	0.005580902099609375
SMARCD2	0.8566651687138332	25	0.0018156766891479492
SMARCE1	0.3641497238285508	26	0.08419731259346008
SMC1A	0.6355307830831893	28	0.07353667169809341
SMC2	2.7955231150437134	10	0.130859375
SMC3	0.11058881437605199	28	0.27407141774892807
SMC5	0.28459531018504947	9	0.25
SMC6	-0.17319234084475135	24	0.45587432384490967
SMCHD1	-0.9773894883407431	27	0.5303222090005875
SMEK1	0.35305168973743906	18	0.22875213623046875
SMG5	0.05359600832773619	5	
SMIM20	-0.14681473611201043	13	0.587890625
SMPD3	-1.5025875572290792	21	1.811981201171875e-05
SMS	0.4200934615653008	28	0.0051764026284217834
SMTN	0.5739218989603964	27	0.5303222090005875
SMU1	0.19902405116066477	25	0.2872292995452881
SNAP23	-0.10846867924398187	28	0.5670346617698669
SNAP29	-1.0240471032496214	11	0.9658203125
SNAPIN	0.40933413695829457	16	0.21142578125
SND1	0.6807975148322891	28	0.003438994288444519
SNF8	-0.008404436212419493	22	0.774528980255127
SNRNP200	0.4801550880918615	28	0.008224666118621826
SNRNP40	0.17959838379488574	26	0.05935487151145935
SNRNP70	0.9013691126575415	28	0.0004249662160873413
SNRPA	1.4087454805251165	25	0.007370948791503906
SNRPA1	0.4355160156147039	28	0.040213532745838165
SNRPB2	0.5436051924917422	24	0.024863600730895996
SNRPC	-0.138340646008388	21	0.8648872375488281
SNRPD1	0.27033721738498373	28	0.7621389999985695
SNRPD2	0.17648603670117055	28	0.016727693378925323
SNRPD3	0.1787427470576961	28	0.4117337390780449
SNRPE	0.32651593715888605	24	0.022932052612304688
SNRPG	0.45598537542271284	28	0.0051764026284217834
SNTB1	0.7685079540697948	19	0.049365997314453125
SNTB2	-0.5215075853268551	26	0.0009347796440124512
SNW1	0.028169600968033053	28	0.6136380508542061
SNX1	0.04506825994642034	28	0.43800119310617447
SNX12	0.8277664198250902	28	4.2110681533813477e-05
SNX17	-0.6540606999368754	14	0.0418701171875
SNX18	-0.09704610998875292	22	0.8485937118530273
SNX2	-0.030347314227685093	26	0.7643943428993225
SNX27	0.10015026877315797	28	0.7621389999985695
SNX3	1.0523686715823026	28	0.0020434409379959106
SNX33	0.06237764936853641	13	0.21630859375
SNX4	0.11081010557423872	23	0.17933368682861328
SNX5	0.08934221445073756	28	0.551873967051506
SNX6	-0.08327480840920032	28	0.8841757625341415
SNX7	0.979033293690239	6	0.21875
SNX8	0.8439246336803996	16	0.001678466796875
SOAT1	0.08754351338989158	28	0.7281656339764595
SOD1	-0.11535409607021595	28	0.2842133492231369
SOD2	0.5839547341146863	28	0.0012892335653305054
SOD3	-0.11801987978105048	28	0.551873967051506
SORBS1	0.37896501269592386	28	0.23591722548007965
SORBS2	-1.4114426404844584	26	0.0032291412353515625
SORBS3	0.3586051666146497	28	0.3620011880993843
SORD	0.47022846564138865	28	0.12562106549739838
SORT1	-0.7837517221077447	15	0.389404296875
SOS2	-2.2384898355924725	5	
SP100	0.15774182420579652	16	0.129730224609375
SPAG1	0.4032795284026721	17	0.044769287109375
SPAG7	1.4678504037073705	11	0.0673828125
SPAG9	0.08864685516692922	28	0.3620011880993843
SPARCL1	1.053627620388704	8	0.015625
SPAST	0.382360685929282	21	0.37372493743896484
SPATA20	-0.03734156546370625	9	0.65234375
SPATA5	0.2962067564593059	9	0.8203125
SPATS2L	0.6367883901633558	27	0.05520309507846832
SPCS2	-0.23666023586925905	28	0.0379299521446228
SPCS3	-0.681981242685883	27	0.0004787445068359375
SPECC1	0.18011157826634497	5	
SPN	0.5401128512943097	8	0.078125
SPON1	-1.3327378553028577	16	0.001678466796875
SPR	0.14232578054259676	28	0.4117337390780449
SPRYD4	0.113102485472731	6	0.84375
SPTA1	-0.6663128614179825	24	0.21821892261505127
SPTAN1	-0.1337354944723442	28	0.17090606689453125
SPTB	0.051947827666213205	27	0.8965883553028107
SPTBN1	-0.16980301802158404	28	0.028050199151039124
SPTLC1	-0.4619879986288085	28	0.0003418475389480591
SPTLC2	1.4826408332646788	13	0.004638671875
SQRDL	-1.1154317829763594	28	1.8849968910217285e-06
SRC	0.5314653486609717	22	0.05869007110595703
SREK1	1.4299529709128196	27	0.003550395369529724
SRI	-0.2664207025135398	28	0.3052256628870964
SRM	2.7494449593657913	28	0.0015547871589660645
SRP14	0.4467410747808216	28	0.04774715006351471
SRP19	0.9312489275938258	10	0.001953125
SRP54	0.2656492094983839	28	0.03170907497406006
SRP68	0.5911398866302787	27	0.08148856461048126
SRP72	0.8242105378709286	26	0.011966735124588013
SRP9	-0.4384145136434527	26	0.2369500696659088
SRPK1	0.6593313113540376	28	0.042608387768268585
SRPK2	0.3003815840646907	12	0.02685546875
SRPR	0.8311047219631046	8	0.109375
SRPRB	0.10958241680579113	23	0.6010458469390869
SRPX	-0.35339892718940213	11	0.4130859375
SRRM1	-0.014194920698304489	27	0.6109333634376526
SRRM2	0.617299265098988	28	0.014598868787288666
SRRT	0.6569542985318303	26	0.05935487151145935
SRSF1	0.6409140237870883	28	0.0007162094116210938
SRSF11	0.651501476569077	18	0.00157928466796875
SRSF2	0.6677456490786111	28	0.0011721327900886536
SRSF3	0.07056185887908809	26	0.7265399694442749
SRSF4	0.6906137252051311	27	0.014005735516548157
SRSF5	0.6431519681806207	25	0.00806879997253418
SRSF6	0.7847410051069958	25	3.2782554626464844e-06
SRSF7	0.7059117758575297	28	0.0012892335653305054
SRSF9	0.7767720620111487	28	0.0005255788564682007
SSB	0.831661964655577	28	0.0007921457290649414
SSBP1	2.102520110137005	25	0.00032907724380493164
SSH3	0.49401113658174634	16	0.000579833984375
SSR1	0.049314576701048954	28	0.38639477640390396
SSR3	0.19620371736786757	28	0.21827305853366852
SSR4	0.3727802353488572	28	0.003738619387149811
SSRP1	0.5156947266908373	28	0.01362369954586029
SSSCA1	1.1534903857224366	7	0.015625
SSU72	0.8294943692426157	7	0.109375
ST13	0.3203932354004639	28	0.05953092873096466
ST14	-0.34358124617536895	27	0.12860044836997986
ST6GALNAC1	-1.7614705528184234	8	0.109375
ST6GALNAC6	-0.8451072731472644	6	0.4375
STAB1	-2.1203883034947153	24	6.556510925292969e-06
STAG1	0.49609819266945765	24	0.12084019184112549
STAG2	1.7178798874145893	16	0.000152587890625
STAM	0.5552960462868343	21	0.038437843322753906
STAM2	-0.028927185463502047	23	0.36039113998413086
STAMBP	-0.4288519675177487	25	0.20993918180465698
STAP2	-1.2874293145064921	12	0.00146484375
STARD10	0.2552250759070362	27	0.3361395001411438
STARD5	-0.006225360190573619	18	0.8985748291015625
STAT1	0.7864193376128849	28	0.003738619387149811
STAT2	0.7202705257764923	14	0.153076171875
STAT3	0.28791189217910584	28	0.11451615393161774
STAT5A	0.2697446274233465	7	0.578125
STAT6	-0.09279571762284684	28	0.5221440717577934
STAU1	1.1669444116212122	28	0.007071197032928467
STBD1	0.08532387009026451	5	
STIM1	0.2924739772723026	28	0.5369088649749756
STIP1	0.38009598149472423	28	0.009536407887935638
STK10	0.7406994495951866	25	0.002025127410888672
STK11IP	-0.4556794837761898	7	0.8125
STK24	1.0541900497885988	10	0.064453125
STK38L	0.4588933999998707	9	0.42578125
STK39	0.27014073568453223	21	0.3376598358154297
STK4	0.5587109594108018	19	0.5677604675292969
STMN1	0.05602328904628398	24	0.6230943202972412
STOM	0.1848416671478423	28	0.7965622618794441
STOML2	1.0610818810362592	28	0.00019368529319763184
STRAP	1.0165405183182634	28	0.00015273690223693848
STRBP	1.1857817316908716	24	2.014636993408203e-05
STRIP1	0.011255209699552954	23	0.5599584579467773
STRN	-0.028563070021392238	25	0.4741646647453308
STT3A	0.13720233140931964	28	0.46517620980739594
STT3B	0.6126626031480253	28	0.0007921457290649414
STUB1	0.05610439087147487	6	0.6875
STX12	-0.27543699110497344	28	0.13146880269050598
STX16	-0.31683758585298105	15	0.67877197265625
STX17	-0.04088883111286635	17	0.7466583251953125
STX18	0.26529492454724807	21	0.37372493743896484
STX4	0.42157905272138635	17	0.328948974609375
STX6	1.3736865907086444	11	0.013671875
STX7	0.4351927899196717	28	0.026356667280197144
STXBP1	0.18369097446757124	21	0.6091489791870117
STXBP2	-0.2542507196910098	26	0.8612560033798218
STXBP3	0.2357951517093521	28	0.15023531019687653
STXBP5	0.4590836878407506	7	0.46875
STXBP6	0.21488581085209466	5	
STYK1	-0.08062212007111264	6	0.84375
SUB1	0.21463869254179319	28	0.7281656339764595
SUCLA2	0.37378505762609526	28	0.08145394921302795
SUCLG1	-0.36502426642593006	27	0.12253367900848389
SUCLG2	-0.752225930735505	28	0.000244140625
SUGP2	4.049540043431447	9	0.02734375
SUGT1	0.2789220822689395	26	0.13578131794929504
SULT1A1	-1.8557515407710719	14	0.0040283203125
SULT1B1	0.5311939143291996	22	0.23476219177246094
SUMF2	0.7135250206959246	28	0.0009657368063926697
SUN1	-0.26562685165629	14	0.8077392578125
SUN2	0.008259185746863648	28	0.4247525781393051
SUPT16H	1.9947296612811556	28	0.0003059804439544678
SUPT5H	0.5771781841397954	22	0.8237285614013672
SUPT6H	1.7789620325154298	25	0.0005564093589782715
SURF4	0.5453837117812149	28	0.003738619387149811
SUSD2	0.21067900077265747	11	0.7646484375
SVIL	-0.15727428226088244	6	0.84375
SWAP70	0.3339535056144637	20	0.6476554870605469
SYAP1	0.3263337769040018	25	0.5249125957489014
SYK	-1.4966631482983825	6	0.5625
SYMPK	0.8364284943790191	21	0.11105823516845703
SYNCRIP	0.49819512692085527	28	0.019113145768642426
SYNE1	0.830872728763741	17	0.4037628173828125
SYNE2	-0.42861783073076143	25	0.21998637914657593
SYNE3	-0.46221252471823104	22	0.15597057342529297
SYNGR2	-0.13024247541386075	10	0.845703125
SYNM	-0.09936740998587051	25	0.7711594104766846
SYNPO	-0.3111900755945782	23	0.44520044326782227
SYNPO2	-0.6967349907913395	27	0.12253367900848389
SYNRG	2.5994224353926865	5	
SYPL1	0.32579535098878315	28	0.0051764026284217834
SYTL2	-1.1925612195811262	6	0.3125
TAB1	1.0141815734433468	20	0.5958194732666016
TACC1	-0.24796412559162412	24	0.40611207485198975
TACC2	0.8349008935585637	15	0.207763671875
TACO1	0.06361589125669896	27	0.8407831341028214
TAF15	0.7084381211992481	26	0.046331167221069336
TAF6	0.6183810525793229	9	0.1640625
TAF8	0.2879423639756696	8	0.25
TAF9	-0.7849793603226136	18	0.0182342529296875
TAGLN	0.7638665581349424	28	0.040213532745838165
TAGLN2	0.7236645281197256	28	1.259148120880127e-06
TAGLN3	0.5275160990474175	14	0.0166015625
TALDO1	0.34896108735074527	28	0.0379299521446228
TAMM41	1.2917619693912812	16	0.000762939453125
TANC1	-1.3827197790061156	11	0.0185546875
TANC2	-0.18384544687425938	13	0.127197265625
TAOK1	0.7271564315048067	14	0.067626953125
TAOK3	0.6135487355399855	24	0.0007423162460327148
TAP1	0.5225058475097254	28	0.05953092873096466
TAP2	1.0277194083620456	27	0.005940347909927368
TAPBP	0.37263461740071574	23	0.25945234298706055
TAPBPL	0.6571632786226563	8	0.546875
TARDBP	0.648979209961917	28	0.01362369954586029
TARS	0.6633770553386413	28	0.016727693378925323
TARS2	1.316531327442609	13	0.10986328125
TATDN1	1.5079464685214732	14	0.118896484375
TAX1BP3	-0.10567902710137343	21	0.5854024887084961
TBC1D10B	0.33083781392808637	8	0.7421875
TBC1D15	0.977620729248975	28	0.011838570237159729
TBC1D17	0.3023440274591628	14	0.3258056640625
TBC1D22A	0.1395698950120029	23	0.31455397605895996
TBC1D23	0.1817608423476344	22	0.3534979820251465
TBC1D2B	0.8210298589546806	25	0.029578447341918945
TBC1D4	1.5894573583829432	28	0.004778154194355011
TBC1D8B	0.6587800922973275	14	0.10400390625
TBC1D9B	1.4516784942773637	28	1.259148120880127e-06
TBCA	0.849084480945974	27	0.001529410481452942
TBCB	0.8412009727697941	24	0.06464934349060059
TBCD	0.9214430741721844	26	0.001971602439880371
TBCE	0.024544048268875497	25	0.8948604464530945
TBCEL	0.453859993096532	24	0.033985137939453125
TBK1	0.578200577432369	14	0.118896484375
TBL1XR1	-0.8520264829069747	6	0.84375
TBL2	0.7286810223553389	25	0.008822321891784668
TBL3	4.315497257165071	12	0.00244140625
TBRG4	0.7999065743007725	24	0.009575724601745605
TBXAS1	0.3594198866623673	23	0.988100528717041
TCEA1	1.2745785552966928	24	4.4226646423339844e-05
TCEB1	1.151314032063268	15	0.083251953125
TCERG1	0.953431758382261	28	0.0005833879113197327
TCF25	0.7412475768784011	22	0.050072669982910156
TCIRG1	0.5960861938775601	22	0.05869007110595703
TCOF1	0.9851394303844576	24	0.00020515918731689453
TCP1	0.5131802835955337	28	0.0005833879113197327
TCP11L1	-0.33576036806693177	7	0.375
TDRD7	0.2884311828992752	17	0.8175811767578125
TECR	0.3106956122347514	28	0.007629185914993286
TELO2	2.1949633045005434	9	0.00390625
TENC1	-0.7136146100436063	16	0.000579833984375
TEP1	-0.3991262521428132	28	0.3620011880993843
TES	0.5998183327859734	28	0.07741569727659225
TEX10	0.29773754625209	27	0.018655240535736084
TEX264	0.36719465559947806	12	0.6220703125
TF	0.6806151208549072	28	0.0012892335653305054
TFAM	0.319742842516642	27	0.27924175560474396
TFCP2	0.10291119551413701	14	0.5015869140625
TFG	-0.17028091463128284	28	0.2842133492231369
TFRC	1.668584781136353	28	3.17990779876709e-05
TG	-1.0593840402872778	9	0.12890625
TGFB1I1	0.6547845224366253	28	0.007071197032928467
TGFBI	1.1059175416053049	28	1.043081283569336e-07
TGM2	-0.1007505380754797	28	0.5670346617698669
THADA	-0.17976761927356338	7	0.9375
THBS1	2.604588850472951	28	2.4586915969848633e-07
THEM6	1.2082213518849465	27	0.006450757384300232
THEMIS2	1.5856858992510372	14	0.0579833984375
THNSL1	1.0868532058485378	12	0.26611328125
THOC2	0.5898387177005879	28	0.042608387768268585
THOC3	1.209542494729451	13	0.057373046875
THOC6	1.582045178403007	8	0.0078125
THOP1	1.0110491714362935	23	0.11142587661743164
THRAP3	0.5679577051235886	25	0.00028705596923828125
THSD4	0.8700538274281471	15	0.00537109375
THUMPD1	0.3957507174256998	28	0.0017047896981239319
THY1	0.6849358734320953	27	7.289648056030273e-05
THYN1	0.13043787380959537	19	0.7982521057128906
TIA1	0.7496157955425595	10	0.083984375
TIAL1	1.1867067673441762	26	2.6941299438476562e-05
TIMM13	0.5765085993845501	27	0.0007440149784088135
TIMM22	0.3115587327625412	11	0.3203125
TIMM44	0.40943506858068884	28	0.10925160348415375
TIMM50	0.3905860568427777	28	0.17090606689453125
TIMM8A	1.9015049212104354	27	0.00010977685451507568
TIMM8B	0.25020991336709536	16	0.49542236328125
TIMP3	-0.16634793976371137	8	0.4609375
TINAGL1	-0.39580659156163434	28	0.10925160348415375
TIPRL	-0.09234655489267866	28	0.5823858305811882
TJP1	0.6444767898967511	28	0.011838570237159729
TJP2	1.181527505478276	28	0.01563260704278946
TJP3	-0.6944558471930149	26	0.021971672773361206
TKT	0.3044959689672064	28	0.1935620754957199
TLDC1	1.5629819571876558	15	0.0067138671875
TLN1	-0.04202812790090173	28	0.5670346617698669
TLN2	-0.2611590196340107	28	0.029833190143108368
TM9SF2	-0.22736570282166424	28	0.7792982533574104
TM9SF3	0.3988978233834527	28	0.17090606689453125
TM9SF4	-0.22571042133720745	27	0.2583710700273514
TMA16	0.15350179874016623	11	0.5771484375
TMBIM1	0.821872508740719	20	0.0014324188232421875
TMCC3	0.4234252847715631	5	
TMCO1	0.6871975792002725	20	0.16495704650878906
TMED10	0.5153572160896621	28	0.0017047896981239319
TMED2	-0.41910753579264126	8	0.640625
TMED3	1.0532420212769795	7	0.46875
TMED4	0.24810471895486777	27	0.022940203547477722
TMED5	0.6569968142509546	24	0.004810690879821777
TMED9	0.8246323943432599	28	0.00019368529319763184
TMEM109	0.01954179285944793	28	0.5979221016168594
TMEM120A	-0.32517401641737054	26	0.05251908302307129
TMEM126A	0.46882572820142254	23	0.2467491626739502
TMEM165	0.19258807412557355	10	0.01953125
TMEM167A	0.5998718411244834	28	0.014598868787288666
TMEM173	-0.1580878559060273	15	0.76153564453125
TMEM198	0.5432506024785952	10	0.625
TMEM2	1.13336025218321	8	0.109375
TMEM205	0.12662534498456915	27	0.7676084339618683
TMEM214	0.9007299467085803	24	0.11396121978759766
TMEM256	0.05108062526901266	23	0.6649994850158691
TMEM258	1.6081819878991332	15	0.00537109375
TMEM30B	-1.817411010798117	10	0.009765625
TMEM33	0.009280369207959835	7	0.46875
TMEM43	0.42608217692204575	28	0.0009657368063926697
TMEM45B	-0.34681629343831566	22	0.046160221099853516
TMEM50A	0.8563368708826531	21	0.00024127960205078125
TMEM55B	0.8836743954756668	8	0.0546875
TMEM59	0.37749125918710325	18	0.19638824462890625
TMEM70	0.3275795135456898	16	0.17535400390625
TMEM97	1.2748215089415837	14	0.001708984375
TMF1	0.4823012192344263	26	0.670972615480423
TMLHE	0.2907419456050107	11	0.7646484375
TMOD1	-0.325922685824761	14	0.2412109375
TMOD3	-0.4762237480546154	28	0.06981273740530014
TMPO	-0.07277631158798538	28	0.813923291862011
TMPPE	-0.4176555518016797	16	0.02899169921875
TMSB10	0.6602904312687943	28	0.0018673688173294067
TMSB4X	-0.05602299426324455	27	0.7495975196361542
TMX1	1.0709338438596994	25	0.03933870792388916
TMX2	-0.13251873337308764	24	0.19737839698791504
TMX3	0.6877959893836809	25	0.05157625675201416
TMX4	0.26502662408284894	27	0.1854744255542755
TNC	2.782371533094909	28	3.725290298461914e-08
TNFAIP2	-0.3391258877271418	18	0.522613525390625
TNFAIP8L2	-0.0970968213321654	26	0.9204553663730621
TNKS1BP1	0.04416072878906663	28	0.9018996506929398
TNPO1	0.4714335622359669	28	0.007071197032928467
TNPO2	0.30593658922712064	28	0.0015547871589660645
TNPO3	1.1074620329450686	20	0.005580902099609375
TNS1	-0.4146527662482354	28	0.23591722548007965
TNS3	0.5059837105294294	23	0.30013346672058105
TNXB	-1.7953152982413716	27	1.5929341316223145e-05
TOLLIP	0.29068978168255166	28	0.14377250522375107
TOM1	0.445394325571463	28	0.01563260704278946
TOM1L2	-0.33602079838131704	23	0.13413381576538086
TOMM20	-1.0874180650995537	11	0.240234375
TOMM22	1.0030744022803688	28	0.004406772553920746
TOMM34	4.282087739353999	24	6.389617919921875e-05
TOMM40	0.25833205811410764	28	0.042608387768268585
TOMM70A	0.4075605618056488	28	0.011838570237159729
TOP1	1.2567937019388653	28	0.0010645166039466858
TOP2B	0.2649186632731346	28	0.01563260704278946
TOR1A	1.5874702278272543	15	0.041259765625
TOR1AIP1	0.5017697954424609	28	4.830211400985718e-05
TOR1B	-0.3228202329127834	14	0.5416259765625
TOR2A	0.054579278808129295	19	0.6794281005859375
TOR4A	1.5863192696613515	12	0.1513671875
TP53BP1	2.055740113811921	6	0.0625
TP53I11	0.11872406429325215	8	0.84375
TP53I3	-0.4067875794368292	28	0.008224666118621826
TP53RK	0.29964729447424265	26	0.07514902949333191
TPCN1	-0.830074998557688	5	
TPD52	-0.32227414103708657	28	0.3620011880993843
TPD52L2	0.6085332838043163	28	4.2110681533813477e-05
TPI1	0.5866636533641496	28	0.0004249662160873413
TPK1	-0.22728019653660494	11	0.8984375
TPM1	0.3860600501220466	28	0.06981273740530014
TPM2	0.31257408976286294	28	0.03170907497406006
TPM3	0.2746491792969199	28	0.35016296058893204
TPM4	0.8963176680129394	28	0.0015547871589660645
TPMT	0.42761652620053986	21	0.038437843322753906
TPP1	-0.29279660625709847	28	0.07741569727659225
TPP2	0.06671693859155445	28	0.7450922578573227
TPPP3	-1.0450255977206693	15	0.25238037109375
TPR	0.26686597651716215	28	0.08145394921302795
TPRG1L	0.6275794697380752	24	0.017870306968688965
TPRKB	0.7643933926969302	28	0.17823376506567
TPT1	1.043325022709265	28	0.0004249662160873413
TRA2A	-0.580386906326906	14	0.029541015625
TRA2B	0.190913669733395	28	0.7621389999985695
TRADD	1.32867647198679	20	0.0042209625244140625
TRAF2	0.8709442895402746	8	0.109375
TRAF6	0.2718334055881043	8	0.9453125
TRAM1	0.6772758660682973	17	0.1454315185546875
TRAP1	1.183628599357258	28	0.00021760910749435425
TRAPPC10	0.7988913130801216	12	0.0341796875
TRAPPC11	0.777636559438873	14	0.855224609375
TRAPPC3	0.37224804325688465	28	0.0010645166039466858
TRAPPC4	-0.01925887703706861	23	0.25945234298706055
TRAPPC5	-0.4668911109224093	8	0.0546875
TRAPPC8	-0.057519039077351015	5	
TRIM14	-0.25028642747210955	17	0.4873809814453125
TRIM2	0.9037821968656462	18	0.010406494140625
TRIM21	0.7600057410445263	27	0.006450757384300232
TRIM25	0.04983467978781321	28	0.7792982533574104
TRIM26	0.21128062235226763	10	0.4921875
TRIM28	0.909844065188566	28	2.7544796466827393e-05
TRIM47	1.3535780005235705	11	0.123046875
TRIM56	1.6931468582274298	28	0.001416526734828949
TRIM65	-1.4863660982307716	14	0.0107421875
TRIO	2.4205756828202736	17	0.0002899169921875
TRIOBP	0.1497213364378455	14	0.3909912109375
TRIP10	0.7084302293675552	26	0.14990898966789246
TRIP11	0.24041567324276425	18	0.3692169189453125
TRIP12	1.1283680413873887	27	0.0042315274477005005
TRIP4	0.6189769063500952	17	0.120208740234375
TRIP6	0.2387355837272745	18	0.11870574951171875
TRMT1	0.6827922510191073	23	0.003874063491821289
TRMT10C	0.6478955957483027	25	0.0037809014320373535
TRMT112	-0.24707934172922347	10	0.4921875
TRMT1L	0.4511050086024896	21	0.1789875030517578
TRMT6	0.6645137998179158	11	0.2783203125
TRNT1	0.46993042075656344	18	0.02684783935546875
TROVE2	0.2975014024474546	28	0.18578492105007172
TRPM4	-0.7995444310119493	25	0.03933870792388916
TRPT1	0.6940628778463611	18	0.0182342529296875
TRRAP	1.4217509446685184	28	0.003738619387149811
TSC1	0.01611568577863654	28	0.5075842142105103
TSC2	1.8437273117225659	9	0.12890625
TSC22D4	-0.30926485962161004	5	
TSFM	0.7519629095621878	28	0.0056031495332717896
TSG101	0.08846899268930108	28	0.5369088649749756
TSN	0.5416230915599787	26	0.00468936562538147
TSNAX	1.1767345594395735	25	0.00032907724380493164
TSPAN1	0.5328343496418899	26	0.07957255840301514
TSPAN15	-0.15486764837750036	25	0.8948604464530945
TSPAN8	-2.684133756840062	7	0.078125
TSPAN9	-0.03371717386564516	6	1.0
TSR1	2.701567187522491	9	0.0078125
TST	-0.6974033549411307	28	0.0003059804439544678
TSTA3	0.6439671130597351	28	0.09002415090799332
TSTD1	-0.11576433485479042	21	0.47333431243896484
TTC1	0.4656418455675994	19	0.015972137451171875
TTC19	0.2499642082847089	24	0.8553357124328613
TTC37	-0.6561236981080958	10	0.10546875
TTC38	-0.5836172593260468	28	0.014598868787288666
TTC39A	-0.4554364892132169	5	
TTC4	0.6009876614095352	6	0.3125
TTC7B	0.16160613066167534	18	0.28372955322265625
TTLL12	0.694040109942633	28	0.01563260704278946
TTR	0.13196685289348226	28	0.2842133492231369
TUBA1C	0.27085823138636544	26	0.016333162784576416
TUBA4A	0.19573917425056264	28	0.01563260704278946
TUBAL3	-0.35002775002107966	28	0.07353667169809341
TUBB	0.6218962795626108	28	6.318092346191406e-05
TUBB2B	0.5363804523246752	7	0.078125
TUBB3	0.6967477475655015	28	1.5139579772949219e-05
TUBB4A	0.4299668257005725	27	0.0007440149784088135
TUBB4B	0.5043335167952152	6	0.4375
TUBB6	0.8480490862063464	28	1.1049211025238037e-05
TUBG1	0.1581585346261189	11	0.5771484375
TUBGCP2	0.048681025036226094	28	0.479096382856369
TUBGCP3	1.0789568822166542	28	0.000244140625
TUBGCP5	-1.0680184234286512	9	0.203125
TUFM	0.09054915376015038	28	0.38639477640390396
TWF1	1.4543026699883508	27	0.0007440149784088135
TWF2	0.24394083791810917	28	0.2015676274895668
TXN	0.560343137050828	28	0.0379299521446228
TXN2	-0.18215030644044397	27	0.5460176914930344
TXNDC11	-0.9319013712658057	12	0.0068359375
TXNDC17	0.23409013351202196	28	0.0451183095574379
TXNDC5	-0.7191400135434475	28	4.0978193283081055e-07
TXNL1	0.225422542063473	27	0.1414058655500412
TXNRD1	0.6803902130921767	28	0.0003814026713371277
TYMP	0.9091191430672916	28	8.20159912109375e-05
U2AF1	0.4516923724702293	28	0.042608387768268585
U2AF2	1.0269167979523994	28	0.00010570138692855835
U2SURP	0.7342680552615534	25	0.010510802268981934
UACA	0.003952908931654314	28	0.8489041775465012
UAP1	-0.418928831480062	14	0.42626953125
UAP1L1	0.4935661439894746	28	0.3160962611436844
UBA1	0.7779642191350684	28	0.00019368529319763184
UBA2	0.9036621704721534	27	0.006998494267463684
UBA3	1.3104191055603474	26	0.0002174675464630127
UBA5	0.1457814523957788	23	0.20015525817871094
UBA6	0.8970557729786544	28	0.003438994288444519
UBA7	-0.33515679057189884	24	0.10738253593444824
UBAC1	-0.17999097015077098	28	0.08145394921302795
UBAP2L	0.9330028601896306	28	0.00011970102787017822
UBE2I	0.8598879335821833	19	0.000789642333984375
UBE2J1	-0.5477169460705552	7	0.578125
UBE2K	0.4892364269922869	28	0.0026621222496032715
UBE2L3	-0.3136260069674231	28	0.01025690883398056
UBE2L6	0.5498154501674716	20	0.15364646911621094
UBE2M	0.7629977297136158	23	0.0074520111083984375
UBE2N	0.7346866836371847	28	0.0026621222496032715
UBE2O	0.559526167989133	18	0.1083831787109375
UBE2R2	0.31803345430319535	8	0.3828125
UBE2Z	0.7869075622289999	21	0.02157115936279297
UBE3A	0.7540399666645298	24	0.0035042762756347656
UBE3C	1.4981431582731155	17	1.52587890625e-05
UBE4A	-0.7619191946322936	27	0.1698138564825058
UBE4B	-0.09385965084443727	19	0.8287849426269531
UBLCP1	0.1735187137025567	27	0.16235288977622986
UBP1	4.801174812223774	14	0.067626953125
UBQLN1	0.7624906538210918	24	0.0031430721282958984
UBR1	-0.41953889151378443	9	0.91015625
UBR2	0.29462074889162676	7	0.8125
UBR4	0.08341631438284727	28	0.21827305853366852
UBR5	0.5561071026626645	27	0.06189882755279541
UBTF	0.5646291999331007	27	0.01506437361240387
UBXN1	0.4355332895625563	20	0.1230926513671875
UBXN4	-0.15806506801438594	26	0.6348496079444885
UBXN6	0.14756234655864187	14	0.625732421875
UBXN7	0.7695018620370035	14	0.118896484375
UCHL1	-0.8168292450399757	24	0.0025163888931274414
UCHL3	1.4198279797208073	26	0.0010443925857543945
UCHL5	-0.09598460805679287	28	0.7792982533574104
UCK2	-0.21316586339748517	10	0.275390625
UFC1	0.1581729309347251	27	0.14815247058868408
UFD1L	1.0747102108849909	27	2.518296241760254e-06
UFL1	-0.18945532986248498	28	0.7113664001226425
UFM1	-0.7739436311882695	8	0.078125
UFSP2	0.09553287259316554	25	0.457846462726593
UGDH	-0.5968903004969177	28	3.203749656677246e-07
UGGT1	0.23726443929348479	28	0.10417398810386658
UGP2	-0.9084691803914566	28	1.765042543411255e-05
UGT1A10	0.1028408292905559	16	0.348388671875
UGT2A3	-1.9465274260674297	15	0.00115966796875
UGT8	-0.0729678719931743	15	0.5994873046875
UMPS	0.951665894922471	28	0.003438994288444519
UNC13B	0.21649181989676375	7	0.9375
UNC13D	0.2872296127993127	12	0.7333984375
UNC45A	0.9635552818407074	28	0.00021760910749435425
UPF1	0.3796966640636018	28	0.003738619387149811
UPF2	0.22248333126060205	19	0.4180412292480469
UQCR10	-0.7599274599576425	25	0.0008081197738647461
UQCR11	-0.9665840267310953	9	0.01953125
UQCRB	0.2336810218878401	20	0.6215133666992188
UQCRC1	-0.46442209000986545	28	0.0011721327900886536
UQCRC2	-0.3453243560474746	28	0.029833190143108368
UQCRFS1	-0.42920331913880616	28	0.007629185914993286
UQCRH	-0.11495815089098407	28	0.7792982533574104
URB1	3.6290176807990915	17	0.000152587890625
URI1	0.07676996597082486	9	0.65234375
URM1	0.6904908264855824	28	0.0011721327900886536
UROD	3.079775518296551	23	0.008262157440185547
USH1C	-0.08100974931241843	26	0.5153007805347443
USMG5	-0.6165592272220652	25	0.4741646647453308
USO1	0.10064160061337393	28	0.7450922578573227
USP10	1.0402010082123017	26	0.00041159987449645996
USP14	0.9158837718751425	28	6.318092346191406e-05
USP15	0.5595475727336275	27	0.10040661692619324
USP24	0.07409538391015251	28	0.8841757625341415
USP4	2.2010473753378594	14	0.0067138671875
USP47	0.22265195260006354	26	0.040747225284576416
USP5	0.15956428684296697	28	0.23591722548007965
USP7	0.12089000167520714	28	0.33856552094221115
USP8	0.43479750577844223	25	0.18172985315322876
USP9X	0.7961641151102139	28	0.08565542846918106
USP9Y	0.3484052137835041	25	0.04215019941329956
UTP15	1.4238150688257727	27	4.5746564865112305e-06
UTP20	4.066894343893154	12	0.0048828125
UTRN	-0.9570610940228933	28	1.1049211025238037e-05
VAC14	0.3731162387766026	28	0.08565542846918106
VAMP7	1.472761518776121	10	0.001953125
VAPA	0.20699378489697629	25	0.14847958087921143
VAPB	0.543370184782475	26	0.006689190864562988
VARS	0.6500739022502807	28	0.0005255788564682007
VARS2	-0.7705181538772325	9	0.25
VASP	0.08712004062905775	28	0.3052256628870964
VAT1	-0.20079652135888107	28	0.7621389999985695
VAV2	1.9278146150609694	9	0.00390625
VBP1	1.6468482782708853	28	4.76837158203125e-06
VCAN	2.0593095889065736	28	9.395182132720947e-06
VCL	-0.024201914020877745	28	0.8489041775465012
VCP	0.6816965552243915	28	9.319186210632324e-05
VCPIP1	-0.021907619723795714	25	0.7711594104766846
VDAC1	0.8753592644247074	28	0.0003418475389480591
VDAC2	0.2547047004010299	28	0.07741569727659225
VDAC3	0.6369026931467179	28	0.0026621222496032715
VIL1	-0.04611743285967966	27	0.9528931677341461
VILL	-1.880676251966264	28	4.830211400985718e-05
VIM	-0.26852410435938046	28	0.01102352887392044
VIP	-1.4096515823658318	16	0.0155029296875
VIPAS39	0.09752986101305994	27	0.594396710395813
VKORC1L1	1.1075400511196412	28	0.0001353248953819275
VMA21	0.6487158913904703	5	
VMP1	0.06056913070676128	25	0.8739878535270691
VPRBP	1.4254938508983024	19	0.025821685791015625
VPS11	0.16410315392227953	8	0.1484375
VPS13C	-0.03064049292637879	28	0.7281656339764595
VPS16	0.1722711427566663	26	0.3940727114677429
VPS18	0.2504847283658007	23	0.23447084426879883
VPS25	-0.2694687300099775	28	0.18578492105007172
VPS26A	0.16746897493539234	28	0.5221440717577934
VPS26B	0.36134705332662853	19	0.8905677795410156
VPS28	0.03616870249649229	23	0.5202305316925049
VPS29	0.521920050846833	15	0.083251953125
VPS33A	1.253297728895245	15	0.0301513671875
VPS33B	1.2779966743914024	23	0.002726316452026367
VPS35	-0.1779926003679873	28	0.011838570237159729
VPS36	0.02818706250003636	8	0.546875
VPS37A	0.6892611868147044	16	0.00762939453125
VPS37B	-0.338287858096454	14	0.42626953125
VPS37C	0.42715387810846994	28	0.06623983383178711
VPS39	0.1368013684598473	13	0.7353515625
VPS41	1.414062995258401	12	0.30126953125
VPS45	-0.2985246130819616	10	0.42578125
VPS4A	-0.6018488593347574	19	0.003917694091796875
VPS4B	-0.030882087808326658	28	0.3272097110748291
VPS51	0.47552141986578933	28	0.040213532745838165
VPS52	0.09567545281274965	27	0.1414058655500412
VPS53	0.19342677613405843	15	0.27685546875
VPS8	0.03442277198448264	8	0.7421875
VRK1	0.7136370792188074	6	0.3125
VRK3	0.555964443048759	17	0.0013427734375
VTA1	0.4046837965366415	26	0.1899040937423706
VTI1A	0.18586654531133387	15	0.1353759765625
VTN	0.3944136358518565	28	0.029833190143108368
VWA1	0.4785222057736966	25	0.20993918180465698
VWA5A	-1.1611218470541425	28	1.259148120880127e-06
VWA8	-0.21907850280173685	28	0.23591722548007965
VWF	0.11513452866200455	28	0.8489041775465012
WAPAL	0.42719356158478144	21	0.1789875030517578
WARS	0.4320412418226891	28	0.07741569727659225
WAS	-0.47380288604757637	27	0.12860044836997986
WASF2	-0.2508162920499443	27	0.23857179284095764
WASH1	-0.4680869772309085	19	0.12318801879882812
WASL	-0.33144953097475255	8	0.640625
WBP11	0.42223684787495314	17	0.120208740234375
WBSCR22	1.1832992239345888	11	0.0029296875
WDFY1	1.119617212771154	22	0.0003046989440917969
WDR1	0.11122164630078252	28	0.12562106549739838
WDR11	-0.23889656061425157	22	0.4825911521911621
WDR13	0.0750780838399863	23	0.30013346672058105
WDR18	0.947179904198148	21	0.00029277801513671875
WDR26	0.05759731802673849	25	0.5964998602867126
WDR3	0.735927310536729	5	
WDR33	0.726186216220584	8	0.015625
WDR36	0.8588690807455752	15	0.083251953125
WDR37	-0.4151019886111287	28	0.6295278295874596
WDR45B	-0.6688485088211813	17	0.056884765625
WDR55	0.23300052090242904	7	0.578125
WDR61	0.662077760040157	28	0.03170907497406006
WDR70	0.9057246719086858	14	0.029541015625
WDR77	1.1767547053735365	11	0.1474609375
WDR81	0.03224033700020794	11	0.9658203125
WDR82	0.002584910726947949	16	0.860260009765625
WFDC2	-0.8356337421101688	7	0.21875
WFS1	0.7275402035330322	26	0.010185033082962036
WLS	1.162953389712652	8	0.015625
WNK4	1.2561526069192952	12	0.01220703125
WRNIP1	1.61670307186506	25	7.49826431274414e-05
XAB2	-0.07885168826001455	11	0.8310546875
XPC	1.647862942002381	20	0.0002613067626953125
XPNPEP1	0.6620153733560806	27	0.018655240535736084
XPNPEP2	0.2820353677638496	9	0.5703125
XPO1	0.7302266207342896	28	0.0005255788564682007
XPO4	1.6690068526720256	25	0.000429689884185791
XPO5	1.8200213338937647	11	0.013671875
XPO7	-0.07845175970458565	28	0.7621389999985695
XPOT	1.300963849069728	26	0.00028228759765625
XRCC1	-0.15349023453258429	8	1.0
XRCC5	0.4247851989067195	28	0.007629185914993286
XRCC6	0.5117057367156643	28	0.0003418475389480591
XRN1	1.2446223687199134	27	0.00016239285469055176
XRN2	-0.35598220468957487	27	0.08593340218067169
YAP1	-0.9293550484460358	9	0.25
YARS	0.49004447764179615	28	0.0005833879113197327
YARS2	0.8826002227054591	28	0.01025690883398056
YBX1	0.8484806857743907	28	0.02322421222925186
YBX3	0.48919003221101126	17	0.51708984375
YES1	0.9589799513770536	14	0.2957763671875
YIF1A	0.21118907188295252	7	0.6875
YIPF3	-0.03348300180754849	14	0.9031982421875
YIPF4	0.5354603386853677	22	0.0083160400390625
YKT6	0.8748072845857076	28	0.004060737788677216
YLPM1	1.1766445992486807	17	0.010986328125
YOD1	1.5548299869389102	7	0.375
YTHDC2	0.7280557952569995	24	0.029131293296813965
YTHDF3	0.5394381132776276	17	0.120208740234375
YWHAB	0.962543375266434	28	0.001416526734828949
YWHAE	0.45365550495124907	28	0.09456419944763184
YWHAG	0.34874624025057843	28	0.18578492105007172
YWHAH	-1.1512946462150273	27	0.0692269504070282
YWHAQ	0.41019717425372576	28	0.002901986241340637
YWHAZ	0.7984178678291459	28	0.00021760910749435425
ZADH2	-0.623747070131362	10	0.16015625
ZAK	-0.3069532075586572	16	0.09344482421875
ZAP70	-1.2555268691648527	5	
ZBTB7A	0.5316185385130627	25	0.09573346376419067
ZC3H12D	-0.41301116830635837	22	0.3534979820251465
ZC3H14	0.30550254697425117	19	0.7982521057128906
ZC3H15	1.3127652918950012	27	3.522634506225586e-05
ZC3H18	-1.1141072760232396	8	0.1953125
ZC3H4	0.3397916048178318	17	0.4037628173828125
ZC3H7A	0.255345872002092	11	0.3203125
ZC3HAV1	0.9000082226250234	28	0.017886914312839508
ZC3HC1	2.3756136744235	11	0.001953125
ZCCHC3	0.6934854468812761	6	0.5625
ZCCHC6	-0.8391803679130019	11	0.001953125
ZCCHC8	-0.025625807675494293	21	0.41198158264160156
ZDHHC13	1.257724566942258	13	0.339599609375
ZDHHC3	0.03736880788561052	19	0.7982521057128906
ZFAND1	-0.04845205198140967	8	0.9453125
ZFR	1.181897368388897	23	0.004338979721069336
ZFYVE16	0.636220620426389	23	0.4633810520172119
ZG16	-2.4883820687573683	23	3.337860107421875e-06
ZMPSTE24	0.391971744286168	27	0.018655240535736084
ZMYM3	-0.7279204545631995	13	0.892578125
ZMYND8	-0.04623546618262098	11	0.5771484375
ZNF207	0.7910595996654688	28	0.01362369954586029
ZNF22	0.2098172763279134	6	1.0
ZNF259	0.9546165973526718	13	0.039794921875
ZNF574	-0.33442207341350194	19	0.040130615234375
ZNF638	4.536323255370223	14	0.13525390625
ZRANB2	0.42918128388627075	18	0.7660293579101562
ZW10	0.21258171882278654	26	0.12266942858695984
ZYX	1.4591405238156059	27	4.093348979949951e-05
ZZEF1	-1.1491038885335474	25	0.0003764033317565918
